;  LST file generated by mikroListExporter - v.2.0 
; Date/Time: 5/25/2026 5:41:37 PM
;----------------------------------------------

;Address Opcode 	ASM
0x0000	0xF01AEF89  	GOTO        13586
_interrupt:
;Master.c,345 :: 		void interrupt()
0x0008	0xF017C000  	MOVFF       R0, 23
0x000C	0xF016C001  	MOVFF       R1, 22
0x0010	0xF015C002  	MOVFF       R2, 21
;Master.c,347 :: 		if ((PIE1.TMR1IE == 1) && (PIR1.TMR1IF == 1))
0x0014	0xF018CFE1  	MOVFF       FSR1L, 24
0x0018	0xF019CFE2  	MOVFF       FSR1H, 25
0x001C	0xA09D      	BTFSS       PIE1, 0 
0x001E	0xD033      	BRA         L_interrupt42
0x0020	0xA09E      	BTFSS       PIR1, 0 
0x0022	0xD031      	BRA         L_interrupt42
L__interrupt99:
;Master.c,350 :: 		PIR1.TMR1IF = 0;
0x0024	0x909E      	BCF         PIR1, 0 
;Master.c,351 :: 		if (brojac == 0x04)
0x0026	0x0101      	MOVLB       1
0x0028	0x513B      	MOVF        _brojac, 0, 1
0x002A	0x0A04      	XORLW       4
0x002C	0xE104      	BNZ         L_interrupt43
;Master.c,353 :: 		brojac = 0x00;
0x002E	0x6B3B      	CLRF        _brojac, 1
;Master.c,354 :: 		Flag1 = 0x01;
0x0030	0x0E01      	MOVLW       1
0x0032	0x6FB2      	MOVWF       _Flag1, 1
;Master.c,355 :: 		}
0x0034	0xD001      	BRA         L_interrupt44
L_interrupt43:
;Master.c,358 :: 		brojac++;
0x0036	0x2B3B      	INCF        _brojac, 1, 1
;Master.c,359 :: 		}
L_interrupt44:
;Master.c,363 :: 		if (btnCnt > 0)
0x0038	0x51B6      	MOVF        _btnCnt, 0, 1
0x003A	0x0800      	SUBLW       0
0x003C	0xE201      	BC          L_interrupt45
;Master.c,364 :: 		btnCnt--;
0x003E	0x07B6      	DECF        _btnCnt, 1, 1
L_interrupt45:
;Master.c,370 :: 		if ((ButtonInc == 1) && (btnCnt == 0))
0x0040	0xA081      	BTFSS       PORTB, 0 
0x0042	0xD00D      	BRA         L_interrupt48
0x0044	0x51B6      	MOVF        _btnCnt, 0, 1
0x0046	0x0A00      	XORLW       0
0x0048	0xE10A      	BNZ         L_interrupt48
L__interrupt98:
;Master.c,373 :: 		btnCnt = 20; // 20*25=500ms
0x004A	0x0E14      	MOVLW       20
0x004C	0x6FB6      	MOVWF       _btnCnt, 1
;Master.c,374 :: 		updateLCDFlag = 1;
0x004E	0x0E01      	MOVLW       1
0x0050	0x6FB7      	MOVWF       _updateLCDFlag, 1
;Master.c,375 :: 		if (cntDisp >= 20)
0x0052	0x0E14      	MOVLW       20
0x0054	0x5DB1      	SUBWF       _cntDisp, 0, 1
0x0056	0xE302      	BNC         L_interrupt49
;Master.c,377 :: 		cntDisp = 0;
0x0058	0x6BB1      	CLRF        _cntDisp, 1
;Master.c,378 :: 		}
0x005A	0xD001      	BRA         L_interrupt50
L_interrupt49:
;Master.c,381 :: 		cntDisp++;
0x005C	0x2BB1      	INCF        _cntDisp, 1, 1
;Master.c,382 :: 		}
L_interrupt50:
;Master.c,383 :: 		}
L_interrupt48:
;Master.c,386 :: 		if ((ButtonDec == 1) && (btnCnt == 0))
0x005E	0xA281      	BTFSS       PORTB, 1 
0x0060	0xD00E      	BRA         L_interrupt53
0x0062	0x51B6      	MOVF        _btnCnt, 0, 1
0x0064	0x0A00      	XORLW       0
0x0066	0xE10B      	BNZ         L_interrupt53
L__interrupt97:
;Master.c,389 :: 		btnCnt = 20; // 20*25=500ms
0x0068	0x0E14      	MOVLW       20
0x006A	0x6FB6      	MOVWF       _btnCnt, 1
;Master.c,390 :: 		updateLCDFlag = 1;
0x006C	0x0E01      	MOVLW       1
0x006E	0x6FB7      	MOVWF       _updateLCDFlag, 1
;Master.c,391 :: 		if (cntDisp == 0)
0x0070	0x51B1      	MOVF        _cntDisp, 0, 1
0x0072	0x0A00      	XORLW       0
0x0074	0xE103      	BNZ         L_interrupt54
;Master.c,393 :: 		cntDisp = 20;
0x0076	0x0E14      	MOVLW       20
0x0078	0x6FB1      	MOVWF       _cntDisp, 1
;Master.c,394 :: 		}
0x007A	0xD001      	BRA         L_interrupt55
L_interrupt54:
;Master.c,397 :: 		cntDisp--;
0x007C	0x07B1      	DECF        _cntDisp, 1, 1
;Master.c,398 :: 		}
L_interrupt55:
;Master.c,399 :: 		}
L_interrupt53:
;Master.c,407 :: 		TMR1L = 0xB5;
0x007E	0x0EB5      	MOVLW       181
0x0080	0x6ECE      	MOVWF       TMR1L 
;Master.c,408 :: 		TMR1H = 0xB3; /// reset tajmera
0x0082	0x0EB3      	MOVLW       179
0x0084	0x6ECF      	MOVWF       TMR1H 
;Master.c,409 :: 		}
L_interrupt42:
;Master.c,411 :: 		if ((PIE1.RCIE) && (PIR1.RCIF))
0x0086	0xAA9D      	BTFSS       PIE1, 5 
0x0088	0xD03D      	BRA         L_interrupt58
0x008A	0xAA9E      	BTFSS       PIR1, 5 
0x008C	0xD03B      	BRA         L_interrupt58
L__interrupt96:
;Master.c,414 :: 		PIR1.RCIF = 0; // Recieve flag na 0
0x008E	0x9A9E      	BCF         PIR1, 5 
;Master.c,415 :: 		ch = RCREG;    // prima se bajt preko UART-a
0x0090	0xF002CFAE  	MOVFF       RCREG, R2
;Master.c,417 :: 		switch (ByteID)
0x0094	0xD02C      	BRA         L_interrupt59
;Master.c,419 :: 		case BYTE_ID_IDLE:
L_interrupt61:
;Master.c,420 :: 		break;
0x0096	0xD036      	BRA         L_interrupt60
;Master.c,421 :: 		case BYTE_ID_CMD_BYTE:
L_interrupt62:
;Master.c,422 :: 		if ((ch & CMD_TYPE_MASK) == STATUS_CODE)
0x0098	0x0EE0      	MOVLW       224
0x009A	0x1402      	ANDWF       R2, 0 
0x009C	0x6E01      	MOVWF       R1 
0x009E	0x5001      	MOVF        R1, 0 
0x00A0	0x0A20      	XORLW       32
0x00A2	0xE115      	BNZ         L_interrupt63
;Master.c,424 :: 		if ((ch & CMD_ID_MASK) == SLAVE_ID)
0x00A4	0x0E0F      	MOVLW       15
0x00A6	0x1402      	ANDWF       R2, 0 
0x00A8	0x6E01      	MOVWF       R1 
0x00AA	0x5001      	MOVF        R1, 0 
0x00AC	0x198F      	XORWF       _SLAVE_ID, 0, 1
0x00AE	0xE10D      	BNZ         L_interrupt64
;Master.c,426 :: 		Comm[SLAVE_ID] = 1;
0x00B0	0x0EA0      	MOVLW       _Comm
0x00B2	0x6EE1      	MOVWF       FSR1L 
0x00B4	0x0E01      	MOVLW       hi_addr(_Comm)
0x00B6	0x6EE2      	MOVWF       FSR1H 
0x00B8	0x518F      	MOVF        _SLAVE_ID, 0, 1
0x00BA	0x26E1      	ADDWF       FSR1L, 1 
0x00BC	0xB0D8      	BTFSC       STATUS, 0 
0x00BE	0x2AE2      	INCF        FSR1H, 1 
0x00C0	0x0E01      	MOVLW       1
0x00C2	0x6EE6      	MOVWF       POSTINC1 
;Master.c,427 :: 		ByteID = BYTE_ID_STATUS_BYTE;
0x00C4	0x0E01      	MOVLW       1
0x00C6	0x6FB3      	MOVWF       _ByteID, 1
;Master.c,428 :: 		}
0x00C8	0xD001      	BRA         L_interrupt65
L_interrupt64:
;Master.c,431 :: 		ByteID = BYTE_ID_IDLE;
0x00CA	0x6BB3      	CLRF        _ByteID, 1
;Master.c,432 :: 		}
L_interrupt65:
;Master.c,433 :: 		}
0x00CC	0xD001      	BRA         L_interrupt66
L_interrupt63:
;Master.c,436 :: 		ByteID = BYTE_ID_IDLE;
0x00CE	0x6BB3      	CLRF        _ByteID, 1
;Master.c,437 :: 		}
L_interrupt66:
;Master.c,438 :: 		break;
0x00D0	0xD019      	BRA         L_interrupt60
;Master.c,439 :: 		case BYTE_ID_STATUS_BYTE:
L_interrupt67:
;Master.c,440 :: 		Status1[SLAVE_ID] = ch; // SWAM0000
0x00D2	0x0E90      	MOVLW       _Status1
0x00D4	0x6EE1      	MOVWF       FSR1L 
0x00D6	0x0E01      	MOVLW       hi_addr(_Status1)
0x00D8	0x6EE2      	MOVWF       FSR1H 
0x00DA	0x518F      	MOVF        _SLAVE_ID, 0, 1
0x00DC	0x26E1      	ADDWF       FSR1L, 1 
0x00DE	0xB0D8      	BTFSC       STATUS, 0 
0x00E0	0x2AE2      	INCF        FSR1H, 1 
0x00E2	0xFFE6C002  	MOVFF       R2, POSTINC1
;Master.c,441 :: 		ByteID = BYTE_ID_IDLE;
0x00E6	0x6BB3      	CLRF        _ByteID, 1
;Master.c,442 :: 		break;
0x00E8	0xD00D      	BRA         L_interrupt60
;Master.c,443 :: 		default:
L_interrupt68:
;Master.c,444 :: 		ByteID = BYTE_ID_IDLE;
0x00EA	0x6BB3      	CLRF        _ByteID, 1
;Master.c,445 :: 		break;
0x00EC	0xD00B      	BRA         L_interrupt60
;Master.c,446 :: 		}
L_interrupt59:
0x00EE	0x0101      	MOVLB       1
0x00F0	0x51B3      	MOVF        _ByteID, 0, 1
0x00F2	0x0A00      	XORLW       0
0x00F4	0xE0D0      	BZ          L_interrupt61
0x00F6	0x51B3      	MOVF        _ByteID, 0, 1
0x00F8	0x0A02      	XORLW       2
0x00FA	0xE0CE      	BZ          L_interrupt62
0x00FC	0x51B3      	MOVF        _ByteID, 0, 1
0x00FE	0x0A01      	XORLW       1
0x0100	0xE0E8      	BZ          L_interrupt67
0x0102	0xD7F3      	BRA         L_interrupt68
L_interrupt60:
;Master.c,447 :: 		}
L_interrupt58:
;Master.c,448 :: 		}
L__interrupt104:
0x0104	0xF000C017  	MOVFF       23, R0
0x0108	0xF001C016  	MOVFF       22, R1
0x010C	0xF002C015  	MOVFF       21, R2
0x0110	0xFFE1C018  	MOVFF       24, FSR1L
0x0114	0xFFE2C019  	MOVFF       25, FSR1H
0x0118	0x0011      	RETFIE      1
; end of _interrupt
_SPI1_Read:
;__Lib_SPI_c345.c,67 :: 		
;__Lib_SPI_c345.c,68 :: 		
0x011A	0xFFC9C334  	MOVFF       FARG_SPI1_Read_buffer, SSPBUF
;__Lib_SPI_c345.c,69 :: 		
L_SPI1_Read6:
0x011E	0xB0C7      	BTFSC       SSPSTAT, 0 
0x0120	0xD002      	BRA         L_SPI1_Read7
;__Lib_SPI_c345.c,70 :: 		
0x0122	0x0000      	NOP
0x0124	0xD7FC      	BRA         L_SPI1_Read6
L_SPI1_Read7:
;__Lib_SPI_c345.c,71 :: 		
0x0126	0xF000CFC9  	MOVFF       SSPBUF, R0
;__Lib_SPI_c345.c,72 :: 		
L_end_SPI1_Read:
0x012A	0x0012      	RETURN      0
; end of _SPI1_Read
_____DoIFC:
;__Lib_System.c,93 :: 		
;__Lib_System.c,94 :: 		
0x012C	0x50F2      	MOVF        INTCON, 0, 0
;__Lib_System.c,95 :: 		
0x012E	0x6E02      	MOVWF       R2, higher_addr(_CC2D_Loop1)
;__Lib_System.c,96 :: 		
0x0130	0x9EF2      	BCF         INTCON, 7 
;__Lib_System.c,97 :: 		
0x0132	0x0005      	PUSH
;__Lib_System.c,98 :: 		
0x0134	0x6AFF      	CLRF        TOSU, higher_addr(_CC2D_Loop1)
;__Lib_System.c,99 :: 		
0x0136	0x5001      	MOVF        R1, 0, 0
;__Lib_System.c,100 :: 		
0x0138	0x6EFE      	MOVWF       TOSH, higher_addr(_CC2D_Loop1)
;__Lib_System.c,101 :: 		
0x013A	0x5000      	MOVF        R0, 0, 0
;__Lib_System.c,102 :: 		
0x013C	0x6EFD      	MOVWF       TOSL, higher_addr(_CC2D_Loop1)
;__Lib_System.c,103 :: 		
0x013E	0xBE02      	BTFSC       R2, 7, 0
;__Lib_System.c,104 :: 		
0x0140	0x8EF2      	BSF         INTCON, 7, 0
;__Lib_System.c,105 :: 		
;__Lib_System.c,107 :: 		
L_end_____DoIFC:
0x0142	0x0012      	RETURN      0
; end of _____DoIFC
_SPI_Ethernet_writeAddr:
;__Lib_EthEnc28j60.c,2875 :: 		
;__Lib_EthEnc28j60.c,2877 :: 		
0x0144	0x9080      	BCF         SPI_Ethernet_CS, BitPos(SPI_Ethernet_CS+0) 
;__Lib_EthEnc28j60.c,2878 :: 		
0x0146	0x0E40      	MOVLW       64
0x0148	0x0103      	MOVLB       3
0x014A	0x1131      	IORWF       FARG_SPI_Ethernet_writeAddr_addr, 0, 1
0x014C	0x6E00      	MOVWF       R0 
0x014E	0xFFE1C106  	MOVFF       _SPI_Rd_Ptr+2, FSR1L
0x0152	0xFFE2C107  	MOVFF       _SPI_Rd_Ptr+3, FSR1H
0x0156	0xFFE6C000  	MOVFF       R0, POSTINC1
0x015A	0xF000C104  	MOVFF       _SPI_Rd_Ptr, R0
0x015E	0xF001C105  	MOVFF       _SPI_Rd_Ptr+1, R1
0x0162	0xDFE4      	RCALL       _____DoIFC
;__Lib_EthEnc28j60.c,2879 :: 		
0x0164	0xFFE1C106  	MOVFF       _SPI_Rd_Ptr+2, FSR1L
0x0168	0xFFE2C107  	MOVFF       _SPI_Rd_Ptr+3, FSR1H
0x016C	0xFFE6C332  	MOVFF       FARG_SPI_Ethernet_writeAddr_v, POSTINC1
0x0170	0xF000C104  	MOVFF       _SPI_Rd_Ptr, R0
0x0174	0xF001C105  	MOVFF       _SPI_Rd_Ptr+1, R1
0x0178	0xDFD9      	RCALL       _____DoIFC
;__Lib_EthEnc28j60.c,2880 :: 		
0x017A	0xFFE1C106  	MOVFF       _SPI_Rd_Ptr+2, FSR1L
0x017E	0xFFE2C107  	MOVFF       _SPI_Rd_Ptr+3, FSR1H
0x0182	0xFFE6C333  	MOVFF       FARG_SPI_Ethernet_writeAddr_v+1, POSTINC1
0x0186	0xF000C104  	MOVFF       _SPI_Rd_Ptr, R0
0x018A	0xF001C105  	MOVFF       _SPI_Rd_Ptr+1, R1
0x018E	0xDFCE      	RCALL       _____DoIFC
;__Lib_EthEnc28j60.c,2881 :: 		
0x0190	0x8080      	BSF         SPI_Ethernet_CS, BitPos(SPI_Ethernet_CS+0) 
;__Lib_EthEnc28j60.c,2882 :: 		
L_end_SPI_Ethernet_writeAddr:
0x0192	0x0012      	RETURN      0
; end of _SPI_Ethernet_writeAddr
_SPI_Ethernet_writeMem:
;__Lib_EthEnc28j60.c,2632 :: 		
;__Lib_EthEnc28j60.c,2634 :: 		
0x0194	0x0E02      	MOVLW       2
0x0196	0x0103      	MOVLB       3
0x0198	0x6F31      	MOVWF       FARG_SPI_Ethernet_writeAddr_addr, 1
0x019A	0xF332C32E  	MOVFF       FARG_SPI_Ethernet_writeMem_addr, FARG_SPI_Ethernet_writeAddr_v
0x019E	0xF333C32F  	MOVFF       FARG_SPI_Ethernet_writeMem_addr+1, FARG_SPI_Ethernet_writeAddr_v+1
0x01A2	0xDFD0      	RCALL       _SPI_Ethernet_writeAddr
;__Lib_EthEnc28j60.c,2636 :: 		
0x01A4	0x9080      	BCF         SPI_Ethernet_CS, BitPos(SPI_Ethernet_CS+0) 
;__Lib_EthEnc28j60.c,2637 :: 		
0x01A6	0xFFE1C106  	MOVFF       _SPI_Rd_Ptr+2, FSR1L
0x01AA	0xFFE2C107  	MOVFF       _SPI_Rd_Ptr+3, FSR1H
0x01AE	0x0E7A      	MOVLW       122
0x01B0	0x6EE6      	MOVWF       POSTINC1 
0x01B2	0xF000C104  	MOVFF       _SPI_Rd_Ptr, R0
0x01B6	0xF001C105  	MOVFF       _SPI_Rd_Ptr+1, R1
0x01BA	0xDFB8      	RCALL       _____DoIFC
;__Lib_EthEnc28j60.c,2638 :: 		
0x01BC	0xFFE1C106  	MOVFF       _SPI_Rd_Ptr+2, FSR1L
0x01C0	0xFFE2C107  	MOVFF       _SPI_Rd_Ptr+3, FSR1H
0x01C4	0xFFE6C330  	MOVFF       FARG_SPI_Ethernet_writeMem_v1, POSTINC1
0x01C8	0xF000C104  	MOVFF       _SPI_Rd_Ptr, R0
0x01CC	0xF001C105  	MOVFF       _SPI_Rd_Ptr+1, R1
0x01D0	0xDFAD      	RCALL       _____DoIFC
;__Lib_EthEnc28j60.c,2639 :: 		
0x01D2	0x8080      	BSF         SPI_Ethernet_CS, BitPos(SPI_Ethernet_CS+0) 
;__Lib_EthEnc28j60.c,2640 :: 		
L_end_SPI_Ethernet_writeMem:
0x01D4	0x0012      	RETURN      0
; end of _SPI_Ethernet_writeMem
_SPI_Ethernet_readReg:
;__Lib_EthEnc28j60.c,2796 :: 		
;__Lib_EthEnc28j60.c,2800 :: 		
0x01D6	0x9080      	BCF         SPI_Ethernet_CS, BitPos(SPI_Ethernet_CS+0) 
;__Lib_EthEnc28j60.c,2801 :: 		
0x01D8	0xFFE1C106  	MOVFF       _SPI_Rd_Ptr+2, FSR1L
0x01DC	0xFFE2C107  	MOVFF       _SPI_Rd_Ptr+3, FSR1H
0x01E0	0xFFE6C32E  	MOVFF       FARG_SPI_Ethernet_readReg_addr, POSTINC1
0x01E4	0xF000C104  	MOVFF       _SPI_Rd_Ptr, R0
0x01E8	0xF001C105  	MOVFF       _SPI_Rd_Ptr+1, R1
0x01EC	0xDF9F      	RCALL       _____DoIFC
;__Lib_EthEnc28j60.c,2802 :: 		
0x01EE	0xFFE1C106  	MOVFF       _SPI_Rd_Ptr+2, FSR1L
0x01F2	0xFFE2C107  	MOVFF       _SPI_Rd_Ptr+3, FSR1H
0x01F6	0x6AE6      	CLRF        POSTINC1 
0x01F8	0xF000C104  	MOVFF       _SPI_Rd_Ptr, R0
0x01FC	0xF001C105  	MOVFF       _SPI_Rd_Ptr+1, R1
0x0200	0xDF95      	RCALL       _____DoIFC
;__Lib_EthEnc28j60.c,2803 :: 		
0x0202	0x8080      	BSF         SPI_Ethernet_CS, BitPos(SPI_Ethernet_CS+0) 
;__Lib_EthEnc28j60.c,2804 :: 		
;__Lib_EthEnc28j60.c,2805 :: 		
L_end_SPI_Ethernet_readReg:
0x0204	0x0012      	RETURN      0
; end of _SPI_Ethernet_readReg
_SPI_Ethernet_putByte:
;__Lib_EthEnc28j60.c,2661 :: 		
;__Lib_EthEnc28j60.c,2663 :: 		
0x0206	0x9080      	BCF         SPI_Ethernet_CS, BitPos(SPI_Ethernet_CS+0) 
;__Lib_EthEnc28j60.c,2664 :: 		
0x0208	0xFFE1C106  	MOVFF       _SPI_Rd_Ptr+2, FSR1L
0x020C	0xFFE2C107  	MOVFF       _SPI_Rd_Ptr+3, FSR1H
0x0210	0x0E7A      	MOVLW       122
0x0212	0x6EE6      	MOVWF       POSTINC1 
0x0214	0xF000C104  	MOVFF       _SPI_Rd_Ptr, R0
0x0218	0xF001C105  	MOVFF       _SPI_Rd_Ptr+1, R1
0x021C	0xDF87      	RCALL       _____DoIFC
;__Lib_EthEnc28j60.c,2665 :: 		
0x021E	0xFFE1C106  	MOVFF       _SPI_Rd_Ptr+2, FSR1L
0x0222	0xFFE2C107  	MOVFF       _SPI_Rd_Ptr+3, FSR1H
0x0226	0xFFE6C32E  	MOVFF       FARG_SPI_Ethernet_putByte_v, POSTINC1
0x022A	0xF000C104  	MOVFF       _SPI_Rd_Ptr, R0
0x022E	0xF001C105  	MOVFF       _SPI_Rd_Ptr+1, R1
0x0232	0xDF7C      	RCALL       _____DoIFC
;__Lib_EthEnc28j60.c,2666 :: 		
0x0234	0x8080      	BSF         SPI_Ethernet_CS, BitPos(SPI_Ethernet_CS+0) 
;__Lib_EthEnc28j60.c,2667 :: 		
L_end_SPI_Ethernet_putByte:
0x0236	0x0012      	RETURN      0
; end of _SPI_Ethernet_putByte
_SPI_Ethernet_clearBitReg:
;__Lib_EthEnc28j60.c,2856 :: 		
;__Lib_EthEnc28j60.c,2858 :: 		
0x0238	0x9080      	BCF         SPI_Ethernet_CS, BitPos(SPI_Ethernet_CS+0) 
;__Lib_EthEnc28j60.c,2859 :: 		
0x023A	0x0EA0      	MOVLW       160
0x023C	0x0103      	MOVLB       3
0x023E	0x112E      	IORWF       FARG_SPI_Ethernet_clearBitReg_addr, 0, 1
0x0240	0x6E00      	MOVWF       R0 
0x0242	0xFFE1C106  	MOVFF       _SPI_Rd_Ptr+2, FSR1L
0x0246	0xFFE2C107  	MOVFF       _SPI_Rd_Ptr+3, FSR1H
0x024A	0xFFE6C000  	MOVFF       R0, POSTINC1
0x024E	0xF000C104  	MOVFF       _SPI_Rd_Ptr, R0
0x0252	0xF001C105  	MOVFF       _SPI_Rd_Ptr+1, R1
0x0256	0xDF6A      	RCALL       _____DoIFC
;__Lib_EthEnc28j60.c,2860 :: 		
0x0258	0xFFE1C106  	MOVFF       _SPI_Rd_Ptr+2, FSR1L
0x025C	0xFFE2C107  	MOVFF       _SPI_Rd_Ptr+3, FSR1H
0x0260	0xFFE6C32F  	MOVFF       FARG_SPI_Ethernet_clearBitReg_mask, POSTINC1
0x0264	0xF000C104  	MOVFF       _SPI_Rd_Ptr, R0
0x0268	0xF001C105  	MOVFF       _SPI_Rd_Ptr+1, R1
0x026C	0xDF5F      	RCALL       _____DoIFC
;__Lib_EthEnc28j60.c,2861 :: 		
0x026E	0x8080      	BSF         SPI_Ethernet_CS, BitPos(SPI_Ethernet_CS+0) 
;__Lib_EthEnc28j60.c,2862 :: 		
L_end_SPI_Ethernet_clearBitReg:
0x0270	0x0012      	RETURN      0
; end of _SPI_Ethernet_clearBitReg
_SPI_Ethernet_readMem:
;__Lib_EthEnc28j60.c,2772 :: 		
;__Lib_EthEnc28j60.c,2776 :: 		
0x0272	0x0103      	MOVLB       3
0x0274	0x6B31      	CLRF        FARG_SPI_Ethernet_writeAddr_addr, 1
0x0276	0xF332C32E  	MOVFF       FARG_SPI_Ethernet_readMem_addr, FARG_SPI_Ethernet_writeAddr_v
0x027A	0xF333C32F  	MOVFF       FARG_SPI_Ethernet_readMem_addr+1, FARG_SPI_Ethernet_writeAddr_v+1
0x027E	0xDF62      	RCALL       _SPI_Ethernet_writeAddr
;__Lib_EthEnc28j60.c,2778 :: 		
0x0280	0x9080      	BCF         SPI_Ethernet_CS, BitPos(SPI_Ethernet_CS+0) 
;__Lib_EthEnc28j60.c,2779 :: 		
0x0282	0xFFE1C106  	MOVFF       _SPI_Rd_Ptr+2, FSR1L
0x0286	0xFFE2C107  	MOVFF       _SPI_Rd_Ptr+3, FSR1H
0x028A	0x0E3A      	MOVLW       58
0x028C	0x6EE6      	MOVWF       POSTINC1 
0x028E	0xF000C104  	MOVFF       _SPI_Rd_Ptr, R0
0x0292	0xF001C105  	MOVFF       _SPI_Rd_Ptr+1, R1
0x0296	0xDF4A      	RCALL       _____DoIFC
;__Lib_EthEnc28j60.c,2780 :: 		
0x0298	0xFFE1C106  	MOVFF       _SPI_Rd_Ptr+2, FSR1L
0x029C	0xFFE2C107  	MOVFF       _SPI_Rd_Ptr+3, FSR1H
0x02A0	0x6AE6      	CLRF        POSTINC1 
0x02A2	0xF000C104  	MOVFF       _SPI_Rd_Ptr, R0
0x02A6	0xF001C105  	MOVFF       _SPI_Rd_Ptr+1, R1
0x02AA	0xDF40      	RCALL       _____DoIFC
;__Lib_EthEnc28j60.c,2781 :: 		
0x02AC	0x8080      	BSF         SPI_Ethernet_CS, BitPos(SPI_Ethernet_CS+0) 
;__Lib_EthEnc28j60.c,2783 :: 		
;__Lib_EthEnc28j60.c,2784 :: 		
L_end_SPI_Ethernet_readMem:
0x02AE	0x0012      	RETURN      0
; end of _SPI_Ethernet_readMem
_SPI_Ethernet_setBitReg:
;__Lib_EthEnc28j60.c,2837 :: 		
;__Lib_EthEnc28j60.c,2839 :: 		
0x02B0	0x9080      	BCF         SPI_Ethernet_CS, BitPos(SPI_Ethernet_CS+0) 
;__Lib_EthEnc28j60.c,2840 :: 		
0x02B2	0x0E80      	MOVLW       128
0x02B4	0x0103      	MOVLB       3
0x02B6	0x112E      	IORWF       FARG_SPI_Ethernet_setBitReg_addr, 0, 1
0x02B8	0x6E00      	MOVWF       R0 
0x02BA	0xFFE1C106  	MOVFF       _SPI_Rd_Ptr+2, FSR1L
0x02BE	0xFFE2C107  	MOVFF       _SPI_Rd_Ptr+3, FSR1H
0x02C2	0xFFE6C000  	MOVFF       R0, POSTINC1
0x02C6	0xF000C104  	MOVFF       _SPI_Rd_Ptr, R0
0x02CA	0xF001C105  	MOVFF       _SPI_Rd_Ptr+1, R1
0x02CE	0xDF2E      	RCALL       _____DoIFC
;__Lib_EthEnc28j60.c,2841 :: 		
0x02D0	0xFFE1C106  	MOVFF       _SPI_Rd_Ptr+2, FSR1L
0x02D4	0xFFE2C107  	MOVFF       _SPI_Rd_Ptr+3, FSR1H
0x02D8	0xFFE6C32F  	MOVFF       FARG_SPI_Ethernet_setBitReg_mask, POSTINC1
0x02DC	0xF000C104  	MOVFF       _SPI_Rd_Ptr, R0
0x02E0	0xF001C105  	MOVFF       _SPI_Rd_Ptr+1, R1
0x02E4	0xDF23      	RCALL       _____DoIFC
;__Lib_EthEnc28j60.c,2842 :: 		
0x02E6	0x8080      	BSF         SPI_Ethernet_CS, BitPos(SPI_Ethernet_CS+0) 
;__Lib_EthEnc28j60.c,2843 :: 		
L_end_SPI_Ethernet_setBitReg:
0x02E8	0x0012      	RETURN      0
; end of _SPI_Ethernet_setBitReg
_SPI_Ethernet_memcpy:
;__Lib_EthEnc28j60.c,2599 :: 		
;__Lib_EthEnc28j60.c,2601 :: 		
0x02EA	0x0E02      	MOVLW       2
0x02EC	0x0103      	MOVLB       3
0x02EE	0x6F31      	MOVWF       FARG_SPI_Ethernet_writeAddr_addr, 1
0x02F0	0xF332C324  	MOVFF       FARG_SPI_Ethernet_memcpy_addr, FARG_SPI_Ethernet_writeAddr_v
0x02F4	0xF333C325  	MOVFF       FARG_SPI_Ethernet_memcpy_addr+1, FARG_SPI_Ethernet_writeAddr_v+1
0x02F8	0xDF25      	RCALL       _SPI_Ethernet_writeAddr
;__Lib_EthEnc28j60.c,2603 :: 		
0x02FA	0x9080      	BCF         SPI_Ethernet_CS, BitPos(SPI_Ethernet_CS+0) 
;__Lib_EthEnc28j60.c,2604 :: 		
0x02FC	0xFFE1C106  	MOVFF       _SPI_Rd_Ptr+2, FSR1L
0x0300	0xFFE2C107  	MOVFF       _SPI_Rd_Ptr+3, FSR1H
0x0304	0x0E7A      	MOVLW       122
0x0306	0x6EE6      	MOVWF       POSTINC1 
0x0308	0xF000C104  	MOVFF       _SPI_Rd_Ptr, R0
0x030C	0xF001C105  	MOVFF       _SPI_Rd_Ptr+1, R1
0x0310	0xDF0D      	RCALL       _____DoIFC
;__Lib_EthEnc28j60.c,2605 :: 		
L_SPI_Ethernet_memcpy256:
0x0312	0x0103      	MOVLB       3
0x0314	0x5128      	MOVF        FARG_SPI_Ethernet_memcpy_l, 0, 1
0x0316	0x1129      	IORWF       FARG_SPI_Ethernet_memcpy_l+1, 0, 1
0x0318	0xE017      	BZ          L_SPI_Ethernet_memcpy257
;__Lib_EthEnc28j60.c,2607 :: 		
0x031A	0xFFE1C106  	MOVFF       _SPI_Rd_Ptr+2, FSR1L
0x031E	0xFFE2C107  	MOVFF       _SPI_Rd_Ptr+3, FSR1H
0x0322	0xFFE9C326  	MOVFF       FARG_SPI_Ethernet_memcpy_s, FSR0L
0x0326	0xFFEAC327  	MOVFF       FARG_SPI_Ethernet_memcpy_s+1, FSR0H
0x032A	0xFFE6CFEE  	MOVFF       POSTINC0, POSTINC1
0x032E	0xF000C104  	MOVFF       _SPI_Rd_Ptr, R0
0x0332	0xF001C105  	MOVFF       _SPI_Rd_Ptr+1, R1
0x0336	0xDEFA      	RCALL       _____DoIFC
;__Lib_EthEnc28j60.c,2608 :: 		
0x0338	0x0103      	MOVLB       3
0x033A	0x4B26      	INFSNZ      FARG_SPI_Ethernet_memcpy_s, 1, 1
0x033C	0x2B27      	INCF        FARG_SPI_Ethernet_memcpy_s+1, 1, 1
;__Lib_EthEnc28j60.c,2609 :: 		
0x033E	0x0E01      	MOVLW       1
0x0340	0x5F28      	SUBWF       FARG_SPI_Ethernet_memcpy_l, 1, 1
0x0342	0x0E00      	MOVLW       0
0x0344	0x5B29      	SUBWFB      FARG_SPI_Ethernet_memcpy_l+1, 1, 1
;__Lib_EthEnc28j60.c,2610 :: 		
0x0346	0xD7E5      	BRA         L_SPI_Ethernet_memcpy256
L_SPI_Ethernet_memcpy257:
;__Lib_EthEnc28j60.c,2611 :: 		
0x0348	0x8080      	BSF         SPI_Ethernet_CS, BitPos(SPI_Ethernet_CS+0) 
;__Lib_EthEnc28j60.c,2612 :: 		
L_end_SPI_Ethernet_memcpy:
0x034A	0x0012      	RETURN      0
; end of _SPI_Ethernet_memcpy
_SPI_Ethernet_putBytes:
;__Lib_EthEnc28j60.c,2680 :: 		
;__Lib_EthEnc28j60.c,2682 :: 		
0x034C	0x9080      	BCF         SPI_Ethernet_CS, BitPos(SPI_Ethernet_CS+0) 
;__Lib_EthEnc28j60.c,2683 :: 		
0x034E	0xFFE1C106  	MOVFF       _SPI_Rd_Ptr+2, FSR1L
0x0352	0xFFE2C107  	MOVFF       _SPI_Rd_Ptr+3, FSR1H
0x0356	0x0E7A      	MOVLW       122
0x0358	0x6EE6      	MOVWF       POSTINC1 
0x035A	0xF000C104  	MOVFF       _SPI_Rd_Ptr, R0
0x035E	0xF001C105  	MOVFF       _SPI_Rd_Ptr+1, R1
0x0362	0xDEE4      	RCALL       _____DoIFC
;__Lib_EthEnc28j60.c,2684 :: 		
L_SPI_Ethernet_putBytes258:
0x0364	0xF000C326  	MOVFF       FARG_SPI_Ethernet_putBytes_n, R0
0x0368	0xF001C327  	MOVFF       FARG_SPI_Ethernet_putBytes_n+1, R1
0x036C	0x0E01      	MOVLW       1
0x036E	0x0103      	MOVLB       3
0x0370	0x5F26      	SUBWF       FARG_SPI_Ethernet_putBytes_n, 1, 1
0x0372	0x0E00      	MOVLW       0
0x0374	0x5B27      	SUBWFB      FARG_SPI_Ethernet_putBytes_n+1, 1, 1
0x0376	0x5000      	MOVF        R0, 0 
0x0378	0x1001      	IORWF       R1, 0 
0x037A	0xE013      	BZ          L_SPI_Ethernet_putBytes259
;__Lib_EthEnc28j60.c,2686 :: 		
0x037C	0xFFE1C106  	MOVFF       _SPI_Rd_Ptr+2, FSR1L
0x0380	0xFFE2C107  	MOVFF       _SPI_Rd_Ptr+3, FSR1H
0x0384	0xFFE9C324  	MOVFF       FARG_SPI_Ethernet_putBytes_ptr, FSR0L
0x0388	0xFFEAC325  	MOVFF       FARG_SPI_Ethernet_putBytes_ptr+1, FSR0H
0x038C	0xFFE6CFEE  	MOVFF       POSTINC0, POSTINC1
0x0390	0xF000C104  	MOVFF       _SPI_Rd_Ptr, R0
0x0394	0xF001C105  	MOVFF       _SPI_Rd_Ptr+1, R1
0x0398	0xDEC9      	RCALL       _____DoIFC
0x039A	0x0103      	MOVLB       3
0x039C	0x4B24      	INFSNZ      FARG_SPI_Ethernet_putBytes_ptr, 1, 1
0x039E	0x2B25      	INCF        FARG_SPI_Ethernet_putBytes_ptr+1, 1, 1
;__Lib_EthEnc28j60.c,2687 :: 		
0x03A0	0xD7E1      	BRA         L_SPI_Ethernet_putBytes258
L_SPI_Ethernet_putBytes259:
;__Lib_EthEnc28j60.c,2688 :: 		
0x03A2	0x8080      	BSF         SPI_Ethernet_CS, BitPos(SPI_Ethernet_CS+0) 
;__Lib_EthEnc28j60.c,2689 :: 		
L_end_SPI_Ethernet_putBytes:
0x03A4	0x0012      	RETURN      0
; end of _SPI_Ethernet_putBytes
_memcpy:
;__Lib_CString.c,44 :: 		
;__Lib_CString.c,48 :: 		
0x03A6	0xF004C326  	MOVFF       FARG_memcpy_s1, R4
0x03AA	0xF005C327  	MOVFF       FARG_memcpy_s1+1, R5
;__Lib_CString.c,49 :: 		
0x03AE	0xF002C324  	MOVFF       FARG_memcpy_d1, R2
0x03B2	0xF003C325  	MOVFF       FARG_memcpy_d1+1, R3
;__Lib_CString.c,50 :: 		
L_memcpy7:
0x03B6	0xF000C328  	MOVFF       FARG_memcpy_n, R0
0x03BA	0xF001C329  	MOVFF       FARG_memcpy_n+1, R1
0x03BE	0x0E01      	MOVLW       1
0x03C0	0x0103      	MOVLB       3
0x03C2	0x5F28      	SUBWF       FARG_memcpy_n, 1, 1
0x03C4	0x0E00      	MOVLW       0
0x03C6	0x5B29      	SUBWFB      FARG_memcpy_n+1, 1, 1
0x03C8	0x5000      	MOVF        R0, 0 
0x03CA	0x1001      	IORWF       R1, 0 
0x03CC	0xE00F      	BZ          L_memcpy8
;__Lib_CString.c,51 :: 		
0x03CE	0xFFE9C004  	MOVFF       R4, FSR0L
0x03D2	0xFFEAC005  	MOVFF       R5, FSR0H
0x03D6	0xFFE1C002  	MOVFF       R2, FSR1L
0x03DA	0xFFE2C003  	MOVFF       R3, FSR1H
0x03DE	0xFFE6CFEE  	MOVFF       POSTINC0, POSTINC1
0x03E2	0x4A02      	INFSNZ      R2, 1 
0x03E4	0x2A03      	INCF        R3, 1 
0x03E6	0x4A04      	INFSNZ      R4, 1 
0x03E8	0x2A05      	INCF        R5, 1 
0x03EA	0xD7E5      	BRA         L_memcpy7
L_memcpy8:
;__Lib_CString.c,53 :: 		
0x03EC	0xF000C324  	MOVFF       FARG_memcpy_d1, R0
0x03F0	0xF001C325  	MOVFF       FARG_memcpy_d1+1, R1
;__Lib_CString.c,54 :: 		
L_end_memcpy:
0x03F4	0x0012      	RETURN      0
; end of _memcpy
_SPI_Ethernet_TXpacket:
;__Lib_EthEnc28j60.c,2390 :: 		
;__Lib_EthEnc28j60.c,2394 :: 		
0x03F6	0x0EAE      	MOVLW       174
0x03F8	0x0103      	MOVLB       3
0x03FA	0x6F2E      	MOVWF       FARG_SPI_Ethernet_writeMem_addr, 1
0x03FC	0x0E19      	MOVLW       25
0x03FE	0x6F2F      	MOVWF       FARG_SPI_Ethernet_writeMem_addr+1, 1
0x0400	0x6B30      	CLRF        FARG_SPI_Ethernet_writeMem_v1, 1
0x0402	0xDEC8      	RCALL       _SPI_Ethernet_writeMem
;__Lib_EthEnc28j60.c,2396 :: 		
0x0404	0x0EAE      	MOVLW       174
0x0406	0x0103      	MOVLB       3
0x0408	0x2524      	ADDWF       FARG_SPI_Ethernet_TXpacket_l, 0, 1
0x040A	0x6E00      	MOVWF       R0 
0x040C	0x0E19      	MOVLW       25
0x040E	0x2125      	ADDWFC      FARG_SPI_Ethernet_TXpacket_l+1, 0, 1
0x0410	0x6E01      	MOVWF       R1 
0x0412	0xF324C000  	MOVFF       R0, FARG_SPI_Ethernet_TXpacket_l
0x0416	0xF325C001  	MOVFF       R1, FARG_SPI_Ethernet_TXpacket_l+1
;__Lib_EthEnc28j60.c,2399 :: 		
0x041A	0x0E06      	MOVLW       6
0x041C	0x6F31      	MOVWF       FARG_SPI_Ethernet_writeAddr_addr, 1
0x041E	0xF332C000  	MOVFF       R0, FARG_SPI_Ethernet_writeAddr_v
0x0422	0xF333C001  	MOVFF       R1, FARG_SPI_Ethernet_writeAddr_v+1
0x0426	0xDE8E      	RCALL       _SPI_Ethernet_writeAddr
;__Lib_EthEnc28j60.c,2403 :: 		
0x0428	0x0E1F      	MOVLW       31
0x042A	0x0103      	MOVLB       3
0x042C	0x6F2E      	MOVWF       FARG_SPI_Ethernet_setBitReg_addr, 1
0x042E	0x0E80      	MOVLW       128
0x0430	0x6F2F      	MOVWF       FARG_SPI_Ethernet_setBitReg_mask, 1
0x0432	0xDF3E      	RCALL       _SPI_Ethernet_setBitReg
;__Lib_EthEnc28j60.c,2404 :: 		
0x0434	0x0E1F      	MOVLW       31
0x0436	0x0103      	MOVLB       3
0x0438	0x6F2E      	MOVWF       FARG_SPI_Ethernet_clearBitReg_addr, 1
0x043A	0x0E80      	MOVLW       128
0x043C	0x6F2F      	MOVWF       FARG_SPI_Ethernet_clearBitReg_mask, 1
0x043E	0xDEFC      	RCALL       _SPI_Ethernet_clearBitReg
;__Lib_EthEnc28j60.c,2407 :: 		
0x0440	0x0101      	MOVLB       1
0x0442	0x5103      	MOVF        __Lib_EthEnc28j60_enc_hwRev, 0, 1
0x0444	0x0A05      	XORLW       5
0x0446	0xE004      	BZ          L__SPI_Ethernet_TXpacket287
0x0448	0x5103      	MOVF        __Lib_EthEnc28j60_enc_hwRev, 0, 1
0x044A	0x0A07      	XORLW       7
0x044C	0xE001      	BZ          L__SPI_Ethernet_TXpacket287
0x044E	0xD006      	BRA         L_SPI_Ethernet_TXpacket226
L__SPI_Ethernet_TXpacket287:
;__Lib_EthEnc28j60.c,2408 :: 		
0x0450	0x0E1C      	MOVLW       28
0x0452	0x0103      	MOVLB       3
0x0454	0x6F2E      	MOVWF       FARG_SPI_Ethernet_clearBitReg_addr, 1
0x0456	0x0E0A      	MOVLW       10
0x0458	0x6F2F      	MOVWF       FARG_SPI_Ethernet_clearBitReg_mask, 1
0x045A	0xDEEE      	RCALL       _SPI_Ethernet_clearBitReg
L_SPI_Ethernet_TXpacket226:
;__Lib_EthEnc28j60.c,2410 :: 		
0x045C	0x0E1F      	MOVLW       31
0x045E	0x0103      	MOVLB       3
0x0460	0x6F2E      	MOVWF       FARG_SPI_Ethernet_setBitReg_addr, 1
0x0462	0x0E08      	MOVLW       8
0x0464	0x6F2F      	MOVWF       FARG_SPI_Ethernet_setBitReg_mask, 1
0x0466	0xDF24      	RCALL       _SPI_Ethernet_setBitReg
;__Lib_EthEnc28j60.c,2414 :: 		
0x0468	0x0101      	MOVLB       1
0x046A	0x5103      	MOVF        __Lib_EthEnc28j60_enc_hwRev, 0, 1
0x046C	0x0A05      	XORLW       5
0x046E	0xE004      	BZ          L__SPI_Ethernet_TXpacket286
0x0470	0x5103      	MOVF        __Lib_EthEnc28j60_enc_hwRev, 0, 1
0x0472	0x0A07      	XORLW       7
0x0474	0xE001      	BZ          L__SPI_Ethernet_TXpacket286
0x0476	0xD080      	BRA         L_SPI_Ethernet_TXpacket229
L__SPI_Ethernet_TXpacket286:
;__Lib_EthEnc28j60.c,2416 :: 		
0x0478	0x0103      	MOVLB       3
0x047A	0x6B28      	CLRF        SPI_Ethernet_TXpacket_AttemptCounter_L1, 1
0x047C	0x6B29      	CLRF        SPI_Ethernet_TXpacket_AttemptCounter_L1+1, 1
;__Lib_EthEnc28j60.c,2418 :: 		
L_SPI_Ethernet_TXpacket230:
0x047E	0x0E1C      	MOVLW       28
0x0480	0x6F2E      	MOVWF       FARG_SPI_Ethernet_readReg_addr, 1
0x0482	0xDEA9      	RCALL       _SPI_Ethernet_readReg
0x0484	0x0E0A      	MOVLW       10
0x0486	0x1600      	ANDWF       R0, 1 
0x0488	0x5200      	MOVF        R0, 1 
0x048A	0xE10A      	BNZ         L_SPI_Ethernet_TXpacket231
0x048C	0x0103      	MOVLB       3
0x048E	0x4B28      	INFSNZ      SPI_Ethernet_TXpacket_AttemptCounter_L1, 1, 1
0x0490	0x2B29      	INCF        SPI_Ethernet_TXpacket_AttemptCounter_L1+1, 1, 1
0x0492	0x0E03      	MOVLW       3
0x0494	0x5D29      	SUBWF       SPI_Ethernet_TXpacket_AttemptCounter_L1+1, 0, 1
0x0496	0xE102      	BNZ         L__SPI_Ethernet_TXpacket354
0x0498	0x0EE8      	MOVLW       232
0x049A	0x5D28      	SUBWF       SPI_Ethernet_TXpacket_AttemptCounter_L1, 0, 1
L__SPI_Ethernet_TXpacket354:
0x049C	0xE201      	BC          L_SPI_Ethernet_TXpacket231
L__SPI_Ethernet_TXpacket285:
;__Lib_EthEnc28j60.c,2419 :: 		
0x049E	0xD7EF      	BRA         L_SPI_Ethernet_TXpacket230
L_SPI_Ethernet_TXpacket231:
0x04A0	0x0103      	MOVLB       3
;__Lib_EthEnc28j60.c,2421 :: 		
0x04A2	0x0E1C      	MOVLW       28
0x04A4	0x6F2E      	MOVWF       FARG_SPI_Ethernet_readReg_addr, 1
0x04A6	0xDE97      	RCALL       _SPI_Ethernet_readReg
0x04A8	0xB200      	BTFSC       R0, 1 
0x04AA	0xD008      	BRA         L__SPI_Ethernet_TXpacket284
0x04AC	0x0E03      	MOVLW       3
0x04AE	0x0103      	MOVLB       3
0x04B0	0x5D29      	SUBWF       SPI_Ethernet_TXpacket_AttemptCounter_L1+1, 0, 1
0x04B2	0xE102      	BNZ         L__SPI_Ethernet_TXpacket355
0x04B4	0x0EE8      	MOVLW       232
0x04B6	0x5D28      	SUBWF       SPI_Ethernet_TXpacket_AttemptCounter_L1, 0, 1
L__SPI_Ethernet_TXpacket355:
0x04B8	0xE201      	BC          L__SPI_Ethernet_TXpacket284
0x04BA	0xD05D      	BRA         L_SPI_Ethernet_TXpacket236
L__SPI_Ethernet_TXpacket284:
0x04BC	0x0103      	MOVLB       3
;__Lib_EthEnc28j60.c,2428 :: 		
0x04BE	0x0E1F      	MOVLW       31
0x04C0	0x6F2E      	MOVWF       FARG_SPI_Ethernet_clearBitReg_addr, 1
0x04C2	0x0E08      	MOVLW       8
0x04C4	0x6F2F      	MOVWF       FARG_SPI_Ethernet_clearBitReg_mask, 1
0x04C6	0xDEB8      	RCALL       _SPI_Ethernet_clearBitReg
;__Lib_EthEnc28j60.c,2443 :: 		
0x04C8	0x0E04      	MOVLW       4
0x04CA	0x0103      	MOVLB       3
0x04CC	0x2524      	ADDWF       FARG_SPI_Ethernet_TXpacket_l, 0, 1
0x04CE	0x6F2E      	MOVWF       FARG_SPI_Ethernet_readMem_addr, 1
0x04D0	0x0E00      	MOVLW       0
0x04D2	0x2125      	ADDWFC      FARG_SPI_Ethernet_TXpacket_l+1, 0, 1
0x04D4	0x6F2F      	MOVWF       FARG_SPI_Ethernet_readMem_addr+1, 1
0x04D6	0xDECD      	RCALL       _SPI_Ethernet_readMem
0x04D8	0xF327C000  	MOVFF       R0, SPI_Ethernet_TXpacket_TXStatus_byte3_L0
;__Lib_EthEnc28j60.c,2448 :: 		
0x04DC	0x0103      	MOVLB       3
0x04DE	0x6B26      	CLRF        SPI_Ethernet_TXpacket_i_L2, 1
L_SPI_Ethernet_TXpacket237:
0x04E0	0x0E10      	MOVLW       16
0x04E2	0x5D26      	SUBWF       SPI_Ethernet_TXpacket_i_L2, 0, 1
0x04E4	0xE248      	BC          L_SPI_Ethernet_TXpacket238
;__Lib_EthEnc28j60.c,2450 :: 		
0x04E6	0x0E1C      	MOVLW       28
0x04E8	0x6F2E      	MOVWF       FARG_SPI_Ethernet_readReg_addr, 1
0x04EA	0xDE75      	RCALL       _SPI_Ethernet_readReg
0x04EC	0xA200      	BTFSS       R0, 1 
0x04EE	0xD03F      	BRA         L_SPI_Ethernet_TXpacket242
0x04F0	0x0103      	MOVLB       3
0x04F2	0xAB27      	BTFSS       SPI_Ethernet_TXpacket_TXStatus_byte3_L0, 5, 1
0x04F4	0xD03C      	BRA         L_SPI_Ethernet_TXpacket242
L__SPI_Ethernet_TXpacket283:
;__Lib_EthEnc28j60.c,2453 :: 		
0x04F6	0x0E1F      	MOVLW       31
0x04F8	0x6F2E      	MOVWF       FARG_SPI_Ethernet_setBitReg_addr, 1
0x04FA	0x0E80      	MOVLW       128
0x04FC	0x6F2F      	MOVWF       FARG_SPI_Ethernet_setBitReg_mask, 1
0x04FE	0xDED8      	RCALL       _SPI_Ethernet_setBitReg
;__Lib_EthEnc28j60.c,2454 :: 		
0x0500	0x0E1F      	MOVLW       31
0x0502	0x0103      	MOVLB       3
0x0504	0x6F2E      	MOVWF       FARG_SPI_Ethernet_clearBitReg_addr, 1
0x0506	0x0E80      	MOVLW       128
0x0508	0x6F2F      	MOVWF       FARG_SPI_Ethernet_clearBitReg_mask, 1
0x050A	0xDE96      	RCALL       _SPI_Ethernet_clearBitReg
;__Lib_EthEnc28j60.c,2455 :: 		
0x050C	0x0E1C      	MOVLW       28
0x050E	0x0103      	MOVLB       3
0x0510	0x6F2E      	MOVWF       FARG_SPI_Ethernet_clearBitReg_addr, 1
0x0512	0x0E0A      	MOVLW       10
0x0514	0x6F2F      	MOVWF       FARG_SPI_Ethernet_clearBitReg_mask, 1
0x0516	0xDE90      	RCALL       _SPI_Ethernet_clearBitReg
;__Lib_EthEnc28j60.c,2459 :: 		
0x0518	0x0E1F      	MOVLW       31
0x051A	0x0103      	MOVLB       3
0x051C	0x6F2E      	MOVWF       FARG_SPI_Ethernet_setBitReg_addr, 1
0x051E	0x0E08      	MOVLW       8
0x0520	0x6F2F      	MOVWF       FARG_SPI_Ethernet_setBitReg_mask, 1
0x0522	0xDEC6      	RCALL       _SPI_Ethernet_setBitReg
;__Lib_EthEnc28j60.c,2461 :: 		
0x0524	0x0103      	MOVLB       3
0x0526	0x6B28      	CLRF        SPI_Ethernet_TXpacket_AttemptCounter_L1, 1
0x0528	0x6B29      	CLRF        SPI_Ethernet_TXpacket_AttemptCounter_L1+1, 1
;__Lib_EthEnc28j60.c,2463 :: 		
L_SPI_Ethernet_TXpacket243:
0x052A	0x0E1C      	MOVLW       28
0x052C	0x6F2E      	MOVWF       FARG_SPI_Ethernet_readReg_addr, 1
0x052E	0xDE53      	RCALL       _SPI_Ethernet_readReg
0x0530	0x0E0A      	MOVLW       10
0x0532	0x1600      	ANDWF       R0, 1 
0x0534	0x5200      	MOVF        R0, 1 
0x0536	0xE10A      	BNZ         L_SPI_Ethernet_TXpacket244
0x0538	0x0103      	MOVLB       3
0x053A	0x4B28      	INFSNZ      SPI_Ethernet_TXpacket_AttemptCounter_L1, 1, 1
0x053C	0x2B29      	INCF        SPI_Ethernet_TXpacket_AttemptCounter_L1+1, 1, 1
0x053E	0x0E03      	MOVLW       3
0x0540	0x5D29      	SUBWF       SPI_Ethernet_TXpacket_AttemptCounter_L1+1, 0, 1
0x0542	0xE102      	BNZ         L__SPI_Ethernet_TXpacket356
0x0544	0x0EE8      	MOVLW       232
0x0546	0x5D28      	SUBWF       SPI_Ethernet_TXpacket_AttemptCounter_L1, 0, 1
L__SPI_Ethernet_TXpacket356:
0x0548	0xE201      	BC          L_SPI_Ethernet_TXpacket244
L__SPI_Ethernet_TXpacket282:
;__Lib_EthEnc28j60.c,2464 :: 		
0x054A	0xD7EF      	BRA         L_SPI_Ethernet_TXpacket243
L_SPI_Ethernet_TXpacket244:
0x054C	0x0103      	MOVLB       3
;__Lib_EthEnc28j60.c,2467 :: 		
0x054E	0x0E1F      	MOVLW       31
0x0550	0x6F2E      	MOVWF       FARG_SPI_Ethernet_clearBitReg_addr, 1
0x0552	0x0E08      	MOVLW       8
0x0554	0x6F2F      	MOVWF       FARG_SPI_Ethernet_clearBitReg_mask, 1
0x0556	0xDE70      	RCALL       _SPI_Ethernet_clearBitReg
;__Lib_EthEnc28j60.c,2470 :: 		
0x0558	0x0E04      	MOVLW       4
0x055A	0x0103      	MOVLB       3
0x055C	0x2524      	ADDWF       FARG_SPI_Ethernet_TXpacket_l, 0, 1
0x055E	0x6F2E      	MOVWF       FARG_SPI_Ethernet_readMem_addr, 1
0x0560	0x0E00      	MOVLW       0
0x0562	0x2125      	ADDWFC      FARG_SPI_Ethernet_TXpacket_l+1, 0, 1
0x0564	0x6F2F      	MOVWF       FARG_SPI_Ethernet_readMem_addr+1, 1
0x0566	0xDE85      	RCALL       _SPI_Ethernet_readMem
0x0568	0xF327C000  	MOVFF       R0, SPI_Ethernet_TXpacket_TXStatus_byte3_L0
;__Lib_EthEnc28j60.c,2472 :: 		
0x056C	0xD001      	BRA         L_SPI_Ethernet_TXpacket247
L_SPI_Ethernet_TXpacket242:
;__Lib_EthEnc28j60.c,2475 :: 		
0x056E	0xD003      	BRA         L_SPI_Ethernet_TXpacket238
;__Lib_EthEnc28j60.c,2476 :: 		
L_SPI_Ethernet_TXpacket247:
;__Lib_EthEnc28j60.c,2448 :: 		
0x0570	0x0103      	MOVLB       3
0x0572	0x2B26      	INCF        SPI_Ethernet_TXpacket_i_L2, 1, 1
;__Lib_EthEnc28j60.c,2477 :: 		
0x0574	0xD7B5      	BRA         L_SPI_Ethernet_TXpacket237
L_SPI_Ethernet_TXpacket238:
;__Lib_EthEnc28j60.c,2481 :: 		
L_SPI_Ethernet_TXpacket236:
;__Lib_EthEnc28j60.c,2482 :: 		
0x0576	0xD007      	BRA         L_SPI_Ethernet_TXpacket248
L_SPI_Ethernet_TXpacket229:
;__Lib_EthEnc28j60.c,2484 :: 		
L_SPI_Ethernet_TXpacket249:
0x0578	0x0103      	MOVLB       3
0x057A	0x0E1F      	MOVLW       31
0x057C	0x6F2E      	MOVWF       FARG_SPI_Ethernet_readReg_addr, 1
0x057E	0xDE2B      	RCALL       _SPI_Ethernet_readReg
0x0580	0xA600      	BTFSS       R0, 3 
0x0582	0xD001      	BRA         L_SPI_Ethernet_TXpacket250
;__Lib_EthEnc28j60.c,2485 :: 		
0x0584	0xD7F9      	BRA         L_SPI_Ethernet_TXpacket249
L_SPI_Ethernet_TXpacket250:
L_SPI_Ethernet_TXpacket248:
;__Lib_EthEnc28j60.c,2488 :: 		
0x0586	0x0E1D      	MOVLW       29
0x0588	0x0103      	MOVLB       3
0x058A	0x6F2E      	MOVWF       FARG_SPI_Ethernet_readReg_addr, 1
0x058C	0xDE24      	RCALL       _SPI_Ethernet_readReg
0x058E	0x0E06      	MOVLW       6
0x0590	0x1600      	ANDWF       R0, 1 
0x0592	0x5200      	MOVF        R0, 1 
0x0594	0xE002      	BZ          L_SPI_Ethernet_TXpacket251
0x0596	0x6A00      	CLRF        R0 
0x0598	0xD002      	BRA         L_SPI_Ethernet_TXpacket252
L_SPI_Ethernet_TXpacket251:
0x059A	0x0E01      	MOVLW       1
0x059C	0x6E00      	MOVWF       R0 
L_SPI_Ethernet_TXpacket252:
;__Lib_EthEnc28j60.c,2548 :: 		
L_end_SPI_Ethernet_TXpacket:
0x059E	0x0012      	RETURN      0
; end of _SPI_Ethernet_TXpacket
_SPI_Ethernet_checksum:
;__Lib_EthEnc28j60.c,2285 :: 		
;__Lib_EthEnc28j60.c,2289 :: 		
0x05A0	0x0103      	MOVLB       3
0x05A2	0x5126      	MOVF        FARG_SPI_Ethernet_checksum_l, 0, 1
0x05A4	0x2524      	ADDWF       FARG_SPI_Ethernet_checksum_start, 0, 1
0x05A6	0x6F28      	MOVWF       SPI_Ethernet_checksum_stop_L0, 1
0x05A8	0x5127      	MOVF        FARG_SPI_Ethernet_checksum_l+1, 0, 1
0x05AA	0x2125      	ADDWFC      FARG_SPI_Ethernet_checksum_start+1, 0, 1
0x05AC	0x6F29      	MOVWF       SPI_Ethernet_checksum_stop_L0+1, 1
0x05AE	0x0E01      	MOVLW       1
0x05B0	0x5F28      	SUBWF       SPI_Ethernet_checksum_stop_L0, 1, 1
0x05B2	0x0E00      	MOVLW       0
0x05B4	0x5B29      	SUBWFB      SPI_Ethernet_checksum_stop_L0+1, 1, 1
;__Lib_EthEnc28j60.c,2291 :: 		
0x05B6	0x0E10      	MOVLW       16
0x05B8	0x6F31      	MOVWF       FARG_SPI_Ethernet_writeAddr_addr, 1
0x05BA	0xF332C324  	MOVFF       FARG_SPI_Ethernet_checksum_start, FARG_SPI_Ethernet_writeAddr_v
0x05BE	0xF333C325  	MOVFF       FARG_SPI_Ethernet_checksum_start+1, FARG_SPI_Ethernet_writeAddr_v+1
0x05C2	0xDDC0      	RCALL       _SPI_Ethernet_writeAddr
;__Lib_EthEnc28j60.c,2292 :: 		
0x05C4	0x0E12      	MOVLW       18
0x05C6	0x0103      	MOVLB       3
0x05C8	0x6F31      	MOVWF       FARG_SPI_Ethernet_writeAddr_addr, 1
0x05CA	0xF332C328  	MOVFF       SPI_Ethernet_checksum_stop_L0, FARG_SPI_Ethernet_writeAddr_v
0x05CE	0xF333C329  	MOVFF       SPI_Ethernet_checksum_stop_L0+1, FARG_SPI_Ethernet_writeAddr_v+1
0x05D2	0xDDB8      	RCALL       _SPI_Ethernet_writeAddr
;__Lib_EthEnc28j60.c,2293 :: 		
0x05D4	0x0E1F      	MOVLW       31
0x05D6	0x0103      	MOVLB       3
0x05D8	0x6F2E      	MOVWF       FARG_SPI_Ethernet_setBitReg_addr, 1
0x05DA	0x0E30      	MOVLW       48
0x05DC	0x6F2F      	MOVWF       FARG_SPI_Ethernet_setBitReg_mask, 1
0x05DE	0xDE68      	RCALL       _SPI_Ethernet_setBitReg
;__Lib_EthEnc28j60.c,2294 :: 		
L_SPI_Ethernet_checksum210:
0x05E0	0x0E1F      	MOVLW       31
0x05E2	0x0103      	MOVLB       3
0x05E4	0x6F2E      	MOVWF       FARG_SPI_Ethernet_readReg_addr, 1
0x05E6	0xDDF7      	RCALL       _SPI_Ethernet_readReg
0x05E8	0xAA00      	BTFSS       R0, 5 
0x05EA	0xD001      	BRA         L_SPI_Ethernet_checksum211
0x05EC	0xD7F9      	BRA         L_SPI_Ethernet_checksum210
L_SPI_Ethernet_checksum211:
;__Lib_EthEnc28j60.c,2295 :: 		
L_end_SPI_Ethernet_checksum:
0x05EE	0x0012      	RETURN      0
; end of _SPI_Ethernet_checksum
_SPI_Ethernet_writeMemory:
;__Lib_EthEnc28j60.c,2626 :: 		
;__Lib_EthEnc28j60.c,2628 :: 		
0x05F0	0xF32EC324  	MOVFF       FARG_SPI_Ethernet_writeMemory_addr, FARG_SPI_Ethernet_writeMem_addr
0x05F4	0xF32FC325  	MOVFF       FARG_SPI_Ethernet_writeMemory_addr+1, FARG_SPI_Ethernet_writeMem_addr+1
0x05F8	0xF330C326  	MOVFF       FARG_SPI_Ethernet_writeMemory_v1, FARG_SPI_Ethernet_writeMem_v1
0x05FC	0xDDCB      	RCALL       _SPI_Ethernet_writeMem
;__Lib_EthEnc28j60.c,2629 :: 		
0x05FE	0xF32EC327  	MOVFF       FARG_SPI_Ethernet_writeMemory_v2, FARG_SPI_Ethernet_putByte_v
0x0602	0xDE01      	RCALL       _SPI_Ethernet_putByte
;__Lib_EthEnc28j60.c,2630 :: 		
L_end_SPI_Ethernet_writeMemory:
0x0604	0x0012      	RETURN      0
; end of _SPI_Ethernet_writeMemory
_SPI_Ethernet_RAMcopy:
;__Lib_EthEnc28j60.c,2310 :: 		
;__Lib_EthEnc28j60.c,2312 :: 		
0x0606	0x0103      	MOVLB       3
0x0608	0x6B2D      	CLRF        SPI_Ethernet_RAMcopy_overflow_L0, 1
;__Lib_EthEnc28j60.c,2315 :: 		
0x060A	0x0E01      	MOVLW       1
0x060C	0x5F26      	SUBWF       FARG_SPI_Ethernet_RAMcopy_stop, 1, 1
0x060E	0x0E00      	MOVLW       0
0x0610	0x5B27      	SUBWFB      FARG_SPI_Ethernet_RAMcopy_stop+1, 1, 1
;__Lib_EthEnc28j60.c,2317 :: 		
0x0612	0x532A      	MOVF        FARG_SPI_Ethernet_RAMcopy_w, 1, 1
0x0614	0xE00D      	BZ          L_SPI_Ethernet_RAMcopy214
0x0616	0x5127      	MOVF        FARG_SPI_Ethernet_RAMcopy_stop+1, 0, 1
0x0618	0x0819      	SUBLW       25
0x061A	0xE102      	BNZ         L__SPI_Ethernet_RAMcopy349
0x061C	0x5126      	MOVF        FARG_SPI_Ethernet_RAMcopy_stop, 0, 1
0x061E	0x08AD      	SUBLW       173
L__SPI_Ethernet_RAMcopy349:
0x0620	0xE207      	BC          L_SPI_Ethernet_RAMcopy214
L__SPI_Ethernet_RAMcopy281:
;__Lib_EthEnc28j60.c,2319 :: 		
0x0622	0x2B2D      	INCF        SPI_Ethernet_RAMcopy_overflow_L0, 1, 1
;__Lib_EthEnc28j60.c,2320 :: 		
0x0624	0x0EAD      	MOVLW       173
0x0626	0x5D26      	SUBWF       FARG_SPI_Ethernet_RAMcopy_stop, 0, 1
0x0628	0x6F2B      	MOVWF       SPI_Ethernet_RAMcopy_remain_L0, 1
0x062A	0x0E19      	MOVLW       25
0x062C	0x5927      	SUBWFB      FARG_SPI_Ethernet_RAMcopy_stop+1, 0, 1
0x062E	0x6F2C      	MOVWF       SPI_Ethernet_RAMcopy_remain_L0+1, 1
;__Lib_EthEnc28j60.c,2322 :: 		
L_SPI_Ethernet_RAMcopy214:
;__Lib_EthEnc28j60.c,2324 :: 		
___SPI_Ethernet_RAMcopy_PART2:
;__Lib_EthEnc28j60.c,2325 :: 		
0x0630	0x532D      	MOVF        SPI_Ethernet_RAMcopy_overflow_L0, 1, 1
0x0632	0xE005      	BZ          L_SPI_Ethernet_RAMcopy215
0x0634	0x0EAD      	MOVLW       173
0x0636	0x6E01      	MOVWF       R1 
0x0638	0x0E19      	MOVLW       25
0x063A	0x6E02      	MOVWF       R2 
0x063C	0xD004      	BRA         L_SPI_Ethernet_RAMcopy216
L_SPI_Ethernet_RAMcopy215:
0x063E	0xF001C326  	MOVFF       FARG_SPI_Ethernet_RAMcopy_stop, R1
0x0642	0xF002C327  	MOVFF       FARG_SPI_Ethernet_RAMcopy_stop+1, R2
L_SPI_Ethernet_RAMcopy216:
0x0646	0x5125      	MOVF        FARG_SPI_Ethernet_RAMcopy_start+1, 0, 1
0x0648	0x1802      	XORWF       R2, 0 
0x064A	0xE102      	BNZ         L__SPI_Ethernet_RAMcopy350
0x064C	0x5001      	MOVF        R1, 0 
0x064E	0x1924      	XORWF       FARG_SPI_Ethernet_RAMcopy_start, 0, 1
L__SPI_Ethernet_RAMcopy350:
0x0650	0xE10D      	BNZ         L_SPI_Ethernet_RAMcopy217
;__Lib_EthEnc28j60.c,2327 :: 		
0x0652	0xF32EC324  	MOVFF       FARG_SPI_Ethernet_RAMcopy_start, FARG_SPI_Ethernet_readMem_addr
0x0656	0xF32FC325  	MOVFF       FARG_SPI_Ethernet_RAMcopy_start+1, FARG_SPI_Ethernet_readMem_addr+1
0x065A	0xDE0B      	RCALL       _SPI_Ethernet_readMem
0x065C	0xF330C000  	MOVFF       R0, FARG_SPI_Ethernet_writeMem_v1
0x0660	0xF32EC328  	MOVFF       FARG_SPI_Ethernet_RAMcopy_dest, FARG_SPI_Ethernet_writeMem_addr
0x0664	0xF32FC329  	MOVFF       FARG_SPI_Ethernet_RAMcopy_dest+1, FARG_SPI_Ethernet_writeMem_addr+1
0x0668	0xDD95      	RCALL       _SPI_Ethernet_writeMem
;__Lib_EthEnc28j60.c,2328 :: 		
0x066A	0xD036      	BRA         L_SPI_Ethernet_RAMcopy218
L_SPI_Ethernet_RAMcopy217:
;__Lib_EthEnc28j60.c,2331 :: 		
0x066C	0x0E10      	MOVLW       16
0x066E	0x0103      	MOVLB       3
0x0670	0x6F31      	MOVWF       FARG_SPI_Ethernet_writeAddr_addr, 1
0x0672	0xF332C324  	MOVFF       FARG_SPI_Ethernet_RAMcopy_start, FARG_SPI_Ethernet_writeAddr_v
0x0676	0xF333C325  	MOVFF       FARG_SPI_Ethernet_RAMcopy_start+1, FARG_SPI_Ethernet_writeAddr_v+1
0x067A	0xDD64      	RCALL       _SPI_Ethernet_writeAddr
;__Lib_EthEnc28j60.c,2332 :: 		
0x067C	0x0E12      	MOVLW       18
0x067E	0x0103      	MOVLB       3
0x0680	0x6F31      	MOVWF       FARG_SPI_Ethernet_writeAddr_addr, 1
0x0682	0x532D      	MOVF        SPI_Ethernet_RAMcopy_overflow_L0, 1, 1
0x0684	0xE005      	BZ          L_SPI_Ethernet_RAMcopy219
0x0686	0x0EAD      	MOVLW       173
0x0688	0x6E00      	MOVWF       R0 
0x068A	0x0E19      	MOVLW       25
0x068C	0x6E01      	MOVWF       R1 
0x068E	0xD004      	BRA         L_SPI_Ethernet_RAMcopy220
L_SPI_Ethernet_RAMcopy219:
0x0690	0xF000C326  	MOVFF       FARG_SPI_Ethernet_RAMcopy_stop, R0
0x0694	0xF001C327  	MOVFF       FARG_SPI_Ethernet_RAMcopy_stop+1, R1
L_SPI_Ethernet_RAMcopy220:
0x0698	0xF332C000  	MOVFF       R0, FARG_SPI_Ethernet_writeAddr_v
0x069C	0xF333C001  	MOVFF       R1, FARG_SPI_Ethernet_writeAddr_v+1
0x06A0	0xDD51      	RCALL       _SPI_Ethernet_writeAddr
;__Lib_EthEnc28j60.c,2333 :: 		
0x06A2	0x0E14      	MOVLW       20
0x06A4	0x0103      	MOVLB       3
0x06A6	0x6F31      	MOVWF       FARG_SPI_Ethernet_writeAddr_addr, 1
0x06A8	0xF332C328  	MOVFF       FARG_SPI_Ethernet_RAMcopy_dest, FARG_SPI_Ethernet_writeAddr_v
0x06AC	0xF333C329  	MOVFF       FARG_SPI_Ethernet_RAMcopy_dest+1, FARG_SPI_Ethernet_writeAddr_v+1
0x06B0	0xDD49      	RCALL       _SPI_Ethernet_writeAddr
;__Lib_EthEnc28j60.c,2334 :: 		
0x06B2	0x0E1F      	MOVLW       31
0x06B4	0x0103      	MOVLB       3
0x06B6	0x6F2E      	MOVWF       FARG_SPI_Ethernet_clearBitReg_addr, 1
0x06B8	0x0E10      	MOVLW       16
0x06BA	0x6F2F      	MOVWF       FARG_SPI_Ethernet_clearBitReg_mask, 1
0x06BC	0xDDBD      	RCALL       _SPI_Ethernet_clearBitReg
;__Lib_EthEnc28j60.c,2335 :: 		
0x06BE	0x0E1F      	MOVLW       31
0x06C0	0x0103      	MOVLB       3
0x06C2	0x6F2E      	MOVWF       FARG_SPI_Ethernet_setBitReg_addr, 1
0x06C4	0x0E20      	MOVLW       32
0x06C6	0x6F2F      	MOVWF       FARG_SPI_Ethernet_setBitReg_mask, 1
0x06C8	0xDDF3      	RCALL       _SPI_Ethernet_setBitReg
;__Lib_EthEnc28j60.c,2336 :: 		
L_SPI_Ethernet_RAMcopy221:
0x06CA	0x0E1F      	MOVLW       31
0x06CC	0x0103      	MOVLB       3
0x06CE	0x6F2E      	MOVWF       FARG_SPI_Ethernet_readReg_addr, 1
0x06D0	0xDD82      	RCALL       _SPI_Ethernet_readReg
0x06D2	0xAA00      	BTFSS       R0, 5 
0x06D4	0xD001      	BRA         L_SPI_Ethernet_RAMcopy222
;__Lib_EthEnc28j60.c,2337 :: 		
0x06D6	0xD7F9      	BRA         L_SPI_Ethernet_RAMcopy221
L_SPI_Ethernet_RAMcopy222:
;__Lib_EthEnc28j60.c,2338 :: 		
L_SPI_Ethernet_RAMcopy218:
;__Lib_EthEnc28j60.c,2340 :: 		
0x06D8	0x0103      	MOVLB       3
0x06DA	0x532D      	MOVF        SPI_Ethernet_RAMcopy_overflow_L0, 1, 1
0x06DC	0xE01A      	BZ          L_SPI_Ethernet_RAMcopy223
;__Lib_EthEnc28j60.c,2342 :: 		
0x06DE	0x5124      	MOVF        FARG_SPI_Ethernet_RAMcopy_start, 0, 1
0x06E0	0x5D26      	SUBWF       FARG_SPI_Ethernet_RAMcopy_stop, 0, 1
0x06E2	0x6E00      	MOVWF       R0 
0x06E4	0x5125      	MOVF        FARG_SPI_Ethernet_RAMcopy_start+1, 0, 1
0x06E6	0x5927      	SUBWFB      FARG_SPI_Ethernet_RAMcopy_stop+1, 0, 1
0x06E8	0x6E01      	MOVWF       R1 
0x06EA	0x512B      	MOVF        SPI_Ethernet_RAMcopy_remain_L0, 0, 1
0x06EC	0x5E00      	SUBWF       R0, 1 
0x06EE	0x512C      	MOVF        SPI_Ethernet_RAMcopy_remain_L0+1, 0, 1
0x06F0	0x5A01      	SUBWFB      R1, 1 
0x06F2	0x4A00      	INFSNZ      R0, 1 
0x06F4	0x2A01      	INCF        R1, 1 
0x06F6	0x5000      	MOVF        R0, 0 
0x06F8	0x2728      	ADDWF       FARG_SPI_Ethernet_RAMcopy_dest, 1, 1
0x06FA	0x5001      	MOVF        R1, 0 
0x06FC	0x2329      	ADDWFC      FARG_SPI_Ethernet_RAMcopy_dest+1, 1, 1
;__Lib_EthEnc28j60.c,2347 :: 		
0x06FE	0x0E01      	MOVLW       1
0x0700	0x5D2B      	SUBWF       SPI_Ethernet_RAMcopy_remain_L0, 0, 1
0x0702	0x6F26      	MOVWF       FARG_SPI_Ethernet_RAMcopy_stop, 1
0x0704	0x0E00      	MOVLW       0
0x0706	0x592C      	SUBWFB      SPI_Ethernet_RAMcopy_remain_L0+1, 0, 1
0x0708	0x6F27      	MOVWF       FARG_SPI_Ethernet_RAMcopy_stop+1, 1
;__Lib_EthEnc28j60.c,2348 :: 		
0x070A	0x6B24      	CLRF        FARG_SPI_Ethernet_RAMcopy_start, 1
0x070C	0x6B25      	CLRF        FARG_SPI_Ethernet_RAMcopy_start+1, 1
;__Lib_EthEnc28j60.c,2349 :: 		
0x070E	0x6B2D      	CLRF        SPI_Ethernet_RAMcopy_overflow_L0, 1
;__Lib_EthEnc28j60.c,2350 :: 		
0x0710	0xD78F      	BRA         ___SPI_Ethernet_RAMcopy_PART2
;__Lib_EthEnc28j60.c,2351 :: 		
L_SPI_Ethernet_RAMcopy223:
;__Lib_EthEnc28j60.c,2352 :: 		
L_end_SPI_Ethernet_RAMcopy:
0x0712	0x0012      	RETURN      0
; end of _SPI_Ethernet_RAMcopy
_SPI_Ethernet_writeMemory2:
;__Lib_EthEnc28j60.c,2642 :: 		
;__Lib_EthEnc28j60.c,2644 :: 		
0x0714	0x9080      	BCF         SPI_Ethernet_CS, BitPos(SPI_Ethernet_CS+0) 
;__Lib_EthEnc28j60.c,2645 :: 		
0x0716	0xFFE1C106  	MOVFF       _SPI_Rd_Ptr+2, FSR1L
0x071A	0xFFE2C107  	MOVFF       _SPI_Rd_Ptr+3, FSR1H
0x071E	0x0E7A      	MOVLW       122
0x0720	0x6EE6      	MOVWF       POSTINC1 
0x0722	0xF000C104  	MOVFF       _SPI_Rd_Ptr, R0
0x0726	0xF001C105  	MOVFF       _SPI_Rd_Ptr+1, R1
0x072A	0xDD00      	RCALL       _____DoIFC
;__Lib_EthEnc28j60.c,2646 :: 		
0x072C	0xFFE1C106  	MOVFF       _SPI_Rd_Ptr+2, FSR1L
0x0730	0xFFE2C107  	MOVFF       _SPI_Rd_Ptr+3, FSR1H
0x0734	0xFFE6C325  	MOVFF       FARG_SPI_Ethernet_writeMemory2_v+1, POSTINC1
0x0738	0xF000C104  	MOVFF       _SPI_Rd_Ptr, R0
0x073C	0xF001C105  	MOVFF       _SPI_Rd_Ptr+1, R1
0x0740	0xDCF5      	RCALL       _____DoIFC
;__Lib_EthEnc28j60.c,2647 :: 		
0x0742	0xFFE1C106  	MOVFF       _SPI_Rd_Ptr+2, FSR1L
0x0746	0xFFE2C107  	MOVFF       _SPI_Rd_Ptr+3, FSR1H
0x074A	0xFFE6C324  	MOVFF       FARG_SPI_Ethernet_writeMemory2_v, POSTINC1
0x074E	0xF000C104  	MOVFF       _SPI_Rd_Ptr, R0
0x0752	0xF001C105  	MOVFF       _SPI_Rd_Ptr+1, R1
0x0756	0xDCEA      	RCALL       _____DoIFC
;__Lib_EthEnc28j60.c,2648 :: 		
0x0758	0x8080      	BSF         SPI_Ethernet_CS, BitPos(SPI_Ethernet_CS+0) 
;__Lib_EthEnc28j60.c,2649 :: 		
L_end_SPI_Ethernet_writeMemory2:
0x075A	0x0012      	RETURN      0
; end of _SPI_Ethernet_writeMemory2
_Div_8x8_U:
;__Lib_Math.c,77 :: 		
;__Lib_Math.c,84 :: 		
0x075C	0x6A08      	CLRF        R8, higher_addr(L_Div_16x16_S0)
;__Lib_Math.c,85 :: 		
0x075E	0x0E08      	MOVLW       8
;__Lib_Math.c,86 :: 		
0x0760	0x6E0C      	MOVWF       R12, higher_addr(L_Div_16x16_S0)
;__Lib_Math.c,87 :: 		
0x0762	0x3400      	RLCF        R0, 0, 0
;__Lib_Math.c,88 :: 		
0x0764	0x3608      	RLCF        R8, 1, 0
;__Lib_Math.c,89 :: 		
0x0766	0x5004      	MOVF        R4, 0, 0
;__Lib_Math.c,90 :: 		
0x0768	0x5E08      	SUBWF       R8, 1, 0
;__Lib_Math.c,91 :: 		
0x076A	0xB0D8      	BTFSC       STATUS, 0, 0
;__Lib_Math.c,92 :: 		
0x076C	0xD002      	BRA         $+6
;__Lib_Math.c,93 :: 		
0x076E	0x2608      	ADDWF       R8, 1, 0
;__Lib_Math.c,94 :: 		
0x0770	0x90D8      	BCF         STATUS, 0, 0
;__Lib_Math.c,95 :: 		
0x0772	0x3600      	RLCF        R0, 1, 0
;__Lib_Math.c,96 :: 		
0x0774	0x2E0C      	DECFSZ      R12, 1, 0
;__Lib_Math.c,97 :: 		
0x0776	0xD7F5      	BRA         $-20
;__Lib_Math.c,99 :: 		
L_end_Div_8x8_U:
0x0778	0x0012      	RETURN      0
; end of _Div_8x8_U
_Delay_1us:
;__Lib_Delays.c,7 :: 		void Delay_1us() {
;__Lib_Delays.c,8 :: 		Delay_us(1);
0x077A	0x0000      	NOP
0x077C	0x0000      	NOP
0x077E	0x0000      	NOP
0x0780	0x0000      	NOP
0x0782	0x0000      	NOP
0x0784	0x0000      	NOP
;__Lib_Delays.c,9 :: 		}
0x0786	0x0012      	RETURN      0
; end of _Delay_1us
_SPI_Ethernet_getByte:
;__Lib_EthEnc28j60.c,490 :: 		
;__Lib_EthEnc28j60.c,494 :: 		
0x0788	0x9080      	BCF         SPI_Ethernet_CS, BitPos(SPI_Ethernet_CS+0) 
;__Lib_EthEnc28j60.c,495 :: 		
0x078A	0xFFE1C106  	MOVFF       _SPI_Rd_Ptr+2, FSR1L
0x078E	0xFFE2C107  	MOVFF       _SPI_Rd_Ptr+3, FSR1H
0x0792	0x0E3A      	MOVLW       58
0x0794	0x6EE6      	MOVWF       POSTINC1 
0x0796	0xF000C104  	MOVFF       _SPI_Rd_Ptr, R0
0x079A	0xF001C105  	MOVFF       _SPI_Rd_Ptr+1, R1
0x079E	0xDCC6      	RCALL       _____DoIFC
;__Lib_EthEnc28j60.c,496 :: 		
0x07A0	0xFFE1C106  	MOVFF       _SPI_Rd_Ptr+2, FSR1L
0x07A4	0xFFE2C107  	MOVFF       _SPI_Rd_Ptr+3, FSR1H
0x07A8	0x6AE6      	CLRF        POSTINC1 
0x07AA	0xF000C104  	MOVFF       _SPI_Rd_Ptr, R0
0x07AE	0xF001C105  	MOVFF       _SPI_Rd_Ptr+1, R1
0x07B2	0xDCBC      	RCALL       _____DoIFC
;__Lib_EthEnc28j60.c,497 :: 		
0x07B4	0x8080      	BSF         SPI_Ethernet_CS, BitPos(SPI_Ethernet_CS+0) 
;__Lib_EthEnc28j60.c,499 :: 		
;__Lib_EthEnc28j60.c,500 :: 		
L_end_SPI_Ethernet_getByte:
0x07B6	0x0012      	RETURN      0
; end of _SPI_Ethernet_getByte
_ByteToStr:
;__Lib_Conversions.c,66 :: 		
;__Lib_Conversions.c,69 :: 		
0x07B8	0x0103      	MOVLB       3
0x07BA	0x6B19      	CLRF        ByteToStr_DigitPos_L0, 1
L_ByteToStr0:
0x07BC	0x0E03      	MOVLW       3
0x07BE	0x5D19      	SUBWF       ByteToStr_DigitPos_L0, 0, 1
0x07C0	0xE20A      	BC          L_ByteToStr1
;__Lib_Conversions.c,70 :: 		
0x07C2	0x5119      	MOVF        ByteToStr_DigitPos_L0, 0, 1
0x07C4	0x2517      	ADDWF       FARG_ByteToStr_output, 0, 1
0x07C6	0x6EE1      	MOVWF       FSR1L 
0x07C8	0x0E00      	MOVLW       0
0x07CA	0x2118      	ADDWFC      FARG_ByteToStr_output+1, 0, 1
0x07CC	0x6EE2      	MOVWF       FSR1H 
0x07CE	0x0E20      	MOVLW       32
0x07D0	0x6EE6      	MOVWF       POSTINC1 
;__Lib_Conversions.c,69 :: 		
0x07D2	0x2B19      	INCF        ByteToStr_DigitPos_L0, 1, 1
;__Lib_Conversions.c,70 :: 		
0x07D4	0xD7F3      	BRA         L_ByteToStr0
L_ByteToStr1:
;__Lib_Conversions.c,72 :: 		
0x07D6	0x5119      	MOVF        ByteToStr_DigitPos_L0, 0, 1
0x07D8	0x2517      	ADDWF       FARG_ByteToStr_output, 0, 1
0x07DA	0x6EE1      	MOVWF       FSR1L 
0x07DC	0x0E00      	MOVLW       0
0x07DE	0x2118      	ADDWFC      FARG_ByteToStr_output+1, 0, 1
0x07E0	0x6EE2      	MOVWF       FSR1H 
0x07E2	0x6AE6      	CLRF        POSTINC1 
0x07E4	0x0719      	DECF        ByteToStr_DigitPos_L0, 1, 1
;__Lib_Conversions.c,74 :: 		
L_ByteToStr3:
;__Lib_Conversions.c,75 :: 		
0x07E6	0x5119      	MOVF        ByteToStr_DigitPos_L0, 0, 1
0x07E8	0x2517      	ADDWF       FARG_ByteToStr_output, 0, 1
0x07EA	0x6F1A      	MOVWF       FLOC__ByteToStr, 1
0x07EC	0x0E00      	MOVLW       0
0x07EE	0x2118      	ADDWFC      FARG_ByteToStr_output+1, 0, 1
0x07F0	0x6F1B      	MOVWF       FLOC__ByteToStr+1, 1
0x07F2	0x0E0A      	MOVLW       10
0x07F4	0x6E04      	MOVWF       R4 
0x07F6	0xF000C316  	MOVFF       FARG_ByteToStr_input, R0
0x07FA	0xDFB0      	RCALL       _Div_8x8_U
0x07FC	0xF000C008  	MOVFF       R8, R0
0x0800	0x0E30      	MOVLW       48
0x0802	0x2600      	ADDWF       R0, 1 
0x0804	0xFFE1C31A  	MOVFF       FLOC__ByteToStr, FSR1L
0x0808	0xFFE2C31B  	MOVFF       FLOC__ByteToStr+1, FSR1H
0x080C	0xFFE6C000  	MOVFF       R0, POSTINC1
;__Lib_Conversions.c,76 :: 		
0x0810	0x0E0A      	MOVLW       10
0x0812	0x6E04      	MOVWF       R4 
0x0814	0xF000C316  	MOVFF       FARG_ByteToStr_input, R0
0x0818	0xDFA1      	RCALL       _Div_8x8_U
0x081A	0xF316C000  	MOVFF       R0, FARG_ByteToStr_input
;__Lib_Conversions.c,77 :: 		
0x081E	0x5000      	MOVF        R0, 0 
0x0820	0x0A00      	XORLW       0
0x0822	0xE101      	BNZ         L_ByteToStr5
;__Lib_Conversions.c,78 :: 		
0x0824	0xD002      	BRA         L_ByteToStr4
L_ByteToStr5:
;__Lib_Conversions.c,79 :: 		
0x0826	0x0719      	DECF        ByteToStr_DigitPos_L0, 1, 1
;__Lib_Conversions.c,80 :: 		
0x0828	0xD7DE      	BRA         L_ByteToStr3
L_ByteToStr4:
;__Lib_Conversions.c,81 :: 		
L_end_ByteToStr:
0x082A	0x0012      	RETURN      0
; end of _ByteToStr
_Delay_5500us:
;__Lib_Delays.c,31 :: 		void Delay_5500us() {
;__Lib_Delays.c,32 :: 		Delay_us(5500);
0x082C	0x0E2D      	MOVLW       45
0x082E	0x6E0C      	MOVWF       R12, 0
0x0830	0x0EA3      	MOVLW       163
0x0832	0x6E0D      	MOVWF       R13, 0
L_Delay_5500us5:
0x0834	0x2E0D      	DECFSZ      R13, 1, 0
0x0836	0xD7FE      	BRA         L_Delay_5500us5
0x0838	0x2E0C      	DECFSZ      R12, 1, 0
0x083A	0xD7FC      	BRA         L_Delay_5500us5
0x083C	0x0000      	NOP
;__Lib_Delays.c,33 :: 		}
0x083E	0x0012      	RETURN      0
; end of _Delay_5500us
_SPI_Ethernet_putConstBytes:
;__Lib_EthEnc28j60.c,2702 :: 		
;__Lib_EthEnc28j60.c,2704 :: 		
0x0840	0x9080      	BCF         SPI_Ethernet_CS, BitPos(SPI_Ethernet_CS+0) 
;__Lib_EthEnc28j60.c,2705 :: 		
0x0842	0xFFE1C106  	MOVFF       _SPI_Rd_Ptr+2, FSR1L
0x0846	0xFFE2C107  	MOVFF       _SPI_Rd_Ptr+3, FSR1H
0x084A	0x0E7A      	MOVLW       122
0x084C	0x6EE6      	MOVWF       POSTINC1 
0x084E	0xF000C104  	MOVFF       _SPI_Rd_Ptr, R0
0x0852	0xF001C105  	MOVFF       _SPI_Rd_Ptr+1, R1
0x0856	0xDC6A      	RCALL       _____DoIFC
;__Lib_EthEnc28j60.c,2706 :: 		
L_SPI_Ethernet_putConstBytes260:
0x0858	0xF000C319  	MOVFF       FARG_SPI_Ethernet_putConstBytes_n, R0
0x085C	0xF001C31A  	MOVFF       FARG_SPI_Ethernet_putConstBytes_n+1, R1
0x0860	0x0E01      	MOVLW       1
0x0862	0x0103      	MOVLB       3
0x0864	0x5F19      	SUBWF       FARG_SPI_Ethernet_putConstBytes_n, 1, 1
0x0866	0x0E00      	MOVLW       0
0x0868	0x5B1A      	SUBWFB      FARG_SPI_Ethernet_putConstBytes_n+1, 1, 1
0x086A	0x5000      	MOVF        R0, 0 
0x086C	0x1001      	IORWF       R1, 0 
0x086E	0xE01B      	BZ          L_SPI_Ethernet_putConstBytes261
;__Lib_EthEnc28j60.c,2708 :: 		
0x0870	0xFFE1C106  	MOVFF       _SPI_Rd_Ptr+2, FSR1L
0x0874	0xFFE2C107  	MOVFF       _SPI_Rd_Ptr+3, FSR1H
0x0878	0xFFF6C316  	MOVFF       FARG_SPI_Ethernet_putConstBytes_ptr, 4086
0x087C	0xFFF7C317  	MOVFF       FARG_SPI_Ethernet_putConstBytes_ptr+1, TBLPTRH
0x0880	0xFFF8C318  	MOVFF       FARG_SPI_Ethernet_putConstBytes_ptr+2, TBLPTRU
0x0884	0x0009      	TBLRD*+
0x0886	0xF000CFF5  	MOVFF       TABLAT, R0
0x088A	0xFFE6C000  	MOVFF       R0, POSTINC1
0x088E	0xF000C104  	MOVFF       _SPI_Rd_Ptr, R0
0x0892	0xF001C105  	MOVFF       _SPI_Rd_Ptr+1, R1
0x0896	0xDC4A      	RCALL       _____DoIFC
0x0898	0x0E01      	MOVLW       1
0x089A	0x0103      	MOVLB       3
0x089C	0x2716      	ADDWF       FARG_SPI_Ethernet_putConstBytes_ptr, 1, 1
0x089E	0x0E00      	MOVLW       0
0x08A0	0x2317      	ADDWFC      FARG_SPI_Ethernet_putConstBytes_ptr+1, 1, 1
0x08A2	0x2318      	ADDWFC      FARG_SPI_Ethernet_putConstBytes_ptr+2, 1, 1
;__Lib_EthEnc28j60.c,2709 :: 		
0x08A4	0xD7D9      	BRA         L_SPI_Ethernet_putConstBytes260
L_SPI_Ethernet_putConstBytes261:
;__Lib_EthEnc28j60.c,2710 :: 		
0x08A6	0x8080      	BSF         SPI_Ethernet_CS, BitPos(SPI_Ethernet_CS+0) 
;__Lib_EthEnc28j60.c,2711 :: 		
L_end_SPI_Ethernet_putConstBytes:
0x08A8	0x0012      	RETURN      0
; end of _SPI_Ethernet_putConstBytes
_Delay_500us:
;__Lib_Delays.c,27 :: 		void Delay_500us() {
;__Lib_Delays.c,28 :: 		Delay_us(498);
0x08AA	0x0E05      	MOVLW       5
0x08AC	0x6E0C      	MOVWF       R12, 0
0x08AE	0x0E09      	MOVLW       9
0x08B0	0x6E0D      	MOVWF       R13, 0
L_Delay_500us4:
0x08B2	0x2E0D      	DECFSZ      R13, 1, 0
0x08B4	0xD7FE      	BRA         L_Delay_500us4
0x08B6	0x2E0C      	DECFSZ      R12, 1, 0
0x08B8	0xD7FC      	BRA         L_Delay_500us4
;__Lib_Delays.c,29 :: 		}
0x08BA	0x0012      	RETURN      0
; end of _Delay_500us
_Delay_50us:
;__Lib_Delays.c,19 :: 		void Delay_50us() {
;__Lib_Delays.c,20 :: 		Delay_us(50);
0x08BC	0x0E67      	MOVLW       103
0x08BE	0x6E0D      	MOVWF       R13, 0
L_Delay_50us2:
0x08C0	0x2E0D      	DECFSZ      R13, 1, 0
0x08C2	0xD7FE      	BRA         L_Delay_50us2
0x08C4	0x0000      	NOP
0x08C6	0x0000      	NOP
;__Lib_Delays.c,21 :: 		}
0x08C8	0x0012      	RETURN      0
; end of _Delay_50us
_SPI_Ethernet_sendUDP2:
;__Lib_EthEnc28j60.c,1419 :: 		
;__Lib_EthEnc28j60.c,1428 :: 		
0x08CA	0x0EAF      	MOVLW       175
0x08CC	0x0103      	MOVLB       3
0x08CE	0x6F24      	MOVWF       FARG_SPI_Ethernet_memcpy_addr, 1
0x08D0	0x0E19      	MOVLW       25
0x08D2	0x6F25      	MOVWF       FARG_SPI_Ethernet_memcpy_addr+1, 1
0x08D4	0xF326C316  	MOVFF       FARG_SPI_Ethernet_sendUDP2_destMac, FARG_SPI_Ethernet_memcpy_s
0x08D8	0xF327C317  	MOVFF       FARG_SPI_Ethernet_sendUDP2_destMac+1, FARG_SPI_Ethernet_memcpy_s+1
0x08DC	0x0E06      	MOVLW       6
0x08DE	0x6F28      	MOVWF       FARG_SPI_Ethernet_memcpy_l, 1
0x08E0	0x0E00      	MOVLW       0
0x08E2	0x6F29      	MOVWF       FARG_SPI_Ethernet_memcpy_l+1, 1
0x08E4	0xDD02      	RCALL       _SPI_Ethernet_memcpy
;__Lib_EthEnc28j60.c,1429 :: 		
0x08E6	0x0E1C      	MOVLW       _SPI_Ethernet_macAddr
0x08E8	0x6F24      	MOVWF       FARG_SPI_Ethernet_putBytes_ptr, 1
0x08EA	0x0E01      	MOVLW       hi_addr(_SPI_Ethernet_macAddr)
0x08EC	0x6F25      	MOVWF       FARG_SPI_Ethernet_putBytes_ptr+1, 1
0x08EE	0x0E06      	MOVLW       6
0x08F0	0x6F26      	MOVWF       FARG_SPI_Ethernet_putBytes_n, 1
0x08F2	0x0E00      	MOVLW       0
0x08F4	0x6F27      	MOVWF       FARG_SPI_Ethernet_putBytes_n+1, 1
0x08F6	0xDD2A      	RCALL       _SPI_Ethernet_putBytes
;__Lib_EthEnc28j60.c,1430 :: 		
0x08F8	0x0E00      	MOVLW       0
0x08FA	0x6F24      	MOVWF       FARG_SPI_Ethernet_writeMemory2_v, 1
0x08FC	0x0E08      	MOVLW       8
0x08FE	0x6F25      	MOVWF       FARG_SPI_Ethernet_writeMemory2_v+1, 1
0x0900	0xDF09      	RCALL       _SPI_Ethernet_writeMemory2
;__Lib_EthEnc28j60.c,1435 :: 		
0x0902	0x0E1C      	MOVLW       28
0x0904	0x0103      	MOVLB       3
0x0906	0x251E      	ADDWF       FARG_SPI_Ethernet_sendUDP2_pktLen, 0, 1
0x0908	0x6F21      	MOVWF       SPI_Ethernet_sendUDP2_totlen_L0, 1
0x090A	0x0E00      	MOVLW       0
0x090C	0x211F      	ADDWFC      FARG_SPI_Ethernet_sendUDP2_pktLen+1, 0, 1
0x090E	0x6F22      	MOVWF       SPI_Ethernet_sendUDP2_totlen_L0+1, 1
;__Lib_EthEnc28j60.c,1436 :: 		
0x0910	0x0E00      	MOVLW       0
0x0912	0x6F24      	MOVWF       FARG_SPI_Ethernet_writeMemory2_v, 1
0x0914	0x0E45      	MOVLW       69
0x0916	0x6F25      	MOVWF       FARG_SPI_Ethernet_writeMemory2_v+1, 1
0x0918	0xDEFD      	RCALL       _SPI_Ethernet_writeMemory2
;__Lib_EthEnc28j60.c,1437 :: 		
0x091A	0xF324C321  	MOVFF       SPI_Ethernet_sendUDP2_totlen_L0, FARG_SPI_Ethernet_writeMemory2_v
0x091E	0xF325C322  	MOVFF       SPI_Ethernet_sendUDP2_totlen_L0+1, FARG_SPI_Ethernet_writeMemory2_v+1
0x0922	0xDEF8      	RCALL       _SPI_Ethernet_writeMemory2
;__Lib_EthEnc28j60.c,1438 :: 		
0x0924	0xF324C13C  	MOVFF       SPI_Ethernet_sendUDP2_idUniq_L0, FARG_SPI_Ethernet_writeMemory2_v
0x0928	0xF325C13D  	MOVFF       SPI_Ethernet_sendUDP2_idUniq_L0+1, FARG_SPI_Ethernet_writeMemory2_v+1
0x092C	0xDEF3      	RCALL       _SPI_Ethernet_writeMemory2
0x092E	0x0101      	MOVLB       1
0x0930	0x4B3C      	INFSNZ      SPI_Ethernet_sendUDP2_idUniq_L0, 1, 1
0x0932	0x2B3D      	INCF        SPI_Ethernet_sendUDP2_idUniq_L0+1, 1, 1
;__Lib_EthEnc28j60.c,1439 :: 		
0x0934	0x0103      	MOVLB       3
0x0936	0x6B24      	CLRF        FARG_SPI_Ethernet_writeMemory2_v, 1
0x0938	0x6B25      	CLRF        FARG_SPI_Ethernet_writeMemory2_v+1, 1
0x093A	0xDEEC      	RCALL       _SPI_Ethernet_writeMemory2
;__Lib_EthEnc28j60.c,1440 :: 		
0x093C	0x0E11      	MOVLW       17
0x093E	0x0103      	MOVLB       3
0x0940	0x6F24      	MOVWF       FARG_SPI_Ethernet_writeMemory2_v, 1
0x0942	0x0E80      	MOVLW       128
0x0944	0x6F25      	MOVWF       FARG_SPI_Ethernet_writeMemory2_v+1, 1
0x0946	0xDEE6      	RCALL       _SPI_Ethernet_writeMemory2
;__Lib_EthEnc28j60.c,1441 :: 		
0x0948	0x0103      	MOVLB       3
0x094A	0x6B24      	CLRF        FARG_SPI_Ethernet_writeMemory2_v, 1
0x094C	0x6B25      	CLRF        FARG_SPI_Ethernet_writeMemory2_v+1, 1
0x094E	0xDEE2      	RCALL       _SPI_Ethernet_writeMemory2
;__Lib_EthEnc28j60.c,1442 :: 		
0x0950	0x0E18      	MOVLW       _SPI_Ethernet_ipAddr
0x0952	0x0103      	MOVLB       3
0x0954	0x6F24      	MOVWF       FARG_SPI_Ethernet_putBytes_ptr, 1
0x0956	0x0E01      	MOVLW       hi_addr(_SPI_Ethernet_ipAddr)
0x0958	0x6F25      	MOVWF       FARG_SPI_Ethernet_putBytes_ptr+1, 1
0x095A	0x0E04      	MOVLW       4
0x095C	0x6F26      	MOVWF       FARG_SPI_Ethernet_putBytes_n, 1
0x095E	0x0E00      	MOVLW       0
0x0960	0x6F27      	MOVWF       FARG_SPI_Ethernet_putBytes_n+1, 1
0x0962	0xDCF4      	RCALL       _SPI_Ethernet_putBytes
;__Lib_EthEnc28j60.c,1443 :: 		
0x0964	0xF324C318  	MOVFF       FARG_SPI_Ethernet_sendUDP2_destIP, FARG_SPI_Ethernet_putBytes_ptr
0x0968	0xF325C319  	MOVFF       FARG_SPI_Ethernet_sendUDP2_destIP+1, FARG_SPI_Ethernet_putBytes_ptr+1
0x096C	0x0E04      	MOVLW       4
0x096E	0x6F26      	MOVWF       FARG_SPI_Ethernet_putBytes_n, 1
0x0970	0x0E00      	MOVLW       0
0x0972	0x6F27      	MOVWF       FARG_SPI_Ethernet_putBytes_n+1, 1
0x0974	0xDCEB      	RCALL       _SPI_Ethernet_putBytes
;__Lib_EthEnc28j60.c,1448 :: 		
0x0976	0x0E08      	MOVLW       8
0x0978	0x251E      	ADDWF       FARG_SPI_Ethernet_sendUDP2_pktLen, 0, 1
0x097A	0x6F21      	MOVWF       SPI_Ethernet_sendUDP2_totlen_L0, 1
0x097C	0x0E00      	MOVLW       0
0x097E	0x211F      	ADDWFC      FARG_SPI_Ethernet_sendUDP2_pktLen+1, 0, 1
0x0980	0x6F22      	MOVWF       SPI_Ethernet_sendUDP2_totlen_L0+1, 1
;__Lib_EthEnc28j60.c,1449 :: 		
0x0982	0xF324C31A  	MOVFF       FARG_SPI_Ethernet_sendUDP2_sourcePort, FARG_SPI_Ethernet_writeMemory2_v
0x0986	0xF325C31B  	MOVFF       FARG_SPI_Ethernet_sendUDP2_sourcePort+1, FARG_SPI_Ethernet_writeMemory2_v+1
0x098A	0xDEC4      	RCALL       _SPI_Ethernet_writeMemory2
;__Lib_EthEnc28j60.c,1450 :: 		
0x098C	0xF324C31C  	MOVFF       FARG_SPI_Ethernet_sendUDP2_destPort, FARG_SPI_Ethernet_writeMemory2_v
0x0990	0xF325C31D  	MOVFF       FARG_SPI_Ethernet_sendUDP2_destPort+1, FARG_SPI_Ethernet_writeMemory2_v+1
0x0994	0xDEBF      	RCALL       _SPI_Ethernet_writeMemory2
;__Lib_EthEnc28j60.c,1451 :: 		
0x0996	0xF324C321  	MOVFF       SPI_Ethernet_sendUDP2_totlen_L0, FARG_SPI_Ethernet_writeMemory2_v
0x099A	0xF325C322  	MOVFF       SPI_Ethernet_sendUDP2_totlen_L0+1, FARG_SPI_Ethernet_writeMemory2_v+1
0x099E	0xDEBA      	RCALL       _SPI_Ethernet_writeMemory2
;__Lib_EthEnc28j60.c,1452 :: 		
0x09A0	0x0103      	MOVLB       3
0x09A2	0x6B24      	CLRF        FARG_SPI_Ethernet_writeMemory2_v, 1
0x09A4	0x6B25      	CLRF        FARG_SPI_Ethernet_writeMemory2_v+1, 1
0x09A6	0xDEB6      	RCALL       _SPI_Ethernet_writeMemory2
;__Lib_EthEnc28j60.c,1457 :: 		
0x09A8	0x0EBD      	MOVLW       189
0x09AA	0x0103      	MOVLB       3
0x09AC	0x6F24      	MOVWF       FARG_SPI_Ethernet_checksum_start, 1
0x09AE	0x0E19      	MOVLW       25
0x09B0	0x6F25      	MOVWF       FARG_SPI_Ethernet_checksum_start+1, 1
0x09B2	0x0E14      	MOVLW       20
0x09B4	0x6F26      	MOVWF       FARG_SPI_Ethernet_checksum_l, 1
0x09B6	0x0E00      	MOVLW       0
0x09B8	0x6F27      	MOVWF       FARG_SPI_Ethernet_checksum_l+1, 1
0x09BA	0xDDF2      	RCALL       _SPI_Ethernet_checksum
;__Lib_EthEnc28j60.c,1458 :: 		
0x09BC	0x0E16      	MOVLW       22
0x09BE	0x0103      	MOVLB       3
0x09C0	0x6F2E      	MOVWF       FARG_SPI_Ethernet_readReg_addr, 1
0x09C2	0xDC09      	RCALL       _SPI_Ethernet_readReg
0x09C4	0xF323C000  	MOVFF       R0, FLOC__SPI_Ethernet_sendUDP2
0x09C8	0x0E17      	MOVLW       23
0x09CA	0x0103      	MOVLB       3
0x09CC	0x6F2E      	MOVWF       FARG_SPI_Ethernet_readReg_addr, 1
0x09CE	0xDC03      	RCALL       _SPI_Ethernet_readReg
0x09D0	0xF326C000  	MOVFF       R0, FARG_SPI_Ethernet_writeMemory_v1
0x09D4	0x0EC7      	MOVLW       199
0x09D6	0x0103      	MOVLB       3
0x09D8	0x6F24      	MOVWF       FARG_SPI_Ethernet_writeMemory_addr, 1
0x09DA	0x0E19      	MOVLW       25
0x09DC	0x6F25      	MOVWF       FARG_SPI_Ethernet_writeMemory_addr+1, 1
0x09DE	0xF327C323  	MOVFF       FLOC__SPI_Ethernet_sendUDP2, FARG_SPI_Ethernet_writeMemory_v2
0x09E2	0xDE06      	RCALL       _SPI_Ethernet_writeMemory
;__Lib_EthEnc28j60.c,1465 :: 		
0x09E4	0x0E01      	MOVLW       1
0x09E6	0x0103      	MOVLB       3
0x09E8	0x1521      	ANDWF       SPI_Ethernet_sendUDP2_totlen_L0, 0, 1
0x09EA	0x6F20      	MOVWF       SPI_Ethernet_sendUDP2_align_L0, 1
;__Lib_EthEnc28j60.c,1466 :: 		
0x09EC	0x0ED9      	MOVLW       217
0x09EE	0x251E      	ADDWF       FARG_SPI_Ethernet_sendUDP2_pktLen, 0, 1
0x09F0	0x6F2E      	MOVWF       FARG_SPI_Ethernet_writeMem_addr, 1
0x09F2	0x0E19      	MOVLW       25
0x09F4	0x211F      	ADDWFC      FARG_SPI_Ethernet_sendUDP2_pktLen+1, 0, 1
0x09F6	0x6F2F      	MOVWF       FARG_SPI_Ethernet_writeMem_addr+1, 1
0x09F8	0x6B30      	CLRF        FARG_SPI_Ethernet_writeMem_v1, 1
0x09FA	0xF000ECCA  	CALL        _SPI_Ethernet_writeMem, 0
;__Lib_EthEnc28j60.c,1469 :: 		
0x09FE	0x0EC9      	MOVLW       201
0x0A00	0x0103      	MOVLB       3
0x0A02	0x6F24      	MOVWF       FARG_SPI_Ethernet_RAMcopy_start, 1
0x0A04	0x0E19      	MOVLW       25
0x0A06	0x6F25      	MOVWF       FARG_SPI_Ethernet_RAMcopy_start+1, 1
0x0A08	0x0ED1      	MOVLW       209
0x0A0A	0x6F26      	MOVWF       FARG_SPI_Ethernet_RAMcopy_stop, 1
0x0A0C	0x0E19      	MOVLW       25
0x0A0E	0x6F27      	MOVWF       FARG_SPI_Ethernet_RAMcopy_stop+1, 1
0x0A10	0x0ED9      	MOVLW       217
0x0A12	0x251E      	ADDWF       FARG_SPI_Ethernet_sendUDP2_pktLen, 0, 1
0x0A14	0x6F28      	MOVWF       FARG_SPI_Ethernet_RAMcopy_dest, 1
0x0A16	0x0E19      	MOVLW       25
0x0A18	0x211F      	ADDWFC      FARG_SPI_Ethernet_sendUDP2_pktLen+1, 0, 1
0x0A1A	0x6F29      	MOVWF       FARG_SPI_Ethernet_RAMcopy_dest+1, 1
0x0A1C	0x5120      	MOVF        SPI_Ethernet_sendUDP2_align_L0, 0, 1
0x0A1E	0x2728      	ADDWF       FARG_SPI_Ethernet_RAMcopy_dest, 1, 1
0x0A20	0x0E00      	MOVLW       0
0x0A22	0x2329      	ADDWFC      FARG_SPI_Ethernet_RAMcopy_dest+1, 1, 1
0x0A24	0x6B2A      	CLRF        FARG_SPI_Ethernet_RAMcopy_w, 1
0x0A26	0xDDEF      	RCALL       _SPI_Ethernet_RAMcopy
;__Lib_EthEnc28j60.c,1470 :: 		
0x0A28	0x0ED9      	MOVLW       217
0x0A2A	0x251E      	ADDWF       FARG_SPI_Ethernet_sendUDP2_pktLen, 0, 1
0x0A2C	0x6F24      	MOVWF       FARG_SPI_Ethernet_writeMemory_addr, 1
0x0A2E	0x0E19      	MOVLW       25
0x0A30	0x211F      	ADDWFC      FARG_SPI_Ethernet_sendUDP2_pktLen+1, 0, 1
0x0A32	0x6F25      	MOVWF       FARG_SPI_Ethernet_writeMemory_addr+1, 1
0x0A34	0x5120      	MOVF        SPI_Ethernet_sendUDP2_align_L0, 0, 1
0x0A36	0x2724      	ADDWF       FARG_SPI_Ethernet_writeMemory_addr, 1, 1
0x0A38	0x0E00      	MOVLW       0
0x0A3A	0x2325      	ADDWFC      FARG_SPI_Ethernet_writeMemory_addr+1, 1, 1
0x0A3C	0x0E08      	MOVLW       8
0x0A3E	0x2724      	ADDWF       FARG_SPI_Ethernet_writeMemory_addr, 1, 1
0x0A40	0x0E00      	MOVLW       0
0x0A42	0x2325      	ADDWFC      FARG_SPI_Ethernet_writeMemory_addr+1, 1, 1
0x0A44	0x6B26      	CLRF        FARG_SPI_Ethernet_writeMemory_v1, 1
0x0A46	0x0E11      	MOVLW       17
0x0A48	0x6F27      	MOVWF       FARG_SPI_Ethernet_writeMemory_v2, 1
0x0A4A	0xDDD2      	RCALL       _SPI_Ethernet_writeMemory
;__Lib_EthEnc28j60.c,1471 :: 		
0x0A4C	0xF32EC322  	MOVFF       SPI_Ethernet_sendUDP2_totlen_L0+1, FARG_SPI_Ethernet_putByte_v
0x0A50	0xF001EC03  	CALL        _SPI_Ethernet_putByte, 0
;__Lib_EthEnc28j60.c,1472 :: 		
0x0A54	0xF32EC321  	MOVFF       SPI_Ethernet_sendUDP2_totlen_L0, FARG_SPI_Ethernet_putByte_v
0x0A58	0xF001EC03  	CALL        _SPI_Ethernet_putByte, 0
;__Lib_EthEnc28j60.c,1475 :: 		
0x0A5C	0x0ED1      	MOVLW       209
0x0A5E	0x0103      	MOVLB       3
0x0A60	0x6F24      	MOVWF       FARG_SPI_Ethernet_checksum_start, 1
0x0A62	0x0E19      	MOVLW       25
0x0A64	0x6F25      	MOVWF       FARG_SPI_Ethernet_checksum_start+1, 1
0x0A66	0x0E0C      	MOVLW       12
0x0A68	0x2521      	ADDWF       SPI_Ethernet_sendUDP2_totlen_L0, 0, 1
0x0A6A	0x6F26      	MOVWF       FARG_SPI_Ethernet_checksum_l, 1
0x0A6C	0x0E00      	MOVLW       0
0x0A6E	0x2122      	ADDWFC      SPI_Ethernet_sendUDP2_totlen_L0+1, 0, 1
0x0A70	0x6F27      	MOVWF       FARG_SPI_Ethernet_checksum_l+1, 1
0x0A72	0x5120      	MOVF        SPI_Ethernet_sendUDP2_align_L0, 0, 1
0x0A74	0x2726      	ADDWF       FARG_SPI_Ethernet_checksum_l, 1, 1
0x0A76	0x0E00      	MOVLW       0
0x0A78	0x2327      	ADDWFC      FARG_SPI_Ethernet_checksum_l+1, 1, 1
0x0A7A	0xDD92      	RCALL       _SPI_Ethernet_checksum
;__Lib_EthEnc28j60.c,1476 :: 		
0x0A7C	0x0E16      	MOVLW       22
0x0A7E	0x0103      	MOVLB       3
0x0A80	0x6F2E      	MOVWF       FARG_SPI_Ethernet_readReg_addr, 1
0x0A82	0xF000ECEB  	CALL        _SPI_Ethernet_readReg, 0
0x0A86	0xF323C000  	MOVFF       R0, FLOC__SPI_Ethernet_sendUDP2
0x0A8A	0x0E17      	MOVLW       23
0x0A8C	0x0103      	MOVLB       3
0x0A8E	0x6F2E      	MOVWF       FARG_SPI_Ethernet_readReg_addr, 1
0x0A90	0xF000ECEB  	CALL        _SPI_Ethernet_readReg, 0
0x0A94	0xF326C000  	MOVFF       R0, FARG_SPI_Ethernet_writeMemory_v1
0x0A98	0x0ED7      	MOVLW       215
0x0A9A	0x0103      	MOVLB       3
0x0A9C	0x6F24      	MOVWF       FARG_SPI_Ethernet_writeMemory_addr, 1
0x0A9E	0x0E19      	MOVLW       25
0x0AA0	0x6F25      	MOVWF       FARG_SPI_Ethernet_writeMemory_addr+1, 1
0x0AA2	0xF327C323  	MOVFF       FLOC__SPI_Ethernet_sendUDP2, FARG_SPI_Ethernet_writeMemory_v2
0x0AA6	0xDDA4      	RCALL       _SPI_Ethernet_writeMemory
;__Lib_EthEnc28j60.c,1481 :: 		
0x0AA8	0x0E2A      	MOVLW       42
0x0AAA	0x0103      	MOVLB       3
0x0AAC	0x251E      	ADDWF       FARG_SPI_Ethernet_sendUDP2_pktLen, 0, 1
0x0AAE	0x6F24      	MOVWF       FARG_SPI_Ethernet_TXpacket_l, 1
0x0AB0	0x0E00      	MOVLW       0
0x0AB2	0x211F      	ADDWFC      FARG_SPI_Ethernet_sendUDP2_pktLen+1, 0, 1
0x0AB4	0x6F25      	MOVWF       FARG_SPI_Ethernet_TXpacket_l+1, 1
0x0AB6	0xDC9F      	RCALL       _SPI_Ethernet_TXpacket
;__Lib_EthEnc28j60.c,1482 :: 		
L_end_SPI_Ethernet_sendUDP2:
0x0AB8	0x0012      	RETURN      0
; end of _SPI_Ethernet_sendUDP2
_SPI_Ethernet_getBytes:
;__Lib_EthEnc28j60.c,516 :: 		
;__Lib_EthEnc28j60.c,518 :: 		
0x0ABA	0x0103      	MOVLB       3
0x0ABC	0x5119      	MOVF        FARG_SPI_Ethernet_getBytes_addr+1, 0, 1
0x0ABE	0x0AFF      	XORLW       255
0x0AC0	0xE102      	BNZ         L__SPI_Ethernet_getBytes295
0x0AC2	0x0EFF      	MOVLW       255
0x0AC4	0x1918      	XORWF       FARG_SPI_Ethernet_getBytes_addr, 0, 1
L__SPI_Ethernet_getBytes295:
0x0AC6	0xE007      	BZ          L_SPI_Ethernet_getBytes13
;__Lib_EthEnc28j60.c,520 :: 		
0x0AC8	0x6B31      	CLRF        FARG_SPI_Ethernet_writeAddr_addr, 1
0x0ACA	0xF332C318  	MOVFF       FARG_SPI_Ethernet_getBytes_addr, FARG_SPI_Ethernet_writeAddr_v
0x0ACE	0xF333C319  	MOVFF       FARG_SPI_Ethernet_getBytes_addr+1, FARG_SPI_Ethernet_writeAddr_v+1
0x0AD2	0xF000ECA2  	CALL        _SPI_Ethernet_writeAddr, 0
;__Lib_EthEnc28j60.c,521 :: 		
L_SPI_Ethernet_getBytes13:
;__Lib_EthEnc28j60.c,523 :: 		
0x0AD6	0x9080      	BCF         SPI_Ethernet_CS, BitPos(SPI_Ethernet_CS+0) 
;__Lib_EthEnc28j60.c,524 :: 		
0x0AD8	0xFFE1C106  	MOVFF       _SPI_Rd_Ptr+2, FSR1L
0x0ADC	0xFFE2C107  	MOVFF       _SPI_Rd_Ptr+3, FSR1H
0x0AE0	0x0E3A      	MOVLW       58
0x0AE2	0x6EE6      	MOVWF       POSTINC1 
0x0AE4	0xF000C104  	MOVFF       _SPI_Rd_Ptr, R0
0x0AE8	0xF001C105  	MOVFF       _SPI_Rd_Ptr+1, R1
0x0AEC	0xF000EC96  	CALL        _____DoIFC, 0
;__Lib_EthEnc28j60.c,525 :: 		
L_SPI_Ethernet_getBytes14:
0x0AF0	0xF000C31A  	MOVFF       FARG_SPI_Ethernet_getBytes_n, R0
0x0AF4	0xF001C31B  	MOVFF       FARG_SPI_Ethernet_getBytes_n+1, R1
0x0AF8	0x0E01      	MOVLW       1
0x0AFA	0x0103      	MOVLB       3
0x0AFC	0x5F1A      	SUBWF       FARG_SPI_Ethernet_getBytes_n, 1, 1
0x0AFE	0x0E00      	MOVLW       0
0x0B00	0x5B1B      	SUBWFB      FARG_SPI_Ethernet_getBytes_n+1, 1, 1
0x0B02	0x5000      	MOVF        R0, 0 
0x0B04	0x1001      	IORWF       R1, 0 
0x0B06	0xE015      	BZ          L_SPI_Ethernet_getBytes15
;__Lib_EthEnc28j60.c,527 :: 		
0x0B08	0xFFE1C106  	MOVFF       _SPI_Rd_Ptr+2, FSR1L
0x0B0C	0xFFE2C107  	MOVFF       _SPI_Rd_Ptr+3, FSR1H
0x0B10	0x6AE6      	CLRF        POSTINC1 
0x0B12	0xF000C104  	MOVFF       _SPI_Rd_Ptr, R0
0x0B16	0xF001C105  	MOVFF       _SPI_Rd_Ptr+1, R1
0x0B1A	0xF000EC96  	CALL        _____DoIFC, 0
0x0B1E	0xFFE1C316  	MOVFF       FARG_SPI_Ethernet_getBytes_ptr, FSR1L
0x0B22	0xFFE2C317  	MOVFF       FARG_SPI_Ethernet_getBytes_ptr+1, FSR1H
0x0B26	0xFFE6C000  	MOVFF       R0, POSTINC1
0x0B2A	0x0103      	MOVLB       3
0x0B2C	0x4B16      	INFSNZ      FARG_SPI_Ethernet_getBytes_ptr, 1, 1
0x0B2E	0x2B17      	INCF        FARG_SPI_Ethernet_getBytes_ptr+1, 1, 1
;__Lib_EthEnc28j60.c,528 :: 		
0x0B30	0xD7DF      	BRA         L_SPI_Ethernet_getBytes14
L_SPI_Ethernet_getBytes15:
;__Lib_EthEnc28j60.c,529 :: 		
0x0B32	0x8080      	BSF         SPI_Ethernet_CS, BitPos(SPI_Ethernet_CS+0) 
;__Lib_EthEnc28j60.c,530 :: 		
L_end_SPI_Ethernet_getBytes:
0x0B34	0x0012      	RETURN      0
; end of _SPI_Ethernet_getBytes
__Lib_EthEnc28j60_mkSubnetBroadcast:
;__Lib_EthEnc28j60.c,245 :: 		
;__Lib_EthEnc28j60.c,248 :: 		
0x0B36	0xF324C316  	MOVFF       FARG___Lib_EthEnc28j60_mkSubnetBroadcast_subbrdcst, FARG_memcpy_d1
0x0B3A	0xF325C317  	MOVFF       FARG___Lib_EthEnc28j60_mkSubnetBroadcast_subbrdcst+1, FARG_memcpy_d1+1
0x0B3E	0x0E18      	MOVLW       _SPI_Ethernet_ipAddr
0x0B40	0x0103      	MOVLB       3
0x0B42	0x6F26      	MOVWF       FARG_memcpy_s1, 1
0x0B44	0x0E01      	MOVLW       hi_addr(_SPI_Ethernet_ipAddr)
0x0B46	0x6F27      	MOVWF       FARG_memcpy_s1+1, 1
0x0B48	0x0E04      	MOVLW       4
0x0B4A	0x6F28      	MOVWF       FARG_memcpy_n, 1
0x0B4C	0x0E00      	MOVLW       0
0x0B4E	0x6F29      	MOVWF       FARG_memcpy_n+1, 1
0x0B50	0xDC2A      	RCALL       _memcpy
;__Lib_EthEnc28j60.c,250 :: 		
0x0B52	0x6B18      	CLRF        __Lib_EthEnc28j60_mkSubnetBroadcast_i_L0, 1
L___Lib_EthEnc28j60_mkSubnetBroadcast0:
0x0B54	0x5118      	MOVF        __Lib_EthEnc28j60_mkSubnetBroadcast_i_L0, 0, 1
0x0B56	0x0803      	SUBLW       3
0x0B58	0xE321      	BNC         L___Lib_EthEnc28j60_mkSubnetBroadcast1
;__Lib_EthEnc28j60.c,251 :: 		
0x0B5A	0x5118      	MOVF        __Lib_EthEnc28j60_mkSubnetBroadcast_i_L0, 0, 1
0x0B5C	0x2516      	ADDWF       FARG___Lib_EthEnc28j60_mkSubnetBroadcast_subbrdcst, 0, 1
0x0B5E	0x6E02      	MOVWF       R2 
0x0B60	0x0E00      	MOVLW       0
0x0B62	0x2117      	ADDWFC      FARG___Lib_EthEnc28j60_mkSubnetBroadcast_subbrdcst+1, 0, 1
0x0B64	0x6E03      	MOVWF       R3 
0x0B66	0xFFE9C002  	MOVFF       R2, FSR0L
0x0B6A	0xFFEAC003  	MOVFF       R3, FSR0H
0x0B6E	0xF001CFEE  	MOVFF       POSTINC0, R1
0x0B72	0x0E4F      	MOVLW       _SPI_Ethernet_ipMask
0x0B74	0x6EE9      	MOVWF       FSR0L 
0x0B76	0x0E01      	MOVLW       hi_addr(_SPI_Ethernet_ipMask)
0x0B78	0x6EEA      	MOVWF       FSR0H 
0x0B7A	0x5118      	MOVF        __Lib_EthEnc28j60_mkSubnetBroadcast_i_L0, 0, 1
0x0B7C	0x26E9      	ADDWF       FSR0L, 1 
0x0B7E	0xB0D8      	BTFSC       STATUS, 0 
0x0B80	0x2AEA      	INCF        FSR0H, 1 
0x0B82	0x0EFF      	MOVLW       255
0x0B84	0x18EE      	XORWF       POSTINC0, 0 
0x0B86	0x6E00      	MOVWF       R0 
0x0B88	0x5001      	MOVF        R1, 0 
0x0B8A	0x1200      	IORWF       R0, 1 
0x0B8C	0xFFE1C002  	MOVFF       R2, FSR1L
0x0B90	0xFFE2C003  	MOVFF       R3, FSR1H
0x0B94	0xFFE6C000  	MOVFF       R0, POSTINC1
;__Lib_EthEnc28j60.c,250 :: 		
0x0B98	0x2B18      	INCF        __Lib_EthEnc28j60_mkSubnetBroadcast_i_L0, 1, 1
;__Lib_EthEnc28j60.c,251 :: 		
0x0B9A	0xD7DC      	BRA         L___Lib_EthEnc28j60_mkSubnetBroadcast0
L___Lib_EthEnc28j60_mkSubnetBroadcast1:
;__Lib_EthEnc28j60.c,253 :: 		
L_end_mkSubnetBroadcast:
0x0B9C	0x0012      	RETURN      0
; end of __Lib_EthEnc28j60_mkSubnetBroadcast
_appendBuffer:
;Master.c,183 :: 		void appendBuffer(char *p_ch)
;Master.c,185 :: 		while ((*p_ch) != 0x00)
L_appendBuffer7:
0x0B9E	0xFFE9C316  	MOVFF       FARG_appendBuffer_p_ch, FSR0L
0x0BA2	0xFFEAC317  	MOVFF       FARG_appendBuffer_p_ch+1, FSR0H
0x0BA6	0x50EE      	MOVF        POSTINC0, 0 
0x0BA8	0x0A00      	XORLW       0
0x0BAA	0xE014      	BZ          L_appendBuffer8
;Master.c,187 :: 		buffer[no_ch] = *p_ch;
0x0BAC	0x0E2D      	MOVLW       _buffer
0x0BAE	0x6EE1      	MOVWF       FSR1L 
0x0BB0	0x0E02      	MOVLW       hi_addr(_buffer)
0x0BB2	0x6EE2      	MOVWF       FSR1H 
0x0BB4	0x0101      	MOVLB       1
0x0BB6	0x51B4      	MOVF        _no_ch, 0, 1
0x0BB8	0x26E1      	ADDWF       FSR1L, 1 
0x0BBA	0xB0D8      	BTFSC       STATUS, 0 
0x0BBC	0x2AE2      	INCF        FSR1H, 1 
0x0BBE	0xFFE9C316  	MOVFF       FARG_appendBuffer_p_ch, FSR0L
0x0BC2	0xFFEAC317  	MOVFF       FARG_appendBuffer_p_ch+1, FSR0H
0x0BC6	0xFFE6CFEE  	MOVFF       POSTINC0, POSTINC1
;Master.c,188 :: 		no_ch++;
0x0BCA	0x2BB4      	INCF        _no_ch, 1, 1
;Master.c,189 :: 		p_ch++;
0x0BCC	0x0103      	MOVLB       3
0x0BCE	0x4B16      	INFSNZ      FARG_appendBuffer_p_ch, 1, 1
0x0BD0	0x2B17      	INCF        FARG_appendBuffer_p_ch+1, 1, 1
;Master.c,190 :: 		}
0x0BD2	0xD7E5      	BRA         L_appendBuffer7
L_appendBuffer8:
;Master.c,191 :: 		}
0x0BD4	0x0012      	RETURN      0
; end of _appendBuffer
_memcmp:
;__Lib_CString.c,30 :: 		
;__Lib_CString.c,31 :: 		
L_memcmp4:
0x0BD6	0xF001C31A  	MOVFF       FARG_memcmp_n, R1
0x0BDA	0xF002C31B  	MOVFF       FARG_memcmp_n+1, R2
0x0BDE	0x0E01      	MOVLW       1
0x0BE0	0x0103      	MOVLB       3
0x0BE2	0x5F1A      	SUBWF       FARG_memcmp_n, 1, 1
0x0BE4	0x0E00      	MOVLW       0
0x0BE6	0x5B1B      	SUBWFB      FARG_memcmp_n+1, 1, 1
0x0BE8	0x0E00      	MOVLW       0
0x0BEA	0x1802      	XORWF       R2, 0 
0x0BEC	0xE102      	BNZ         L__memcmp89
0x0BEE	0x0E00      	MOVLW       0
0x0BF0	0x1801      	XORWF       R1, 0 
L__memcmp89:
0x0BF2	0xE01F      	BZ          L_memcmp5
;__Lib_CString.c,32 :: 		
0x0BF4	0xFFE9C316  	MOVFF       FARG_memcmp_s1, FSR0L
0x0BF8	0xFFEAC317  	MOVFF       FARG_memcmp_s1+1, FSR0H
0x0BFC	0xFFD9C318  	MOVFF       FARG_memcmp_s2, FSR2L
0x0C00	0xFFDAC319  	MOVFF       FARG_memcmp_s2+1, FSR2H
0x0C04	0x50EE      	MOVF        POSTINC0, 0 
0x0C06	0x18DE      	XORWF       POSTINC2, 0 
0x0C08	0xE00F      	BZ          L_memcmp6
;__Lib_CString.c,33 :: 		
0x0C0A	0xFFE9C316  	MOVFF       FARG_memcmp_s1, FSR0L
0x0C0E	0xFFEAC317  	MOVFF       FARG_memcmp_s1+1, FSR0H
0x0C12	0xFFD9C318  	MOVFF       FARG_memcmp_s2, FSR2L
0x0C16	0xFFDAC319  	MOVFF       FARG_memcmp_s2+1, FSR2H
0x0C1A	0x50DE      	MOVF        POSTINC2, 0 
0x0C1C	0x5CEE      	SUBWF       POSTINC0, 0 
0x0C1E	0x6E00      	MOVWF       R0 
0x0C20	0x6A01      	CLRF        R1 
0x0C22	0x0E00      	MOVLW       0
0x0C24	0x5A01      	SUBWFB      R1, 1 
0x0C26	0xD007      	BRA         L_end_memcmp
L_memcmp6:
;__Lib_CString.c,37 :: 		
0x0C28	0x4B16      	INFSNZ      FARG_memcmp_s1, 1, 1
0x0C2A	0x2B17      	INCF        FARG_memcmp_s1+1, 1, 1
;__Lib_CString.c,38 :: 		
0x0C2C	0x4B18      	INFSNZ      FARG_memcmp_s2, 1, 1
0x0C2E	0x2B19      	INCF        FARG_memcmp_s2+1, 1, 1
;__Lib_CString.c,39 :: 		
0x0C30	0xD7D2      	BRA         L_memcmp4
L_memcmp5:
;__Lib_CString.c,40 :: 		
0x0C32	0x6A00      	CLRF        R0 
0x0C34	0x6A01      	CLRF        R1 
;__Lib_CString.c,41 :: 		
L_end_memcmp:
0x0C36	0x0012      	RETURN      0
; end of _memcmp
_putString:
;Master.c,173 :: 		unsigned int putString(char *s)
;Master.c,175 :: 		unsigned int cnt = 0;
0x0C38	0x0103      	MOVLB       3
0x0C3A	0x6B10      	CLRF        putString_cnt_L0, 1
0x0C3C	0x6B11      	CLRF        putString_cnt_L0+1, 1
;Master.c,176 :: 		while (*s)
L_putString5:
0x0C3E	0xFFE9C30E  	MOVFF       FARG_putString_s, FSR0L
0x0C42	0xFFEAC30F  	MOVFF       FARG_putString_s+1, FSR0H
0x0C46	0x52EE      	MOVF        POSTINC0, 1 
0x0C48	0xE00E      	BZ          L_putString6
;Master.c,178 :: 		SPI_Ethernet_putByte(*s++);
0x0C4A	0xFFE9C30E  	MOVFF       FARG_putString_s, FSR0L
0x0C4E	0xFFEAC30F  	MOVFF       FARG_putString_s+1, FSR0H
0x0C52	0xF32ECFEE  	MOVFF       POSTINC0, FARG_SPI_Ethernet_putByte_v
0x0C56	0xF001EC03  	CALL        _SPI_Ethernet_putByte, 0
0x0C5A	0x0103      	MOVLB       3
0x0C5C	0x4B0E      	INFSNZ      FARG_putString_s, 1, 1
0x0C5E	0x2B0F      	INCF        FARG_putString_s+1, 1, 1
;Master.c,179 :: 		cnt++;
0x0C60	0x4B10      	INFSNZ      putString_cnt_L0, 1, 1
0x0C62	0x2B11      	INCF        putString_cnt_L0+1, 1, 1
;Master.c,180 :: 		}
0x0C64	0xD7EC      	BRA         L_putString5
L_putString6:
;Master.c,181 :: 		return (cnt);
0x0C66	0xF000C310  	MOVFF       putString_cnt_L0, R0
0x0C6A	0xF001C311  	MOVFF       putString_cnt_L0+1, R1
;Master.c,182 :: 		}
0x0C6E	0x0012      	RETURN      0
; end of _putString
_SPI_Ethernet_DHCPmsg:
;__Lib_EthEnc28j60.c,1980 :: 		
;__Lib_EthEnc28j60.c,1986 :: 		
0x0C70	0x0EF9      	MOVLW       249
0x0C72	0x0103      	MOVLB       3
0x0C74	0x6F11      	MOVWF       SPI_Ethernet_DHCPmsg_len_L0, 1
0x0C76	0x0E00      	MOVLW       0
0x0C78	0x6F12      	MOVWF       SPI_Ethernet_DHCPmsg_len_L0+1, 1
;__Lib_EthEnc28j60.c,1988 :: 		
0x0C7A	0x0E02      	MOVLW       2
0x0C7C	0x6F31      	MOVWF       FARG_SPI_Ethernet_writeAddr_addr, 1
0x0C7E	0x0ED9      	MOVLW       217
0x0C80	0x6F32      	MOVWF       FARG_SPI_Ethernet_writeAddr_v, 1
0x0C82	0x0E19      	MOVLW       25
0x0C84	0x6F33      	MOVWF       FARG_SPI_Ethernet_writeAddr_v+1, 1
0x0C86	0xF000ECA2  	CALL        _SPI_Ethernet_writeAddr, 0
;__Lib_EthEnc28j60.c,1995 :: 		
0x0C8A	0x0E20      	MOVLW       __Lib_EthEnc28j60_dhcp_pkt_1
0x0C8C	0x0103      	MOVLB       3
0x0C8E	0x6F16      	MOVWF       FARG_SPI_Ethernet_putConstBytes_ptr, 1
0x0C90	0x0E38      	MOVLW       hi_addr(__Lib_EthEnc28j60_dhcp_pkt_1)
0x0C92	0x6F17      	MOVWF       FARG_SPI_Ethernet_putConstBytes_ptr+1, 1
0x0C94	0x0E00      	MOVLW       higher_addr(__Lib_EthEnc28j60_dhcp_pkt_1)
0x0C96	0x6F18      	MOVWF       FARG_SPI_Ethernet_putConstBytes_ptr+2, 1
0x0C98	0x0E0C      	MOVLW       12
0x0C9A	0x6F19      	MOVWF       FARG_SPI_Ethernet_putConstBytes_n, 1
0x0C9C	0x0E00      	MOVLW       0
0x0C9E	0x6F1A      	MOVWF       FARG_SPI_Ethernet_putConstBytes_n+1, 1
0x0CA0	0xDDCF      	RCALL       _SPI_Ethernet_putConstBytes
;__Lib_EthEnc28j60.c,1998 :: 		
0x0CA2	0x510E      	MOVF        FARG_SPI_Ethernet_DHCPmsg_messageType, 0, 1
0x0CA4	0x0A03      	XORLW       3
0x0CA6	0xE10D      	BNZ         L_SPI_Ethernet_DHCPmsg164
0x0CA8	0x530F      	MOVF        FARG_SPI_Ethernet_DHCPmsg_renewFlag, 1, 1
0x0CAA	0xE00B      	BZ          L_SPI_Ethernet_DHCPmsg164
L__SPI_Ethernet_DHCPmsg278:
;__Lib_EthEnc28j60.c,1999 :: 		
0x0CAC	0x0E0C      	MOVLW       __Lib_EthEnc28j60_tmpIpAddr
0x0CAE	0x6F24      	MOVWF       FARG_SPI_Ethernet_putBytes_ptr, 1
0x0CB0	0x0E01      	MOVLW       hi_addr(__Lib_EthEnc28j60_tmpIpAddr)
0x0CB2	0x6F25      	MOVWF       FARG_SPI_Ethernet_putBytes_ptr+1, 1
0x0CB4	0x0E04      	MOVLW       4
0x0CB6	0x6F26      	MOVWF       FARG_SPI_Ethernet_putBytes_n, 1
0x0CB8	0x0E00      	MOVLW       0
0x0CBA	0x6F27      	MOVWF       FARG_SPI_Ethernet_putBytes_n+1, 1
0x0CBC	0xF001ECA6  	CALL        _SPI_Ethernet_putBytes, 0
0x0CC0	0xD00A      	BRA         L_SPI_Ethernet_DHCPmsg165
L_SPI_Ethernet_DHCPmsg164:
;__Lib_EthEnc28j60.c,2001 :: 		
0x0CC2	0x6B10      	CLRF        SPI_Ethernet_DHCPmsg_i_L0, 1
L_SPI_Ethernet_DHCPmsg166:
0x0CC4	0x0E04      	MOVLW       4
0x0CC6	0x5D10      	SUBWF       SPI_Ethernet_DHCPmsg_i_L0, 0, 1
0x0CC8	0xE206      	BC          L_SPI_Ethernet_DHCPmsg167
;__Lib_EthEnc28j60.c,2003 :: 		
0x0CCA	0x6B2E      	CLRF        FARG_SPI_Ethernet_putByte_v, 1
0x0CCC	0xF001EC03  	CALL        _SPI_Ethernet_putByte, 0
;__Lib_EthEnc28j60.c,2001 :: 		
0x0CD0	0x0103      	MOVLB       3
0x0CD2	0x2B10      	INCF        SPI_Ethernet_DHCPmsg_i_L0, 1, 1
;__Lib_EthEnc28j60.c,2004 :: 		
0x0CD4	0xD7F7      	BRA         L_SPI_Ethernet_DHCPmsg166
L_SPI_Ethernet_DHCPmsg167:
L_SPI_Ethernet_DHCPmsg165:
;__Lib_EthEnc28j60.c,2006 :: 		
0x0CD6	0x6B10      	CLRF        SPI_Ethernet_DHCPmsg_i_L0, 1
L_SPI_Ethernet_DHCPmsg169:
0x0CD8	0x0E0C      	MOVLW       12
0x0CDA	0x5D10      	SUBWF       SPI_Ethernet_DHCPmsg_i_L0, 0, 1
0x0CDC	0xE206      	BC          L_SPI_Ethernet_DHCPmsg170
;__Lib_EthEnc28j60.c,2008 :: 		
0x0CDE	0x6B2E      	CLRF        FARG_SPI_Ethernet_putByte_v, 1
0x0CE0	0xF001EC03  	CALL        _SPI_Ethernet_putByte, 0
;__Lib_EthEnc28j60.c,2006 :: 		
0x0CE4	0x0103      	MOVLB       3
0x0CE6	0x2B10      	INCF        SPI_Ethernet_DHCPmsg_i_L0, 1, 1
;__Lib_EthEnc28j60.c,2009 :: 		
0x0CE8	0xD7F7      	BRA         L_SPI_Ethernet_DHCPmsg169
L_SPI_Ethernet_DHCPmsg170:
;__Lib_EthEnc28j60.c,2016 :: 		
0x0CEA	0x0E1C      	MOVLW       _SPI_Ethernet_macAddr
0x0CEC	0x6F24      	MOVWF       FARG_SPI_Ethernet_putBytes_ptr, 1
0x0CEE	0x0E01      	MOVLW       hi_addr(_SPI_Ethernet_macAddr)
0x0CF0	0x6F25      	MOVWF       FARG_SPI_Ethernet_putBytes_ptr+1, 1
0x0CF2	0x0E06      	MOVLW       6
0x0CF4	0x6F26      	MOVWF       FARG_SPI_Ethernet_putBytes_n, 1
0x0CF6	0x0E00      	MOVLW       0
0x0CF8	0x6F27      	MOVWF       FARG_SPI_Ethernet_putBytes_n+1, 1
0x0CFA	0xF001ECA6  	CALL        _SPI_Ethernet_putBytes, 0
;__Lib_EthEnc28j60.c,2020 :: 		
0x0CFE	0x6B10      	CLRF        SPI_Ethernet_DHCPmsg_i_L0, 1
L_SPI_Ethernet_DHCPmsg172:
0x0D00	0x0ECA      	MOVLW       202
0x0D02	0x5D10      	SUBWF       SPI_Ethernet_DHCPmsg_i_L0, 0, 1
0x0D04	0xE206      	BC          L_SPI_Ethernet_DHCPmsg173
;__Lib_EthEnc28j60.c,2022 :: 		
0x0D06	0x6B2E      	CLRF        FARG_SPI_Ethernet_putByte_v, 1
0x0D08	0xF001EC03  	CALL        _SPI_Ethernet_putByte, 0
;__Lib_EthEnc28j60.c,2020 :: 		
0x0D0C	0x0103      	MOVLB       3
0x0D0E	0x2B10      	INCF        SPI_Ethernet_DHCPmsg_i_L0, 1, 1
;__Lib_EthEnc28j60.c,2023 :: 		
0x0D10	0xD7F7      	BRA         L_SPI_Ethernet_DHCPmsg172
L_SPI_Ethernet_DHCPmsg173:
;__Lib_EthEnc28j60.c,2030 :: 		
0x0D12	0x0E38      	MOVLW       __Lib_EthEnc28j60_dhcp_pkt_2
0x0D14	0x6F16      	MOVWF       FARG_SPI_Ethernet_putConstBytes_ptr, 1
0x0D16	0x0E38      	MOVLW       hi_addr(__Lib_EthEnc28j60_dhcp_pkt_2)
0x0D18	0x6F17      	MOVWF       FARG_SPI_Ethernet_putConstBytes_ptr+1, 1
0x0D1A	0x0E00      	MOVLW       higher_addr(__Lib_EthEnc28j60_dhcp_pkt_2)
0x0D1C	0x6F18      	MOVWF       FARG_SPI_Ethernet_putConstBytes_ptr+2, 1
0x0D1E	0x0E06      	MOVLW       6
0x0D20	0x6F19      	MOVWF       FARG_SPI_Ethernet_putConstBytes_n, 1
0x0D22	0x0E00      	MOVLW       0
0x0D24	0x6F1A      	MOVWF       FARG_SPI_Ethernet_putConstBytes_n+1, 1
0x0D26	0xDD8C      	RCALL       _SPI_Ethernet_putConstBytes
;__Lib_EthEnc28j60.c,2033 :: 		
0x0D28	0xF32EC30E  	MOVFF       FARG_SPI_Ethernet_DHCPmsg_messageType, FARG_SPI_Ethernet_putByte_v
0x0D2C	0xF001EC03  	CALL        _SPI_Ethernet_putByte, 0
;__Lib_EthEnc28j60.c,2035 :: 		
0x0D30	0x0103      	MOVLB       3
0x0D32	0x510E      	MOVF        FARG_SPI_Ethernet_DHCPmsg_messageType, 0, 1
0x0D34	0x0A03      	XORLW       3
0x0D36	0xE11A      	BNZ         L_SPI_Ethernet_DHCPmsg177
0x0D38	0x530F      	MOVF        FARG_SPI_Ethernet_DHCPmsg_renewFlag, 1, 1
0x0D3A	0xE118      	BNZ         L_SPI_Ethernet_DHCPmsg177
L__SPI_Ethernet_DHCPmsg277:
;__Lib_EthEnc28j60.c,2038 :: 		
0x0D3C	0x0E36      	MOVLW       54
0x0D3E	0x6F2E      	MOVWF       FARG_SPI_Ethernet_putByte_v, 1
0x0D40	0xF001EC03  	CALL        _SPI_Ethernet_putByte, 0
;__Lib_EthEnc28j60.c,2039 :: 		
0x0D44	0x0E04      	MOVLW       4
0x0D46	0x0103      	MOVLB       3
0x0D48	0x6F2E      	MOVWF       FARG_SPI_Ethernet_putByte_v, 1
0x0D4A	0xF001EC03  	CALL        _SPI_Ethernet_putByte, 0
;__Lib_EthEnc28j60.c,2045 :: 		
0x0D4E	0x0E14      	MOVLW       __Lib_EthEnc28j60_DHCPServerID
0x0D50	0x0103      	MOVLB       3
0x0D52	0x6F24      	MOVWF       FARG_SPI_Ethernet_putBytes_ptr, 1
0x0D54	0x0E01      	MOVLW       hi_addr(__Lib_EthEnc28j60_DHCPServerID)
0x0D56	0x6F25      	MOVWF       FARG_SPI_Ethernet_putBytes_ptr+1, 1
0x0D58	0x0E04      	MOVLW       4
0x0D5A	0x6F26      	MOVWF       FARG_SPI_Ethernet_putBytes_n, 1
0x0D5C	0x0E00      	MOVLW       0
0x0D5E	0x6F27      	MOVWF       FARG_SPI_Ethernet_putBytes_n+1, 1
0x0D60	0xF001ECA6  	CALL        _SPI_Ethernet_putBytes, 0
;__Lib_EthEnc28j60.c,2046 :: 		
0x0D64	0x0E06      	MOVLW       6
0x0D66	0x2711      	ADDWF       SPI_Ethernet_DHCPmsg_len_L0, 1, 1
0x0D68	0x0E00      	MOVLW       0
0x0D6A	0x2312      	ADDWFC      SPI_Ethernet_DHCPmsg_len_L0+1, 1, 1
;__Lib_EthEnc28j60.c,2047 :: 		
L_SPI_Ethernet_DHCPmsg177:
;__Lib_EthEnc28j60.c,2054 :: 		
0x0D6C	0x0E3E      	MOVLW       __Lib_EthEnc28j60_dhcp_pkt_3
0x0D6E	0x6F16      	MOVWF       FARG_SPI_Ethernet_putConstBytes_ptr, 1
0x0D70	0x0E38      	MOVLW       hi_addr(__Lib_EthEnc28j60_dhcp_pkt_3)
0x0D72	0x6F17      	MOVWF       FARG_SPI_Ethernet_putConstBytes_ptr+1, 1
0x0D74	0x0E00      	MOVLW       higher_addr(__Lib_EthEnc28j60_dhcp_pkt_3)
0x0D76	0x6F18      	MOVWF       FARG_SPI_Ethernet_putConstBytes_ptr+2, 1
0x0D78	0x0E05      	MOVLW       5
0x0D7A	0x6F19      	MOVWF       FARG_SPI_Ethernet_putConstBytes_n, 1
0x0D7C	0x0E00      	MOVLW       0
0x0D7E	0x6F1A      	MOVWF       FARG_SPI_Ethernet_putConstBytes_n+1, 1
0x0D80	0xDD5F      	RCALL       _SPI_Ethernet_putConstBytes
;__Lib_EthEnc28j60.c,2056 :: 		
0x0D82	0x510E      	MOVF        FARG_SPI_Ethernet_DHCPmsg_messageType, 0, 1
0x0D84	0x0A03      	XORLW       3
0x0D86	0xE123      	BNZ         L_SPI_Ethernet_DHCPmsg180
0x0D88	0x530F      	MOVF        FARG_SPI_Ethernet_DHCPmsg_renewFlag, 1, 1
0x0D8A	0xE121      	BNZ         L_SPI_Ethernet_DHCPmsg180
L__SPI_Ethernet_DHCPmsg276:
;__Lib_EthEnc28j60.c,2059 :: 		
0x0D8C	0x0E32      	MOVLW       50
0x0D8E	0x6F2E      	MOVWF       FARG_SPI_Ethernet_putByte_v, 1
0x0D90	0xF001EC03  	CALL        _SPI_Ethernet_putByte, 0
;__Lib_EthEnc28j60.c,2060 :: 		
0x0D94	0x0E04      	MOVLW       4
0x0D96	0x0103      	MOVLB       3
0x0D98	0x6F2E      	MOVWF       FARG_SPI_Ethernet_putByte_v, 1
0x0D9A	0xF001EC03  	CALL        _SPI_Ethernet_putByte, 0
;__Lib_EthEnc28j60.c,2061 :: 		
0x0D9E	0x0103      	MOVLB       3
0x0DA0	0x6B10      	CLRF        SPI_Ethernet_DHCPmsg_i_L0, 1
L_SPI_Ethernet_DHCPmsg181:
0x0DA2	0x0E04      	MOVLW       4
0x0DA4	0x5D10      	SUBWF       SPI_Ethernet_DHCPmsg_i_L0, 0, 1
0x0DA6	0xE20F      	BC          L_SPI_Ethernet_DHCPmsg182
;__Lib_EthEnc28j60.c,2063 :: 		
0x0DA8	0x0E0C      	MOVLW       __Lib_EthEnc28j60_tmpIpAddr
0x0DAA	0x6EE9      	MOVWF       FSR0L 
0x0DAC	0x0E01      	MOVLW       hi_addr(__Lib_EthEnc28j60_tmpIpAddr)
0x0DAE	0x6EEA      	MOVWF       FSR0H 
0x0DB0	0x5110      	MOVF        SPI_Ethernet_DHCPmsg_i_L0, 0, 1
0x0DB2	0x26E9      	ADDWF       FSR0L, 1 
0x0DB4	0xB0D8      	BTFSC       STATUS, 0 
0x0DB6	0x2AEA      	INCF        FSR0H, 1 
0x0DB8	0xF32ECFEE  	MOVFF       POSTINC0, FARG_SPI_Ethernet_putByte_v
0x0DBC	0xF001EC03  	CALL        _SPI_Ethernet_putByte, 0
;__Lib_EthEnc28j60.c,2061 :: 		
0x0DC0	0x0103      	MOVLB       3
0x0DC2	0x2B10      	INCF        SPI_Ethernet_DHCPmsg_i_L0, 1, 1
;__Lib_EthEnc28j60.c,2064 :: 		
0x0DC4	0xD7EE      	BRA         L_SPI_Ethernet_DHCPmsg181
L_SPI_Ethernet_DHCPmsg182:
;__Lib_EthEnc28j60.c,2065 :: 		
0x0DC6	0x0E06      	MOVLW       6
0x0DC8	0x2711      	ADDWF       SPI_Ethernet_DHCPmsg_len_L0, 1, 1
0x0DCA	0x0E00      	MOVLW       0
0x0DCC	0x2312      	ADDWFC      SPI_Ethernet_DHCPmsg_len_L0+1, 1, 1
;__Lib_EthEnc28j60.c,2066 :: 		
L_SPI_Ethernet_DHCPmsg180:
;__Lib_EthEnc28j60.c,2069 :: 		
0x0DCE	0x0EFF      	MOVLW       255
0x0DD0	0x6F2E      	MOVWF       FARG_SPI_Ethernet_putByte_v, 1
0x0DD2	0xF001EC03  	CALL        _SPI_Ethernet_putByte, 0
;__Lib_EthEnc28j60.c,2072 :: 		
0x0DD6	0x0ED9      	MOVLW       _SPI_Ethernet_ff
0x0DD8	0x0103      	MOVLB       3
0x0DDA	0x6F16      	MOVWF       FARG_SPI_Ethernet_sendUDP2_destMac, 1
0x0DDC	0x0E00      	MOVLW       hi_addr(_SPI_Ethernet_ff)
0x0DDE	0x6F17      	MOVWF       FARG_SPI_Ethernet_sendUDP2_destMac+1, 1
0x0DE0	0x0ED9      	MOVLW       _SPI_Ethernet_ff
0x0DE2	0x6F18      	MOVWF       FARG_SPI_Ethernet_sendUDP2_destIP, 1
0x0DE4	0x0E00      	MOVLW       hi_addr(_SPI_Ethernet_ff)
0x0DE6	0x6F19      	MOVWF       FARG_SPI_Ethernet_sendUDP2_destIP+1, 1
0x0DE8	0x0E44      	MOVLW       68
0x0DEA	0x6F1A      	MOVWF       FARG_SPI_Ethernet_sendUDP2_sourcePort, 1
0x0DEC	0x0E00      	MOVLW       0
0x0DEE	0x6F1B      	MOVWF       FARG_SPI_Ethernet_sendUDP2_sourcePort+1, 1
0x0DF0	0x0E43      	MOVLW       67
0x0DF2	0x6F1C      	MOVWF       FARG_SPI_Ethernet_sendUDP2_destPort, 1
0x0DF4	0x0E00      	MOVLW       0
0x0DF6	0x6F1D      	MOVWF       FARG_SPI_Ethernet_sendUDP2_destPort+1, 1
0x0DF8	0xF31EC311  	MOVFF       SPI_Ethernet_DHCPmsg_len_L0, FARG_SPI_Ethernet_sendUDP2_pktLen
0x0DFC	0xF31FC312  	MOVFF       SPI_Ethernet_DHCPmsg_len_L0+1, FARG_SPI_Ethernet_sendUDP2_pktLen+1
0x0E00	0xDD64      	RCALL       _SPI_Ethernet_sendUDP2
;__Lib_EthEnc28j60.c,2073 :: 		
L_end_SPI_Ethernet_DHCPmsg:
0x0E02	0x0012      	RETURN      0
; end of _SPI_Ethernet_DHCPmsg
_SPI_Ethernet_delay:
;__Lib_EthEnc28j60.c,2955 :: 		
;__Lib_EthEnc28j60.c,2959 :: 		
0x0E04	0x0103      	MOVLB       3
0x0E06	0x6B0E      	CLRF        SPI_Ethernet_delay_i_L0, 1
L_SPI_Ethernet_delay267:
0x0E08	0x0EC8      	MOVLW       200
0x0E0A	0x5D0E      	SUBWF       SPI_Ethernet_delay_i_L0, 0, 1
0x0E0C	0xE204      	BC          L_SPI_Ethernet_delay268
;__Lib_EthEnc28j60.c,2961 :: 		
0x0E0E	0xDD4D      	RCALL       _Delay_500us
;__Lib_EthEnc28j60.c,2962 :: 		
0x0E10	0xDD4C      	RCALL       _Delay_500us
;__Lib_EthEnc28j60.c,2959 :: 		
0x0E12	0x2B0E      	INCF        SPI_Ethernet_delay_i_L0, 1, 1
;__Lib_EthEnc28j60.c,2963 :: 		
0x0E14	0xD7F9      	BRA         L_SPI_Ethernet_delay267
L_SPI_Ethernet_delay268:
;__Lib_EthEnc28j60.c,2964 :: 		
L_end_SPI_Ethernet_delay:
0x0E16	0x0012      	RETURN      0
; end of _SPI_Ethernet_delay
_SPI_Ethernet_confNetwork:
;__Lib_EthEnc28j60.c,2266 :: 		
;__Lib_EthEnc28j60.c,2268 :: 		
0x0E18	0x0E4F      	MOVLW       _SPI_Ethernet_ipMask
0x0E1A	0x0103      	MOVLB       3
0x0E1C	0x6F24      	MOVWF       FARG_memcpy_d1, 1
0x0E1E	0x0E01      	MOVLW       hi_addr(_SPI_Ethernet_ipMask)
0x0E20	0x6F25      	MOVWF       FARG_memcpy_d1+1, 1
0x0E22	0xF326C30E  	MOVFF       FARG_SPI_Ethernet_confNetwork_ipMask, FARG_memcpy_s1
0x0E26	0xF327C30F  	MOVFF       FARG_SPI_Ethernet_confNetwork_ipMask+1, FARG_memcpy_s1+1
0x0E2A	0x0E04      	MOVLW       4
0x0E2C	0x6F28      	MOVWF       FARG_memcpy_n, 1
0x0E2E	0x0E00      	MOVLW       0
0x0E30	0x6F29      	MOVWF       FARG_memcpy_n+1, 1
0x0E32	0xF001ECD3  	CALL        _memcpy, 0
;__Lib_EthEnc28j60.c,2269 :: 		
0x0E36	0x0E4B      	MOVLW       _SPI_Ethernet_gwIpAddr
0x0E38	0x6F24      	MOVWF       FARG_memcpy_d1, 1
0x0E3A	0x0E01      	MOVLW       hi_addr(_SPI_Ethernet_gwIpAddr)
0x0E3C	0x6F25      	MOVWF       FARG_memcpy_d1+1, 1
0x0E3E	0xF326C310  	MOVFF       FARG_SPI_Ethernet_confNetwork_gwIpAddr, FARG_memcpy_s1
0x0E42	0xF327C311  	MOVFF       FARG_SPI_Ethernet_confNetwork_gwIpAddr+1, FARG_memcpy_s1+1
0x0E46	0x0E04      	MOVLW       4
0x0E48	0x6F28      	MOVWF       FARG_memcpy_n, 1
0x0E4A	0x0E00      	MOVLW       0
0x0E4C	0x6F29      	MOVWF       FARG_memcpy_n+1, 1
0x0E4E	0xF001ECD3  	CALL        _memcpy, 0
;__Lib_EthEnc28j60.c,2270 :: 		
0x0E52	0x0E55      	MOVLW       _SPI_Ethernet_dnsIpAddr
0x0E54	0x6F24      	MOVWF       FARG_memcpy_d1, 1
0x0E56	0x0E01      	MOVLW       hi_addr(_SPI_Ethernet_dnsIpAddr)
0x0E58	0x6F25      	MOVWF       FARG_memcpy_d1+1, 1
0x0E5A	0xF326C312  	MOVFF       FARG_SPI_Ethernet_confNetwork_dnsIpAddr, FARG_memcpy_s1
0x0E5E	0xF327C313  	MOVFF       FARG_SPI_Ethernet_confNetwork_dnsIpAddr+1, FARG_memcpy_s1+1
0x0E62	0x0E04      	MOVLW       4
0x0E64	0x6F28      	MOVWF       FARG_memcpy_n, 1
0x0E66	0x0E00      	MOVLW       0
0x0E68	0x6F29      	MOVWF       FARG_memcpy_n+1, 1
0x0E6A	0xF001ECD3  	CALL        _memcpy, 0
;__Lib_EthEnc28j60.c,2272 :: 		
0x0E6E	0x0E59      	MOVLW       _SPI_Ethernet_subNetBroadCast
0x0E70	0x6F16      	MOVWF       FARG___Lib_EthEnc28j60_mkSubnetBroadcast_subbrdcst, 1
0x0E72	0x0E01      	MOVLW       hi_addr(_SPI_Ethernet_subNetBroadCast)
0x0E74	0x6F17      	MOVWF       FARG___Lib_EthEnc28j60_mkSubnetBroadcast_subbrdcst+1, 1
0x0E76	0xDE5F      	RCALL       __Lib_EthEnc28j60_mkSubnetBroadcast
;__Lib_EthEnc28j60.c,2273 :: 		
L_end_SPI_Ethernet_confNetwork:
0x0E78	0x0012      	RETURN      0
; end of _SPI_Ethernet_confNetwork
_SPI_Ethernet_DHCPReceive:
;__Lib_EthEnc28j60.c,1766 :: 		
;__Lib_EthEnc28j60.c,1776 :: 		
0x0E7A	0x0103      	MOVLB       3
0x0E7C	0x6B10      	CLRF        SPI_Ethernet_DHCPReceive_type_L0, 1
;__Lib_EthEnc28j60.c,1784 :: 		
0x0E7E	0x0E3C      	MOVLW       60
0x0E80	0x0101      	MOVLB       1
0x0E82	0x6F08      	MOVWF       __Lib_EthEnc28j60_DHCPLeaseTime, 1
0x0E84	0x0E00      	MOVLW       0
0x0E86	0x6F09      	MOVWF       __Lib_EthEnc28j60_DHCPLeaseTime+1, 1
0x0E88	0x6F0A      	MOVWF       __Lib_EthEnc28j60_DHCPLeaseTime+2, 1
0x0E8A	0x6F0B      	MOVWF       __Lib_EthEnc28j60_DHCPLeaseTime+3, 1
;__Lib_EthEnc28j60.c,1786 :: 		
0x0E8C	0xDC7D      	RCALL       _SPI_Ethernet_getByte
0x0E8E	0xF30EC000  	MOVFF       R0, SPI_Ethernet_DHCPReceive_v_L0
;__Lib_EthEnc28j60.c,1790 :: 		
0x0E92	0x5000      	MOVF        R0, 0 
0x0E94	0x0A02      	XORLW       2
0x0E96	0xA4D8      	BTFSS       STATUS, 2 
0x0E98	0xD120      	BRA         L_SPI_Ethernet_DHCPReceive113
;__Lib_EthEnc28j60.c,1795 :: 		
0x0E9A	0x0103      	MOVLB       3
0x0E9C	0x6B0F      	CLRF        SPI_Ethernet_DHCPReceive_i_L0, 1
L_SPI_Ethernet_DHCPReceive114:
0x0E9E	0x0E0F      	MOVLW       15
0x0EA0	0x5D0F      	SUBWF       SPI_Ethernet_DHCPReceive_i_L0, 0, 1
0x0EA2	0xE204      	BC          L_SPI_Ethernet_DHCPReceive115
;__Lib_EthEnc28j60.c,1797 :: 		
0x0EA4	0xDC71      	RCALL       _SPI_Ethernet_getByte
;__Lib_EthEnc28j60.c,1795 :: 		
0x0EA6	0x0103      	MOVLB       3
0x0EA8	0x2B0F      	INCF        SPI_Ethernet_DHCPReceive_i_L0, 1, 1
;__Lib_EthEnc28j60.c,1798 :: 		
0x0EAA	0xD7F9      	BRA         L_SPI_Ethernet_DHCPReceive114
L_SPI_Ethernet_DHCPReceive115:
;__Lib_EthEnc28j60.c,1804 :: 		
0x0EAC	0x0E0C      	MOVLW       __Lib_EthEnc28j60_tmpIpAddr
0x0EAE	0x6F16      	MOVWF       FARG_SPI_Ethernet_getBytes_ptr, 1
0x0EB0	0x0E01      	MOVLW       hi_addr(__Lib_EthEnc28j60_tmpIpAddr)
0x0EB2	0x6F17      	MOVWF       FARG_SPI_Ethernet_getBytes_ptr+1, 1
0x0EB4	0x0EFF      	MOVLW       255
0x0EB6	0x6F18      	MOVWF       FARG_SPI_Ethernet_getBytes_addr, 1
0x0EB8	0x0EFF      	MOVLW       255
0x0EBA	0x6F19      	MOVWF       FARG_SPI_Ethernet_getBytes_addr+1, 1
0x0EBC	0x0E04      	MOVLW       4
0x0EBE	0x6F1A      	MOVWF       FARG_SPI_Ethernet_getBytes_n, 1
0x0EC0	0x0E00      	MOVLW       0
0x0EC2	0x6F1B      	MOVWF       FARG_SPI_Ethernet_getBytes_n+1, 1
0x0EC4	0xDDFA      	RCALL       _SPI_Ethernet_getBytes
;__Lib_EthEnc28j60.c,1809 :: 		
0x0EC6	0x6B0F      	CLRF        SPI_Ethernet_DHCPReceive_i_L0, 1
L_SPI_Ethernet_DHCPReceive117:
0x0EC8	0x0E08      	MOVLW       8
0x0ECA	0x5D0F      	SUBWF       SPI_Ethernet_DHCPReceive_i_L0, 0, 1
0x0ECC	0xE204      	BC          L_SPI_Ethernet_DHCPReceive118
;__Lib_EthEnc28j60.c,1811 :: 		
0x0ECE	0xDC5C      	RCALL       _SPI_Ethernet_getByte
;__Lib_EthEnc28j60.c,1809 :: 		
0x0ED0	0x0103      	MOVLB       3
0x0ED2	0x2B0F      	INCF        SPI_Ethernet_DHCPReceive_i_L0, 1, 1
;__Lib_EthEnc28j60.c,1812 :: 		
0x0ED4	0xD7F9      	BRA         L_SPI_Ethernet_DHCPReceive117
L_SPI_Ethernet_DHCPReceive118:
;__Lib_EthEnc28j60.c,1817 :: 		
0x0ED6	0x6B0F      	CLRF        SPI_Ethernet_DHCPReceive_i_L0, 1
L_SPI_Ethernet_DHCPReceive120:
0x0ED8	0x0E06      	MOVLW       6
0x0EDA	0x5D0F      	SUBWF       SPI_Ethernet_DHCPReceive_i_L0, 0, 1
0x0EDC	0xE212      	BC          L_SPI_Ethernet_DHCPReceive121
;__Lib_EthEnc28j60.c,1819 :: 		
0x0EDE	0xDC54      	RCALL       _SPI_Ethernet_getByte
0x0EE0	0xF30EC000  	MOVFF       R0, SPI_Ethernet_DHCPReceive_v_L0
;__Lib_EthEnc28j60.c,1820 :: 		
0x0EE4	0x0E1C      	MOVLW       _SPI_Ethernet_macAddr
0x0EE6	0x6ED9      	MOVWF       FSR2L 
0x0EE8	0x0E01      	MOVLW       hi_addr(_SPI_Ethernet_macAddr)
0x0EEA	0x6EDA      	MOVWF       FSR2H 
0x0EEC	0x0103      	MOVLB       3
0x0EEE	0x510F      	MOVF        SPI_Ethernet_DHCPReceive_i_L0, 0, 1
0x0EF0	0x26D9      	ADDWF       FSR2L, 1 
0x0EF2	0xB0D8      	BTFSC       STATUS, 0 
0x0EF4	0x2ADA      	INCF        FSR2H, 1 
0x0EF6	0x5000      	MOVF        R0, 0 
0x0EF8	0x18DE      	XORWF       POSTINC2, 0 
0x0EFA	0xE001      	BZ          L_SPI_Ethernet_DHCPReceive123
;__Lib_EthEnc28j60.c,1822 :: 		
0x0EFC	0xD118      	BRA         ___SPI_Ethernet_DHCPReceive_UDPInvalid
;__Lib_EthEnc28j60.c,1823 :: 		
L_SPI_Ethernet_DHCPReceive123:
;__Lib_EthEnc28j60.c,1817 :: 		
0x0EFE	0x2B0F      	INCF        SPI_Ethernet_DHCPReceive_i_L0, 1, 1
;__Lib_EthEnc28j60.c,1824 :: 		
0x0F00	0xD7EB      	BRA         L_SPI_Ethernet_DHCPReceive120
L_SPI_Ethernet_DHCPReceive121:
;__Lib_EthEnc28j60.c,1829 :: 		
0x0F02	0x6B0F      	CLRF        SPI_Ethernet_DHCPReceive_i_L0, 1
L_SPI_Ethernet_DHCPReceive124:
0x0F04	0x0ECE      	MOVLW       206
0x0F06	0x5D0F      	SUBWF       SPI_Ethernet_DHCPReceive_i_L0, 0, 1
0x0F08	0xE204      	BC          L_SPI_Ethernet_DHCPReceive125
;__Lib_EthEnc28j60.c,1831 :: 		
0x0F0A	0xDC3E      	RCALL       _SPI_Ethernet_getByte
;__Lib_EthEnc28j60.c,1829 :: 		
0x0F0C	0x0103      	MOVLB       3
0x0F0E	0x2B0F      	INCF        SPI_Ethernet_DHCPReceive_i_L0, 1, 1
;__Lib_EthEnc28j60.c,1832 :: 		
0x0F10	0xD7F9      	BRA         L_SPI_Ethernet_DHCPReceive124
L_SPI_Ethernet_DHCPReceive125:
;__Lib_EthEnc28j60.c,1834 :: 		
0x0F12	0x6B11      	CLRF        SPI_Ethernet_DHCPReceive_lbDone_L0, 1
;__Lib_EthEnc28j60.c,1835 :: 		
L_SPI_Ethernet_DHCPReceive127:
;__Lib_EthEnc28j60.c,1837 :: 		
0x0F14	0xDC39      	RCALL       _SPI_Ethernet_getByte
0x0F16	0xF30EC000  	MOVFF       R0, SPI_Ethernet_DHCPReceive_v_L0
;__Lib_EthEnc28j60.c,1839 :: 		
0x0F1A	0xD0C0      	BRA         L_SPI_Ethernet_DHCPReceive130
;__Lib_EthEnc28j60.c,1841 :: 		
L_SPI_Ethernet_DHCPReceive132:
;__Lib_EthEnc28j60.c,1842 :: 		
0x0F1C	0xDC35      	RCALL       _SPI_Ethernet_getByte
0x0F1E	0xF30EC000  	MOVFF       R0, SPI_Ethernet_DHCPReceive_v_L0
;__Lib_EthEnc28j60.c,1844 :: 		
0x0F22	0x5000      	MOVF        R0, 0 
0x0F24	0x0A01      	XORLW       1
0x0F26	0xE104      	BNZ         L_SPI_Ethernet_DHCPReceive133
;__Lib_EthEnc28j60.c,1846 :: 		
0x0F28	0xDC2F      	RCALL       _SPI_Ethernet_getByte
0x0F2A	0xF310C000  	MOVFF       R0, SPI_Ethernet_DHCPReceive_type_L0
;__Lib_EthEnc28j60.c,1847 :: 		
0x0F2E	0xD001      	BRA         L_SPI_Ethernet_DHCPReceive134
L_SPI_Ethernet_DHCPReceive133:
;__Lib_EthEnc28j60.c,1849 :: 		
0x0F30	0xD0FE      	BRA         ___SPI_Ethernet_DHCPReceive_UDPInvalid
L_SPI_Ethernet_DHCPReceive134:
;__Lib_EthEnc28j60.c,1850 :: 		
0x0F32	0xD0CF      	BRA         L_SPI_Ethernet_DHCPReceive131
;__Lib_EthEnc28j60.c,1852 :: 		
L_SPI_Ethernet_DHCPReceive135:
;__Lib_EthEnc28j60.c,1853 :: 		
0x0F34	0xDC29      	RCALL       _SPI_Ethernet_getByte
0x0F36	0xF30EC000  	MOVFF       R0, SPI_Ethernet_DHCPReceive_v_L0
;__Lib_EthEnc28j60.c,1855 :: 		
0x0F3A	0x5000      	MOVF        R0, 0 
0x0F3C	0x0A04      	XORLW       4
0x0F3E	0xE10F      	BNZ         L_SPI_Ethernet_DHCPReceive136
;__Lib_EthEnc28j60.c,1857 :: 		
0x0F40	0x0E22      	MOVLW       __Lib_EthEnc28j60_tmpNetMask
0x0F42	0x0103      	MOVLB       3
0x0F44	0x6F16      	MOVWF       FARG_SPI_Ethernet_getBytes_ptr, 1
0x0F46	0x0E01      	MOVLW       hi_addr(__Lib_EthEnc28j60_tmpNetMask)
0x0F48	0x6F17      	MOVWF       FARG_SPI_Ethernet_getBytes_ptr+1, 1
0x0F4A	0x0EFF      	MOVLW       255
0x0F4C	0x6F18      	MOVWF       FARG_SPI_Ethernet_getBytes_addr, 1
0x0F4E	0x0EFF      	MOVLW       255
0x0F50	0x6F19      	MOVWF       FARG_SPI_Ethernet_getBytes_addr+1, 1
0x0F52	0x0E04      	MOVLW       4
0x0F54	0x6F1A      	MOVWF       FARG_SPI_Ethernet_getBytes_n, 1
0x0F56	0x0E00      	MOVLW       0
0x0F58	0x6F1B      	MOVWF       FARG_SPI_Ethernet_getBytes_n+1, 1
0x0F5A	0xDDAF      	RCALL       _SPI_Ethernet_getBytes
;__Lib_EthEnc28j60.c,1858 :: 		
0x0F5C	0xD001      	BRA         L_SPI_Ethernet_DHCPReceive137
L_SPI_Ethernet_DHCPReceive136:
;__Lib_EthEnc28j60.c,1860 :: 		
0x0F5E	0xD0E7      	BRA         ___SPI_Ethernet_DHCPReceive_UDPInvalid
L_SPI_Ethernet_DHCPReceive137:
;__Lib_EthEnc28j60.c,1861 :: 		
0x0F60	0xD0B8      	BRA         L_SPI_Ethernet_DHCPReceive131
;__Lib_EthEnc28j60.c,1863 :: 		
L_SPI_Ethernet_DHCPReceive138:
;__Lib_EthEnc28j60.c,1864 :: 		
0x0F62	0xDC12      	RCALL       _SPI_Ethernet_getByte
0x0F64	0xF30EC000  	MOVFF       R0, SPI_Ethernet_DHCPReceive_v_L0
;__Lib_EthEnc28j60.c,1866 :: 		
0x0F68	0x0E04      	MOVLW       4
0x0F6A	0x5C00      	SUBWF       R0, 0 
0x0F6C	0xE30F      	BNC         L_SPI_Ethernet_DHCPReceive139
;__Lib_EthEnc28j60.c,1868 :: 		
0x0F6E	0x0E26      	MOVLW       __Lib_EthEnc28j60_tmpGW
0x0F70	0x0103      	MOVLB       3
0x0F72	0x6F16      	MOVWF       FARG_SPI_Ethernet_getBytes_ptr, 1
0x0F74	0x0E01      	MOVLW       hi_addr(__Lib_EthEnc28j60_tmpGW)
0x0F76	0x6F17      	MOVWF       FARG_SPI_Ethernet_getBytes_ptr+1, 1
0x0F78	0x0EFF      	MOVLW       255
0x0F7A	0x6F18      	MOVWF       FARG_SPI_Ethernet_getBytes_addr, 1
0x0F7C	0x0EFF      	MOVLW       255
0x0F7E	0x6F19      	MOVWF       FARG_SPI_Ethernet_getBytes_addr+1, 1
0x0F80	0x0E04      	MOVLW       4
0x0F82	0x6F1A      	MOVWF       FARG_SPI_Ethernet_getBytes_n, 1
0x0F84	0x0E00      	MOVLW       0
0x0F86	0x6F1B      	MOVWF       FARG_SPI_Ethernet_getBytes_n+1, 1
0x0F88	0xDD98      	RCALL       _SPI_Ethernet_getBytes
;__Lib_EthEnc28j60.c,1869 :: 		
0x0F8A	0xD001      	BRA         L_SPI_Ethernet_DHCPReceive140
L_SPI_Ethernet_DHCPReceive139:
;__Lib_EthEnc28j60.c,1871 :: 		
0x0F8C	0xD0D0      	BRA         ___SPI_Ethernet_DHCPReceive_UDPInvalid
L_SPI_Ethernet_DHCPReceive140:
0x0F8E	0x0103      	MOVLB       3
;__Lib_EthEnc28j60.c,1876 :: 		
0x0F90	0x0E04      	MOVLW       4
0x0F92	0x5F0E      	SUBWF       SPI_Ethernet_DHCPReceive_v_L0, 1, 1
;__Lib_EthEnc28j60.c,1877 :: 		
L_SPI_Ethernet_DHCPReceive141:
0x0F94	0x0103      	MOVLB       3
0x0F96	0xF000C30E  	MOVFF       SPI_Ethernet_DHCPReceive_v_L0, R0
0x0F9A	0x070E      	DECF        SPI_Ethernet_DHCPReceive_v_L0, 1, 1
0x0F9C	0x5200      	MOVF        R0, 1 
0x0F9E	0xE003      	BZ          L_SPI_Ethernet_DHCPReceive142
;__Lib_EthEnc28j60.c,1878 :: 		
0x0FA0	0xF003ECC4  	CALL        _SPI_Ethernet_getByte, 0
0x0FA4	0xD7F7      	BRA         L_SPI_Ethernet_DHCPReceive141
L_SPI_Ethernet_DHCPReceive142:
;__Lib_EthEnc28j60.c,1879 :: 		
0x0FA6	0xD095      	BRA         L_SPI_Ethernet_DHCPReceive131
;__Lib_EthEnc28j60.c,1881 :: 		
L_SPI_Ethernet_DHCPReceive143:
;__Lib_EthEnc28j60.c,1882 :: 		
0x0FA8	0xF003ECC4  	CALL        _SPI_Ethernet_getByte, 0
0x0FAC	0xF30EC000  	MOVFF       R0, SPI_Ethernet_DHCPReceive_v_L0
;__Lib_EthEnc28j60.c,1884 :: 		
0x0FB0	0x0E04      	MOVLW       4
0x0FB2	0x5C00      	SUBWF       R0, 0 
0x0FB4	0xE30F      	BNC         L_SPI_Ethernet_DHCPReceive144
;__Lib_EthEnc28j60.c,1886 :: 		
0x0FB6	0x0E10      	MOVLW       __Lib_EthEnc28j60_tmpDNS
0x0FB8	0x0103      	MOVLB       3
0x0FBA	0x6F16      	MOVWF       FARG_SPI_Ethernet_getBytes_ptr, 1
0x0FBC	0x0E01      	MOVLW       hi_addr(__Lib_EthEnc28j60_tmpDNS)
0x0FBE	0x6F17      	MOVWF       FARG_SPI_Ethernet_getBytes_ptr+1, 1
0x0FC0	0x0EFF      	MOVLW       255
0x0FC2	0x6F18      	MOVWF       FARG_SPI_Ethernet_getBytes_addr, 1
0x0FC4	0x0EFF      	MOVLW       255
0x0FC6	0x6F19      	MOVWF       FARG_SPI_Ethernet_getBytes_addr+1, 1
0x0FC8	0x0E04      	MOVLW       4
0x0FCA	0x6F1A      	MOVWF       FARG_SPI_Ethernet_getBytes_n, 1
0x0FCC	0x0E00      	MOVLW       0
0x0FCE	0x6F1B      	MOVWF       FARG_SPI_Ethernet_getBytes_n+1, 1
0x0FD0	0xDD74      	RCALL       _SPI_Ethernet_getBytes
;__Lib_EthEnc28j60.c,1887 :: 		
0x0FD2	0xD001      	BRA         L_SPI_Ethernet_DHCPReceive145
L_SPI_Ethernet_DHCPReceive144:
;__Lib_EthEnc28j60.c,1889 :: 		
0x0FD4	0xD0AC      	BRA         ___SPI_Ethernet_DHCPReceive_UDPInvalid
L_SPI_Ethernet_DHCPReceive145:
0x0FD6	0x0103      	MOVLB       3
;__Lib_EthEnc28j60.c,1894 :: 		
0x0FD8	0x0E04      	MOVLW       4
0x0FDA	0x5F0E      	SUBWF       SPI_Ethernet_DHCPReceive_v_L0, 1, 1
;__Lib_EthEnc28j60.c,1895 :: 		
L_SPI_Ethernet_DHCPReceive146:
0x0FDC	0x0103      	MOVLB       3
0x0FDE	0xF000C30E  	MOVFF       SPI_Ethernet_DHCPReceive_v_L0, R0
0x0FE2	0x070E      	DECF        SPI_Ethernet_DHCPReceive_v_L0, 1, 1
0x0FE4	0x5200      	MOVF        R0, 1 
0x0FE6	0xE003      	BZ          L_SPI_Ethernet_DHCPReceive147
;__Lib_EthEnc28j60.c,1896 :: 		
0x0FE8	0xF003ECC4  	CALL        _SPI_Ethernet_getByte, 0
0x0FEC	0xD7F7      	BRA         L_SPI_Ethernet_DHCPReceive146
L_SPI_Ethernet_DHCPReceive147:
;__Lib_EthEnc28j60.c,1897 :: 		
0x0FEE	0xD071      	BRA         L_SPI_Ethernet_DHCPReceive131
;__Lib_EthEnc28j60.c,1899 :: 		
L_SPI_Ethernet_DHCPReceive148:
;__Lib_EthEnc28j60.c,1900 :: 		
0x0FF0	0xF003ECC4  	CALL        _SPI_Ethernet_getByte, 0
0x0FF4	0xF30EC000  	MOVFF       R0, SPI_Ethernet_DHCPReceive_v_L0
;__Lib_EthEnc28j60.c,1902 :: 		
0x0FF8	0x5000      	MOVF        R0, 0 
0x0FFA	0x0A04      	XORLW       4
0x0FFC	0xE10F      	BNZ         L_SPI_Ethernet_DHCPReceive149
;__Lib_EthEnc28j60.c,1904 :: 		
0x0FFE	0x0E12      	MOVLW       SPI_Ethernet_DHCPReceive_tempServerID_L0
0x1000	0x0103      	MOVLB       3
0x1002	0x6F16      	MOVWF       FARG_SPI_Ethernet_getBytes_ptr, 1
0x1004	0x0E03      	MOVLW       hi_addr(SPI_Ethernet_DHCPReceive_tempServerID_L0)
0x1006	0x6F17      	MOVWF       FARG_SPI_Ethernet_getBytes_ptr+1, 1
0x1008	0x0EFF      	MOVLW       255
0x100A	0x6F18      	MOVWF       FARG_SPI_Ethernet_getBytes_addr, 1
0x100C	0x0EFF      	MOVLW       255
0x100E	0x6F19      	MOVWF       FARG_SPI_Ethernet_getBytes_addr+1, 1
0x1010	0x0E04      	MOVLW       4
0x1012	0x6F1A      	MOVWF       FARG_SPI_Ethernet_getBytes_n, 1
0x1014	0x0E00      	MOVLW       0
0x1016	0x6F1B      	MOVWF       FARG_SPI_Ethernet_getBytes_n+1, 1
0x1018	0xDD50      	RCALL       _SPI_Ethernet_getBytes
;__Lib_EthEnc28j60.c,1905 :: 		
0x101A	0xD001      	BRA         L_SPI_Ethernet_DHCPReceive150
L_SPI_Ethernet_DHCPReceive149:
;__Lib_EthEnc28j60.c,1907 :: 		
0x101C	0xD088      	BRA         ___SPI_Ethernet_DHCPReceive_UDPInvalid
L_SPI_Ethernet_DHCPReceive150:
;__Lib_EthEnc28j60.c,1908 :: 		
0x101E	0xD059      	BRA         L_SPI_Ethernet_DHCPReceive131
;__Lib_EthEnc28j60.c,1910 :: 		
L_SPI_Ethernet_DHCPReceive151:
0x1020	0x0103      	MOVLB       3
;__Lib_EthEnc28j60.c,1911 :: 		
0x1022	0x0E01      	MOVLW       1
0x1024	0x6F11      	MOVWF       SPI_Ethernet_DHCPReceive_lbDone_L0, 1
;__Lib_EthEnc28j60.c,1912 :: 		
0x1026	0xD055      	BRA         L_SPI_Ethernet_DHCPReceive131
;__Lib_EthEnc28j60.c,1914 :: 		
L_SPI_Ethernet_DHCPReceive152:
;__Lib_EthEnc28j60.c,1915 :: 		
0x1028	0xF003ECC4  	CALL        _SPI_Ethernet_getByte, 0
0x102C	0xF30EC000  	MOVFF       R0, SPI_Ethernet_DHCPReceive_v_L0
;__Lib_EthEnc28j60.c,1917 :: 		
0x1030	0x5000      	MOVF        R0, 0 
0x1032	0x0A04      	XORLW       4
0x1034	0xE123      	BNZ         L_SPI_Ethernet_DHCPReceive153
;__Lib_EthEnc28j60.c,1919 :: 		
0x1036	0x0E08      	MOVLW       __Lib_EthEnc28j60_DHCPLeaseTime
0x1038	0x0103      	MOVLB       3
0x103A	0x6F16      	MOVWF       FARG_SPI_Ethernet_getBytes_ptr, 1
0x103C	0x0E01      	MOVLW       hi_addr(__Lib_EthEnc28j60_DHCPLeaseTime)
0x103E	0x6F17      	MOVWF       FARG_SPI_Ethernet_getBytes_ptr+1, 1
0x1040	0x0EFF      	MOVLW       255
0x1042	0x6F18      	MOVWF       FARG_SPI_Ethernet_getBytes_addr, 1
0x1044	0x0EFF      	MOVLW       255
0x1046	0x6F19      	MOVWF       FARG_SPI_Ethernet_getBytes_addr+1, 1
0x1048	0x0E04      	MOVLW       4
0x104A	0x6F1A      	MOVWF       FARG_SPI_Ethernet_getBytes_n, 1
0x104C	0x0E00      	MOVLW       0
0x104E	0x6F1B      	MOVWF       FARG_SPI_Ethernet_getBytes_n+1, 1
0x1050	0xDD34      	RCALL       _SPI_Ethernet_getBytes
;__Lib_EthEnc28j60.c,1925 :: 		
0x1052	0x0101      	MOVLB       1
0x1054	0x510B      	MOVF        __Lib_EthEnc28j60_DHCPLeaseTime+3, 0, 1
0x1056	0x0800      	SUBLW       0
0x1058	0xE108      	BNZ         L__SPI_Ethernet_DHCPReceive338
0x105A	0x510A      	MOVF        __Lib_EthEnc28j60_DHCPLeaseTime+2, 0, 1
0x105C	0x0800      	SUBLW       0
0x105E	0xE105      	BNZ         L__SPI_Ethernet_DHCPReceive338
0x1060	0x5109      	MOVF        __Lib_EthEnc28j60_DHCPLeaseTime+1, 0, 1
0x1062	0x0807      	SUBLW       7
0x1064	0xE102      	BNZ         L__SPI_Ethernet_DHCPReceive338
0x1066	0x5108      	MOVF        __Lib_EthEnc28j60_DHCPLeaseTime, 0, 1
0x1068	0x0808      	SUBLW       8
L__SPI_Ethernet_DHCPReceive338:
0x106A	0xE207      	BC          L_SPI_Ethernet_DHCPReceive154
;__Lib_EthEnc28j60.c,1927 :: 		
0x106C	0x0E08      	MOVLW       8
0x106E	0x5F08      	SUBWF       __Lib_EthEnc28j60_DHCPLeaseTime, 1, 1
0x1070	0x0E07      	MOVLW       7
0x1072	0x5B09      	SUBWFB      __Lib_EthEnc28j60_DHCPLeaseTime+1, 1, 1
0x1074	0x0E00      	MOVLW       0
0x1076	0x5B0A      	SUBWFB      __Lib_EthEnc28j60_DHCPLeaseTime+2, 1, 1
0x1078	0x5B0B      	SUBWFB      __Lib_EthEnc28j60_DHCPLeaseTime+3, 1, 1
;__Lib_EthEnc28j60.c,1928 :: 		
L_SPI_Ethernet_DHCPReceive154:
;__Lib_EthEnc28j60.c,1930 :: 		
0x107A	0xD001      	BRA         L_SPI_Ethernet_DHCPReceive155
L_SPI_Ethernet_DHCPReceive153:
;__Lib_EthEnc28j60.c,1932 :: 		
0x107C	0xD058      	BRA         ___SPI_Ethernet_DHCPReceive_UDPInvalid
L_SPI_Ethernet_DHCPReceive155:
;__Lib_EthEnc28j60.c,1933 :: 		
0x107E	0xD029      	BRA         L_SPI_Ethernet_DHCPReceive131
;__Lib_EthEnc28j60.c,1935 :: 		
L_SPI_Ethernet_DHCPReceive156:
;__Lib_EthEnc28j60.c,1937 :: 		
0x1080	0xF003ECC4  	CALL        _SPI_Ethernet_getByte, 0
0x1084	0xF30EC000  	MOVFF       R0, SPI_Ethernet_DHCPReceive_v_L0
;__Lib_EthEnc28j60.c,1938 :: 		
L_SPI_Ethernet_DHCPReceive157:
0x1088	0xF000C30E  	MOVFF       SPI_Ethernet_DHCPReceive_v_L0, R0
0x108C	0x0103      	MOVLB       3
0x108E	0x070E      	DECF        SPI_Ethernet_DHCPReceive_v_L0, 1, 1
0x1090	0x5200      	MOVF        R0, 1 
0x1092	0xE003      	BZ          L_SPI_Ethernet_DHCPReceive158
;__Lib_EthEnc28j60.c,1939 :: 		
0x1094	0xF003ECC4  	CALL        _SPI_Ethernet_getByte, 0
0x1098	0xD7F7      	BRA         L_SPI_Ethernet_DHCPReceive157
L_SPI_Ethernet_DHCPReceive158:
;__Lib_EthEnc28j60.c,1940 :: 		
0x109A	0xD01B      	BRA         L_SPI_Ethernet_DHCPReceive131
L_SPI_Ethernet_DHCPReceive130:
0x109C	0x0103      	MOVLB       3
0x109E	0x510E      	MOVF        SPI_Ethernet_DHCPReceive_v_L0, 0, 1
0x10A0	0x0A35      	XORLW       53
0x10A2	0xB4D8      	BTFSC       STATUS, 2 
0x10A4	0xD73B      	BRA         L_SPI_Ethernet_DHCPReceive132
0x10A6	0x510E      	MOVF        SPI_Ethernet_DHCPReceive_v_L0, 0, 1
0x10A8	0x0A01      	XORLW       1
0x10AA	0xB4D8      	BTFSC       STATUS, 2 
0x10AC	0xD743      	BRA         L_SPI_Ethernet_DHCPReceive135
0x10AE	0x510E      	MOVF        SPI_Ethernet_DHCPReceive_v_L0, 0, 1
0x10B0	0x0A03      	XORLW       3
0x10B2	0xB4D8      	BTFSC       STATUS, 2 
0x10B4	0xD756      	BRA         L_SPI_Ethernet_DHCPReceive138
0x10B6	0x510E      	MOVF        SPI_Ethernet_DHCPReceive_v_L0, 0, 1
0x10B8	0x0A06      	XORLW       6
0x10BA	0xB4D8      	BTFSC       STATUS, 2 
0x10BC	0xD775      	BRA         L_SPI_Ethernet_DHCPReceive143
0x10BE	0x510E      	MOVF        SPI_Ethernet_DHCPReceive_v_L0, 0, 1
0x10C0	0x0A36      	XORLW       54
0x10C2	0xE096      	BZ          L_SPI_Ethernet_DHCPReceive148
0x10C4	0x510E      	MOVF        SPI_Ethernet_DHCPReceive_v_L0, 0, 1
0x10C6	0x0AFF      	XORLW       255
0x10C8	0xE0AB      	BZ          L_SPI_Ethernet_DHCPReceive151
0x10CA	0x510E      	MOVF        SPI_Ethernet_DHCPReceive_v_L0, 0, 1
0x10CC	0x0A33      	XORLW       51
0x10CE	0xE0AC      	BZ          L_SPI_Ethernet_DHCPReceive152
0x10D0	0xD7D7      	BRA         L_SPI_Ethernet_DHCPReceive156
L_SPI_Ethernet_DHCPReceive131:
0x10D2	0x0103      	MOVLB       3
;__Lib_EthEnc28j60.c,1941 :: 		
0x10D4	0x5311      	MOVF        SPI_Ethernet_DHCPReceive_lbDone_L0, 1, 1
0x10D6	0xB4D8      	BTFSC       STATUS, 2 
0x10D8	0xD71D      	BRA         L_SPI_Ethernet_DHCPReceive127
;__Lib_EthEnc28j60.c,1942 :: 		
L_SPI_Ethernet_DHCPReceive113:
0x10DA	0x0103      	MOVLB       3
;__Lib_EthEnc28j60.c,1947 :: 		
0x10DC	0x5110      	MOVF        SPI_Ethernet_DHCPReceive_type_L0, 0, 1
0x10DE	0x0A02      	XORLW       2
0x10E0	0xE10F      	BNZ         L_SPI_Ethernet_DHCPReceive159
;__Lib_EthEnc28j60.c,1949 :: 		
0x10E2	0x0E14      	MOVLW       __Lib_EthEnc28j60_DHCPServerID
0x10E4	0x6F24      	MOVWF       FARG_memcpy_d1, 1
0x10E6	0x0E01      	MOVLW       hi_addr(__Lib_EthEnc28j60_DHCPServerID)
0x10E8	0x6F25      	MOVWF       FARG_memcpy_d1+1, 1
0x10EA	0x0E12      	MOVLW       SPI_Ethernet_DHCPReceive_tempServerID_L0
0x10EC	0x6F26      	MOVWF       FARG_memcpy_s1, 1
0x10EE	0x0E03      	MOVLW       hi_addr(SPI_Ethernet_DHCPReceive_tempServerID_L0)
0x10F0	0x6F27      	MOVWF       FARG_memcpy_s1+1, 1
0x10F2	0x0E04      	MOVLW       4
0x10F4	0x6F28      	MOVWF       FARG_memcpy_n, 1
0x10F6	0x0E00      	MOVLW       0
0x10F8	0x6F29      	MOVWF       FARG_memcpy_n+1, 1
0x10FA	0xF001ECD3  	CALL        _memcpy, 0
;__Lib_EthEnc28j60.c,1950 :: 		
0x10FE	0xD014      	BRA         L_SPI_Ethernet_DHCPReceive160
L_SPI_Ethernet_DHCPReceive159:
;__Lib_EthEnc28j60.c,1957 :: 		
0x1100	0x0E14      	MOVLW       __Lib_EthEnc28j60_DHCPServerID
0x1102	0x6F16      	MOVWF       FARG_memcmp_s1, 1
0x1104	0x0E01      	MOVLW       hi_addr(__Lib_EthEnc28j60_DHCPServerID)
0x1106	0x6F17      	MOVWF       FARG_memcmp_s1+1, 1
0x1108	0x0E12      	MOVLW       SPI_Ethernet_DHCPReceive_tempServerID_L0
0x110A	0x6F18      	MOVWF       FARG_memcmp_s2, 1
0x110C	0x0E03      	MOVLW       hi_addr(SPI_Ethernet_DHCPReceive_tempServerID_L0)
0x110E	0x6F19      	MOVWF       FARG_memcmp_s2+1, 1
0x1110	0x0E04      	MOVLW       4
0x1112	0x6F1A      	MOVWF       FARG_memcmp_n, 1
0x1114	0x0E00      	MOVLW       0
0x1116	0x6F1B      	MOVWF       FARG_memcmp_n+1, 1
0x1118	0xDD5E      	RCALL       _memcmp
0x111A	0x0E00      	MOVLW       0
0x111C	0x1801      	XORWF       R1, 0 
0x111E	0xE102      	BNZ         L__SPI_Ethernet_DHCPReceive339
0x1120	0x0E00      	MOVLW       0
0x1122	0x1800      	XORWF       R0, 0 
L__SPI_Ethernet_DHCPReceive339:
0x1124	0xE001      	BZ          L_SPI_Ethernet_DHCPReceive161
;__Lib_EthEnc28j60.c,1959 :: 		
0x1126	0x6B10      	CLRF        SPI_Ethernet_DHCPReceive_type_L0, 1
;__Lib_EthEnc28j60.c,1960 :: 		
L_SPI_Ethernet_DHCPReceive161:
;__Lib_EthEnc28j60.c,1961 :: 		
L_SPI_Ethernet_DHCPReceive160:
;__Lib_EthEnc28j60.c,1964 :: 		
0x1128	0xF000C310  	MOVFF       SPI_Ethernet_DHCPReceive_type_L0, R0
0x112C	0xD001      	BRA         L_end_SPI_Ethernet_DHCPReceive
;__Lib_EthEnc28j60.c,1966 :: 		
___SPI_Ethernet_DHCPReceive_UDPInvalid:
;__Lib_EthEnc28j60.c,1968 :: 		
0x112E	0x6A00      	CLRF        R0 
;__Lib_EthEnc28j60.c,1970 :: 		
L_end_SPI_Ethernet_DHCPReceive:
0x1130	0x0012      	RETURN      0
; end of _SPI_Ethernet_DHCPReceive
_putConstString:
;Master.c,163 :: 		unsigned int putConstString(const char *s)
;Master.c,165 :: 		unsigned int cnt = 0;
0x1132	0x0103      	MOVLB       3
0x1134	0x6B11      	CLRF        putConstString_cnt_L0, 1
0x1136	0x6B12      	CLRF        putConstString_cnt_L0+1, 1
;Master.c,166 :: 		while (*s)
L_putConstString3:
0x1138	0xFFF6C30E  	MOVFF       FARG_putConstString_s, 4086
0x113C	0xFFF7C30F  	MOVFF       FARG_putConstString_s+1, TBLPTRH
0x1140	0xFFF8C310  	MOVFF       FARG_putConstString_s+2, TBLPTRU
0x1144	0x0009      	TBLRD*+
0x1146	0xF000CFF5  	MOVFF       TABLAT, R0
0x114A	0x5200      	MOVF        R0, 1 
0x114C	0xE014      	BZ          L_putConstString4
;Master.c,168 :: 		SPI_Ethernet_putByte(*s++);
0x114E	0xFFF6C30E  	MOVFF       FARG_putConstString_s, 4086
0x1152	0xFFF7C30F  	MOVFF       FARG_putConstString_s+1, TBLPTRH
0x1156	0xFFF8C310  	MOVFF       FARG_putConstString_s+2, TBLPTRU
0x115A	0x0009      	TBLRD*+
0x115C	0xF32ECFF5  	MOVFF       TABLAT, FARG_SPI_Ethernet_putByte_v
0x1160	0xF001EC03  	CALL        _SPI_Ethernet_putByte, 0
0x1164	0x0E01      	MOVLW       1
0x1166	0x0103      	MOVLB       3
0x1168	0x270E      	ADDWF       FARG_putConstString_s, 1, 1
0x116A	0x0E00      	MOVLW       0
0x116C	0x230F      	ADDWFC      FARG_putConstString_s+1, 1, 1
0x116E	0x2310      	ADDWFC      FARG_putConstString_s+2, 1, 1
;Master.c,169 :: 		cnt++;
0x1170	0x4B11      	INFSNZ      putConstString_cnt_L0, 1, 1
0x1172	0x2B12      	INCF        putConstString_cnt_L0+1, 1, 1
;Master.c,170 :: 		}
0x1174	0xD7E1      	BRA         L_putConstString3
L_putConstString4:
;Master.c,171 :: 		return (cnt);
0x1176	0xF000C311  	MOVFF       putConstString_cnt_L0, R0
0x117A	0xF001C312  	MOVFF       putConstString_cnt_L0+1, R1
;Master.c,172 :: 		}
0x117E	0x0012      	RETURN      0
; end of _putConstString
_formBuffer:
;Master.c,192 :: 		void formBuffer()
;Master.c,194 :: 		unsigned char i = 0;
0x1180	0x0103      	MOVLB       3
0x1182	0x6B12      	CLRF        formBuffer_i_L0, 1
;Master.c,196 :: 		unsigned char StatusByte = 0x00;
0x1184	0x6B13      	CLRF        formBuffer_StatusByte_L0, 1
;Master.c,197 :: 		no_ch = 0x00; // pozicioniranje na pocetak niza
0x1186	0x0101      	MOVLB       1
0x1188	0x6BB4      	CLRF        _no_ch, 1
;Master.c,198 :: 		for (i = 0; i < 16; i++)
0x118A	0x0103      	MOVLB       3
0x118C	0x6B12      	CLRF        formBuffer_i_L0, 1
L_formBuffer9:
0x118E	0x0E10      	MOVLW       16
0x1190	0x5D12      	SUBWF       formBuffer_i_L0, 0, 1
0x1192	0xE260      	BC          L_formBuffer10
;Master.c,200 :: 		if (Comm[i] == 1)
0x1194	0x0EA0      	MOVLW       _Comm
0x1196	0x6EE9      	MOVWF       FSR0L 
0x1198	0x0E01      	MOVLW       hi_addr(_Comm)
0x119A	0x6EEA      	MOVWF       FSR0H 
0x119C	0x5112      	MOVF        formBuffer_i_L0, 0, 1
0x119E	0x26E9      	ADDWF       FSR0L, 1 
0x11A0	0xB0D8      	BTFSC       STATUS, 0 
0x11A2	0x2AEA      	INCF        FSR0H, 1 
0x11A4	0x50EE      	MOVF        POSTINC0, 0 
0x11A6	0x0A01      	XORLW       1
0x11A8	0xE153      	BNZ         L_formBuffer12
;Master.c,202 :: 		appendBuffer("Basta:");
0x11AA	0x0EFC      	MOVLW       ?lstr1_Master
0x11AC	0x6F16      	MOVWF       FARG_appendBuffer_p_ch, 1
0x11AE	0x0E00      	MOVLW       hi_addr(?lstr1_Master)
0x11B0	0x6F17      	MOVWF       FARG_appendBuffer_p_ch+1, 1
0x11B2	0xDCF5      	RCALL       _appendBuffer
;Master.c,203 :: 		ByteToStr(i, txt);
0x11B4	0xF316C312  	MOVFF       formBuffer_i_L0, FARG_ByteToStr_input
0x11B8	0x0E0E      	MOVLW       formBuffer_txt_L0
0x11BA	0x6F17      	MOVWF       FARG_ByteToStr_output, 1
0x11BC	0x0E03      	MOVLW       hi_addr(formBuffer_txt_L0)
0x11BE	0x6F18      	MOVWF       FARG_ByteToStr_output+1, 1
0x11C0	0xF003ECDC  	CALL        _ByteToStr, 0
;Master.c,204 :: 		appendBuffer(txt); // append broj baste
0x11C4	0x0E0E      	MOVLW       formBuffer_txt_L0
0x11C6	0x6F16      	MOVWF       FARG_appendBuffer_p_ch, 1
0x11C8	0x0E03      	MOVLW       hi_addr(formBuffer_txt_L0)
0x11CA	0x6F17      	MOVWF       FARG_appendBuffer_p_ch+1, 1
0x11CC	0xDCE8      	RCALL       _appendBuffer
;Master.c,205 :: 		appendBuffer(" ");
0x11CE	0x0EFA      	MOVLW       ?lstr2_Master
0x11D0	0x6F16      	MOVWF       FARG_appendBuffer_p_ch, 1
0x11D2	0x0E00      	MOVLW       hi_addr(?lstr2_Master)
0x11D4	0x6F17      	MOVWF       FARG_appendBuffer_p_ch+1, 1
0x11D6	0xDCE3      	RCALL       _appendBuffer
;Master.c,207 :: 		StatusByte = Status1[i];
0x11D8	0x0E90      	MOVLW       _Status1
0x11DA	0x6EE9      	MOVWF       FSR0L 
0x11DC	0x0E01      	MOVLW       hi_addr(_Status1)
0x11DE	0x6EEA      	MOVWF       FSR0H 
0x11E0	0x5112      	MOVF        formBuffer_i_L0, 0, 1
0x11E2	0x26E9      	ADDWF       FSR0L, 1 
0x11E4	0xB0D8      	BTFSC       STATUS, 0 
0x11E6	0x2AEA      	INCF        FSR0H, 1 
0x11E8	0xF001CFEE  	MOVFF       POSTINC0, R1
0x11EC	0xF313C001  	MOVFF       R1, formBuffer_StatusByte_L0
;Master.c,217 :: 		if (!(StatusByte & STATUS_SYSTEM_BIT))
0x11F0	0xBE01      	BTFSC       R1, 7 
0x11F2	0xD006      	BRA         L_formBuffer13
;Master.c,219 :: 		appendBuffer("OFF\n\n");
0x11F4	0x0EEE      	MOVLW       ?lstr3_Master
0x11F6	0x6F16      	MOVWF       FARG_appendBuffer_p_ch, 1
0x11F8	0x0E00      	MOVLW       hi_addr(?lstr3_Master)
0x11FA	0x6F17      	MOVWF       FARG_appendBuffer_p_ch+1, 1
0x11FC	0xDCD0      	RCALL       _appendBuffer
;Master.c,220 :: 		}
0x11FE	0xD023      	BRA         L_formBuffer14
L_formBuffer13:
;Master.c,221 :: 		else if (StatusByte & STATUS_WATER_BIT)
0x1200	0xAD13      	BTFSS       formBuffer_StatusByte_L0, 6, 1
0x1202	0xD01C      	BRA         L_formBuffer15
;Master.c,223 :: 		if (StatusByte & STATUS_MANUAL_BIT)
0x1204	0xA913      	BTFSS       formBuffer_StatusByte_L0, 4, 1
0x1206	0xD00D      	BRA         L_formBuffer16
;Master.c,225 :: 		appendBuffer("Watering(Manual_Mode)\n\n");
0x1208	0x0E43      	MOVLW       ?lstr4_Master
0x120A	0x6F16      	MOVWF       FARG_appendBuffer_p_ch, 1
0x120C	0x0E00      	MOVLW       hi_addr(?lstr4_Master)
0x120E	0x6F17      	MOVWF       FARG_appendBuffer_p_ch+1, 1
0x1210	0xDCC6      	RCALL       _appendBuffer
;Master.c,226 :: 		if (StatusByte & STATUS_ALARM_BIT)
0x1212	0xAB13      	BTFSS       formBuffer_StatusByte_L0, 5, 1
0x1214	0xD005      	BRA         L_formBuffer17
;Master.c,228 :: 		appendBuffer("ALARM ON\n\n");
0x1216	0x0E5B      	MOVLW       ?lstr5_Master
0x1218	0x6F16      	MOVWF       FARG_appendBuffer_p_ch, 1
0x121A	0x0E00      	MOVLW       hi_addr(?lstr5_Master)
0x121C	0x6F17      	MOVWF       FARG_appendBuffer_p_ch+1, 1
0x121E	0xDCBF      	RCALL       _appendBuffer
;Master.c,229 :: 		}
L_formBuffer17:
;Master.c,230 :: 		}
0x1220	0xD00C      	BRA         L_formBuffer18
L_formBuffer16:
;Master.c,233 :: 		appendBuffer("Watering(Automatic_Mode)\n\n");
0x1222	0x0E66      	MOVLW       ?lstr6_Master
0x1224	0x6F16      	MOVWF       FARG_appendBuffer_p_ch, 1
0x1226	0x0E00      	MOVLW       hi_addr(?lstr6_Master)
0x1228	0x6F17      	MOVWF       FARG_appendBuffer_p_ch+1, 1
0x122A	0xDCB9      	RCALL       _appendBuffer
;Master.c,234 :: 		if (StatusByte & STATUS_ALARM_BIT)
0x122C	0xAB13      	BTFSS       formBuffer_StatusByte_L0, 5, 1
0x122E	0xD005      	BRA         L_formBuffer19
;Master.c,236 :: 		appendBuffer("ALARM ON\n\n");
0x1230	0x0E2C      	MOVLW       ?lstr7_Master
0x1232	0x6F16      	MOVWF       FARG_appendBuffer_p_ch, 1
0x1234	0x0E00      	MOVLW       hi_addr(?lstr7_Master)
0x1236	0x6F17      	MOVWF       FARG_appendBuffer_p_ch+1, 1
0x1238	0xDCB2      	RCALL       _appendBuffer
;Master.c,237 :: 		}
L_formBuffer19:
;Master.c,238 :: 		}
L_formBuffer18:
;Master.c,239 :: 		}
0x123A	0xD005      	BRA         L_formBuffer20
L_formBuffer15:
;Master.c,242 :: 		appendBuffer("IDLE\n\n");
0x123C	0x0E37      	MOVLW       ?lstr8_Master
0x123E	0x6F16      	MOVWF       FARG_appendBuffer_p_ch, 1
0x1240	0x0E00      	MOVLW       hi_addr(?lstr8_Master)
0x1242	0x6F17      	MOVWF       FARG_appendBuffer_p_ch+1, 1
0x1244	0xDCAC      	RCALL       _appendBuffer
;Master.c,243 :: 		}
L_formBuffer20:
L_formBuffer14:
;Master.c,244 :: 		appendBuffer("<br>");
0x1246	0x0E3E      	MOVLW       ?lstr9_Master
0x1248	0x6F16      	MOVWF       FARG_appendBuffer_p_ch, 1
0x124A	0x0E00      	MOVLW       hi_addr(?lstr9_Master)
0x124C	0x6F17      	MOVWF       FARG_appendBuffer_p_ch+1, 1
0x124E	0xDCA7      	RCALL       _appendBuffer
;Master.c,245 :: 		}
L_formBuffer12:
;Master.c,198 :: 		for (i = 0; i < 16; i++)
0x1250	0x2B12      	INCF        formBuffer_i_L0, 1, 1
;Master.c,246 :: 		}
0x1252	0xD79D      	BRA         L_formBuffer9
L_formBuffer10:
;Master.c,247 :: 		buffer[no_ch] = 0x00;
0x1254	0x0E2D      	MOVLW       _buffer
0x1256	0x6EE1      	MOVWF       FSR1L 
0x1258	0x0E02      	MOVLW       hi_addr(_buffer)
0x125A	0x6EE2      	MOVWF       FSR1H 
0x125C	0x0101      	MOVLB       1
0x125E	0x51B4      	MOVF        _no_ch, 0, 1
0x1260	0x26E1      	ADDWF       FSR1L, 1 
0x1262	0xB0D8      	BTFSC       STATUS, 0 
0x1264	0x2AE2      	INCF        FSR1H, 1 
0x1266	0x6AE6      	CLRF        POSTINC1 
;Master.c,248 :: 		no_ch++; // kraj stringa
0x1268	0x2BB4      	INCF        _no_ch, 1, 1
;Master.c,249 :: 		}
0x126A	0x0012      	RETURN      0
; end of _formBuffer
_memset:
;__Lib_CString.c,84 :: 		
;__Lib_CString.c,87 :: 		
0x126C	0xF002C30E  	MOVFF       FARG_memset_p1, R2
0x1270	0xF003C30F  	MOVFF       FARG_memset_p1+1, R3
;__Lib_CString.c,88 :: 		
L_memset20:
0x1274	0xF000C311  	MOVFF       FARG_memset_n, R0
0x1278	0xF001C312  	MOVFF       FARG_memset_n+1, R1
0x127C	0x0E01      	MOVLW       1
0x127E	0x0103      	MOVLB       3
0x1280	0x5F11      	SUBWF       FARG_memset_n, 1, 1
0x1282	0x0E00      	MOVLW       0
0x1284	0x5B12      	SUBWFB      FARG_memset_n+1, 1, 1
0x1286	0x5000      	MOVF        R0, 0 
0x1288	0x1001      	IORWF       R1, 0 
0x128A	0xE009      	BZ          L_memset21
;__Lib_CString.c,89 :: 		
0x128C	0xFFE1C002  	MOVFF       R2, FSR1L
0x1290	0xFFE2C003  	MOVFF       R3, FSR1H
0x1294	0xFFE6C310  	MOVFF       FARG_memset_character, POSTINC1
0x1298	0x4A02      	INFSNZ      R2, 1 
0x129A	0x2A03      	INCF        R3, 1 
0x129C	0xD7EB      	BRA         L_memset20
L_memset21:
;__Lib_CString.c,90 :: 		
0x129E	0xF000C30E  	MOVFF       FARG_memset_p1, R0
0x12A2	0xF001C30F  	MOVFF       FARG_memset_p1+1, R1
;__Lib_CString.c,91 :: 		
L_end_memset:
0x12A6	0x0012      	RETURN      0
; end of _memset
_SPI_Ethernet_writeReg:
;__Lib_EthEnc28j60.c,2818 :: 		
;__Lib_EthEnc28j60.c,2820 :: 		
0x12A8	0x9080      	BCF         SPI_Ethernet_CS, BitPos(SPI_Ethernet_CS+0) 
;__Lib_EthEnc28j60.c,2821 :: 		
0x12AA	0x0E40      	MOVLW       64
0x12AC	0x0103      	MOVLB       3
0x12AE	0x110E      	IORWF       FARG_SPI_Ethernet_writeReg_addr, 0, 1
0x12B0	0x6E00      	MOVWF       R0 
0x12B2	0xFFE1C106  	MOVFF       _SPI_Rd_Ptr+2, FSR1L
0x12B6	0xFFE2C107  	MOVFF       _SPI_Rd_Ptr+3, FSR1H
0x12BA	0xFFE6C000  	MOVFF       R0, POSTINC1
0x12BE	0xF000C104  	MOVFF       _SPI_Rd_Ptr, R0
0x12C2	0xF001C105  	MOVFF       _SPI_Rd_Ptr+1, R1
0x12C6	0xF000EC96  	CALL        _____DoIFC, 0
;__Lib_EthEnc28j60.c,2822 :: 		
0x12CA	0xFFE1C106  	MOVFF       _SPI_Rd_Ptr+2, FSR1L
0x12CE	0xFFE2C107  	MOVFF       _SPI_Rd_Ptr+3, FSR1H
0x12D2	0xFFE6C30F  	MOVFF       FARG_SPI_Ethernet_writeReg_v, POSTINC1
0x12D6	0xF000C104  	MOVFF       _SPI_Rd_Ptr, R0
0x12DA	0xF001C105  	MOVFF       _SPI_Rd_Ptr+1, R1
0x12DE	0xF000EC96  	CALL        _____DoIFC, 0
;__Lib_EthEnc28j60.c,2823 :: 		
0x12E2	0x8080      	BSF         SPI_Ethernet_CS, BitPos(SPI_Ethernet_CS+0) 
;__Lib_EthEnc28j60.c,2824 :: 		
L_end_SPI_Ethernet_writeReg:
0x12E4	0x0012      	RETURN      0
; end of _SPI_Ethernet_writeReg
_Lcd_Cmd:
;__Lib_Lcd.c,18 :: 		
;__Lib_Lcd.c,20 :: 		
0x12E6	0x0103      	MOVLB       3
0x12E8	0xBF0E      	BTFSC       FARG_Lcd_Cmd_out_char, 7, 1
0x12EA	0xD002      	BRA         L__Lcd_Cmd21
0x12EC	0x9E81      	BCF         LCD_D7, BitPos(LCD_D7+0) 
0x12EE	0xD001      	BRA         L__Lcd_Cmd22
L__Lcd_Cmd21:
0x12F0	0x8E81      	BSF         LCD_D7, BitPos(LCD_D7+0) 
L__Lcd_Cmd22:
;__Lib_Lcd.c,21 :: 		
0x12F2	0xBD0E      	BTFSC       FARG_Lcd_Cmd_out_char, 6, 1
0x12F4	0xD002      	BRA         L__Lcd_Cmd23
0x12F6	0x9C81      	BCF         LCD_D6, BitPos(LCD_D6+0) 
0x12F8	0xD001      	BRA         L__Lcd_Cmd24
L__Lcd_Cmd23:
0x12FA	0x8C81      	BSF         LCD_D6, BitPos(LCD_D6+0) 
L__Lcd_Cmd24:
;__Lib_Lcd.c,22 :: 		
0x12FC	0xBB0E      	BTFSC       FARG_Lcd_Cmd_out_char, 5, 1
0x12FE	0xD002      	BRA         L__Lcd_Cmd25
0x1300	0x9A81      	BCF         LCD_D5, BitPos(LCD_D5+0) 
0x1302	0xD001      	BRA         L__Lcd_Cmd26
L__Lcd_Cmd25:
0x1304	0x8A81      	BSF         LCD_D5, BitPos(LCD_D5+0) 
L__Lcd_Cmd26:
;__Lib_Lcd.c,23 :: 		
0x1306	0xB90E      	BTFSC       FARG_Lcd_Cmd_out_char, 4, 1
0x1308	0xD002      	BRA         L__Lcd_Cmd27
0x130A	0x9881      	BCF         LCD_D4, BitPos(LCD_D4+0) 
0x130C	0xD001      	BRA         L__Lcd_Cmd28
L__Lcd_Cmd27:
0x130E	0x8881      	BSF         LCD_D4, BitPos(LCD_D4+0) 
L__Lcd_Cmd28:
;__Lib_Lcd.c,25 :: 		
0x1310	0x0101      	MOVLB       1
0x1312	0xB12A      	BTFSC       __Lib_Lcd_cmd_status, BitPos(__Lib_Lcd_cmd_status+0), 1
0x1314	0xD002      	BRA         L__Lcd_Cmd29
0x1316	0x8082      	BSF         LCD_RS, BitPos(LCD_RS+0) 
0x1318	0xD001      	BRA         L__Lcd_Cmd30
L__Lcd_Cmd29:
0x131A	0x9082      	BCF         LCD_RS, BitPos(LCD_RS+0) 
L__Lcd_Cmd30:
;__Lib_Lcd.c,28 :: 		
0x131C	0x8482      	BSF         LCD_EN, BitPos(LCD_EN+0) 
;__Lib_Lcd.c,29 :: 		
0x131E	0xF003ECBD  	CALL        _Delay_1us, 0
;__Lib_Lcd.c,30 :: 		
0x1322	0x9482      	BCF         LCD_EN, BitPos(LCD_EN+0) 
;__Lib_Lcd.c,33 :: 		
0x1324	0x0103      	MOVLB       3
0x1326	0xB70E      	BTFSC       FARG_Lcd_Cmd_out_char, 3, 1
0x1328	0xD002      	BRA         L__Lcd_Cmd31
0x132A	0x9E81      	BCF         LCD_D7, BitPos(LCD_D7+0) 
0x132C	0xD001      	BRA         L__Lcd_Cmd32
L__Lcd_Cmd31:
0x132E	0x8E81      	BSF         LCD_D7, BitPos(LCD_D7+0) 
L__Lcd_Cmd32:
;__Lib_Lcd.c,34 :: 		
0x1330	0xB50E      	BTFSC       FARG_Lcd_Cmd_out_char, 2, 1
0x1332	0xD002      	BRA         L__Lcd_Cmd33
0x1334	0x9C81      	BCF         LCD_D6, BitPos(LCD_D6+0) 
0x1336	0xD001      	BRA         L__Lcd_Cmd34
L__Lcd_Cmd33:
0x1338	0x8C81      	BSF         LCD_D6, BitPos(LCD_D6+0) 
L__Lcd_Cmd34:
;__Lib_Lcd.c,35 :: 		
0x133A	0xB30E      	BTFSC       FARG_Lcd_Cmd_out_char, 1, 1
0x133C	0xD002      	BRA         L__Lcd_Cmd35
0x133E	0x9A81      	BCF         LCD_D5, BitPos(LCD_D5+0) 
0x1340	0xD001      	BRA         L__Lcd_Cmd36
L__Lcd_Cmd35:
0x1342	0x8A81      	BSF         LCD_D5, BitPos(LCD_D5+0) 
L__Lcd_Cmd36:
;__Lib_Lcd.c,36 :: 		
0x1344	0xB10E      	BTFSC       FARG_Lcd_Cmd_out_char, 0, 1
0x1346	0xD002      	BRA         L__Lcd_Cmd37
0x1348	0x9881      	BCF         LCD_D4, BitPos(LCD_D4+0) 
0x134A	0xD001      	BRA         L__Lcd_Cmd38
L__Lcd_Cmd37:
0x134C	0x8881      	BSF         LCD_D4, BitPos(LCD_D4+0) 
L__Lcd_Cmd38:
;__Lib_Lcd.c,38 :: 		
0x134E	0x0101      	MOVLB       1
0x1350	0xB12A      	BTFSC       __Lib_Lcd_cmd_status, BitPos(__Lib_Lcd_cmd_status+0), 1
0x1352	0xD002      	BRA         L__Lcd_Cmd39
0x1354	0x8082      	BSF         LCD_RS, BitPos(LCD_RS+0) 
0x1356	0xD001      	BRA         L__Lcd_Cmd40
L__Lcd_Cmd39:
0x1358	0x9082      	BCF         LCD_RS, BitPos(LCD_RS+0) 
L__Lcd_Cmd40:
;__Lib_Lcd.c,40 :: 		
0x135A	0x8482      	BSF         LCD_EN, BitPos(LCD_EN+0) 
;__Lib_Lcd.c,41 :: 		
0x135C	0xF003ECBD  	CALL        _Delay_1us, 0
;__Lib_Lcd.c,42 :: 		
0x1360	0x9482      	BCF         LCD_EN, BitPos(LCD_EN+0) 
;__Lib_Lcd.c,44 :: 		
0x1362	0xA12A      	BTFSS       __Lib_Lcd_cmd_status, BitPos(__Lib_Lcd_cmd_status+0), 1
0x1364	0xD003      	BRA         L_Lcd_Cmd0
;__Lib_Lcd.c,45 :: 		
0x1366	0xF004EC16  	CALL        _Delay_5500us, 0
0x136A	0xD002      	BRA         L_Lcd_Cmd1
L_Lcd_Cmd0:
;__Lib_Lcd.c,47 :: 		
0x136C	0xF004EC5E  	CALL        _Delay_50us, 0
L_Lcd_Cmd1:
;__Lib_Lcd.c,48 :: 		
L_end_Lcd_Cmd:
0x1370	0x0012      	RETURN      0
; end of _Lcd_Cmd
_SPI_Ethernet_setRxReadAddress:
;__Lib_EthEnc28j60.c,2895 :: 		
;__Lib_EthEnc28j60.c,2897 :: 		
0x1372	0x0102      	MOVLB       2
0x1374	0x51FE      	MOVF        FARG_SPI_Ethernet_setRxReadAddress_addr+1, 0, 1
0x1376	0x0819      	SUBLW       25
0x1378	0xE102      	BNZ         L__SPI_Ethernet_setRxReadAddress374
0x137A	0x51FD      	MOVF        FARG_SPI_Ethernet_setRxReadAddress_addr, 0, 1
0x137C	0x08AD      	SUBLW       173
L__SPI_Ethernet_setRxReadAddress374:
0x137E	0xE204      	BC          L_SPI_Ethernet_setRxReadAddress266
;__Lib_EthEnc28j60.c,2898 :: 		
0x1380	0x0EAE      	MOVLW       174
0x1382	0x5FFD      	SUBWF       FARG_SPI_Ethernet_setRxReadAddress_addr, 1, 1
0x1384	0x0E19      	MOVLW       25
0x1386	0x5BFE      	SUBWFB      FARG_SPI_Ethernet_setRxReadAddress_addr+1, 1, 1
L_SPI_Ethernet_setRxReadAddress266:
;__Lib_EthEnc28j60.c,2899 :: 		
0x1388	0x0103      	MOVLB       3
0x138A	0x6B31      	CLRF        FARG_SPI_Ethernet_writeAddr_addr, 1
0x138C	0xF332C2FD  	MOVFF       FARG_SPI_Ethernet_setRxReadAddress_addr, FARG_SPI_Ethernet_writeAddr_v
0x1390	0xF333C2FE  	MOVFF       FARG_SPI_Ethernet_setRxReadAddress_addr+1, FARG_SPI_Ethernet_writeAddr_v+1
0x1394	0xF000ECA2  	CALL        _SPI_Ethernet_writeAddr, 0
;__Lib_EthEnc28j60.c,2901 :: 		
L_end_SPI_Ethernet_setRxReadAddress:
0x1398	0x0012      	RETURN      0
; end of _SPI_Ethernet_setRxReadAddress
_SPI_Ethernet_doDHCP:
;__Lib_EthEnc28j60.c,1613 :: 		
;__Lib_EthEnc28j60.c,1617 :: 		
0x139A	0xD0B5      	BRA         L_SPI_Ethernet_doDHCP99
;__Lib_EthEnc28j60.c,1631 :: 		
L_SPI_Ethernet_doDHCP101:
;__Lib_EthEnc28j60.c,1642 :: 		
0x139C	0x0E18      	MOVLW       _SPI_Ethernet_ipAddr
0x139E	0x0103      	MOVLB       3
0x13A0	0x6F0E      	MOVWF       FARG_memset_p1, 1
0x13A2	0x0E01      	MOVLW       hi_addr(_SPI_Ethernet_ipAddr)
0x13A4	0x6F0F      	MOVWF       FARG_memset_p1+1, 1
0x13A6	0x6B10      	CLRF        FARG_memset_character, 1
0x13A8	0x0E04      	MOVLW       4
0x13AA	0x6F11      	MOVWF       FARG_memset_n, 1
0x13AC	0x0E00      	MOVLW       0
0x13AE	0x6F12      	MOVWF       FARG_memset_n+1, 1
0x13B0	0xDF5D      	RCALL       _memset
;__Lib_EthEnc28j60.c,1644 :: 		
0x13B2	0x0E01      	MOVLW       1
0x13B4	0x6F0E      	MOVWF       FARG_SPI_Ethernet_DHCPmsg_messageType, 1
0x13B6	0x6B0F      	CLRF        FARG_SPI_Ethernet_DHCPmsg_renewFlag, 1
0x13B8	0xDC5B      	RCALL       _SPI_Ethernet_DHCPmsg
;__Lib_EthEnc28j60.c,1646 :: 		
0x13BA	0xF133C0E2  	MOVFF       _SPI_Ethernet_UserTimerSec, __Lib_EthEnc28j60_ts
0x13BE	0xF134C0E3  	MOVFF       _SPI_Ethernet_UserTimerSec+1, __Lib_EthEnc28j60_ts+1
0x13C2	0xF135C0E4  	MOVFF       _SPI_Ethernet_UserTimerSec+2, __Lib_EthEnc28j60_ts+2
0x13C6	0xF136C0E5  	MOVFF       _SPI_Ethernet_UserTimerSec+3, __Lib_EthEnc28j60_ts+3
;__Lib_EthEnc28j60.c,1647 :: 		
0x13CA	0x0E03      	MOVLW       3
0x13CC	0x0100      	MOVLB       0
0x13CE	0x6FD6      	MOVWF       __Lib_EthEnc28j60_smDHCPState, 1
;__Lib_EthEnc28j60.c,1650 :: 		
0x13D0	0xD0AD      	BRA         L_SPI_Ethernet_doDHCP100
;__Lib_EthEnc28j60.c,1652 :: 		
L_SPI_Ethernet_doDHCP102:
;__Lib_EthEnc28j60.c,1653 :: 		
0x13D2	0x0E05      	MOVLW       5
0x13D4	0x0101      	MOVLB       1
0x13D6	0x2533      	ADDWF       __Lib_EthEnc28j60_ts, 0, 1
0x13D8	0x6E01      	MOVWF       R1 
0x13DA	0x0E00      	MOVLW       0
0x13DC	0x2134      	ADDWFC      __Lib_EthEnc28j60_ts+1, 0, 1
0x13DE	0x6E02      	MOVWF       R2 
0x13E0	0x0E00      	MOVLW       0
0x13E2	0x2135      	ADDWFC      __Lib_EthEnc28j60_ts+2, 0, 1
0x13E4	0x6E03      	MOVWF       R3 
0x13E6	0x0E00      	MOVLW       0
0x13E8	0x2136      	ADDWFC      __Lib_EthEnc28j60_ts+3, 0, 1
0x13EA	0x6E04      	MOVWF       R4 
0x13EC	0x0100      	MOVLB       0
0x13EE	0x51E5      	MOVF        _SPI_Ethernet_UserTimerSec+3, 0, 1
0x13F0	0x5C04      	SUBWF       R4, 0 
0x13F2	0xE108      	BNZ         L__SPI_Ethernet_doDHCP335
0x13F4	0x51E4      	MOVF        _SPI_Ethernet_UserTimerSec+2, 0, 1
0x13F6	0x5C03      	SUBWF       R3, 0 
0x13F8	0xE105      	BNZ         L__SPI_Ethernet_doDHCP335
0x13FA	0x51E3      	MOVF        _SPI_Ethernet_UserTimerSec+1, 0, 1
0x13FC	0x5C02      	SUBWF       R2, 0 
0x13FE	0xE102      	BNZ         L__SPI_Ethernet_doDHCP335
0x1400	0x51E2      	MOVF        _SPI_Ethernet_UserTimerSec, 0, 1
0x1402	0x5C01      	SUBWF       R1, 0 
L__SPI_Ethernet_doDHCP335:
0x1404	0xE202      	BC          L_SPI_Ethernet_doDHCP103
;__Lib_EthEnc28j60.c,1655 :: 		
0x1406	0x0E02      	MOVLW       2
0x1408	0x6FD6      	MOVWF       __Lib_EthEnc28j60_smDHCPState, 1
;__Lib_EthEnc28j60.c,1657 :: 		
L_SPI_Ethernet_doDHCP103:
;__Lib_EthEnc28j60.c,1659 :: 		
0x140A	0xDD37      	RCALL       _SPI_Ethernet_DHCPReceive
0x140C	0x5000      	MOVF        R0, 0 
0x140E	0x0A02      	XORLW       2
0x1410	0xE104      	BNZ         L_SPI_Ethernet_doDHCP104
;__Lib_EthEnc28j60.c,1661 :: 		
0x1412	0x0E04      	MOVLW       4
0x1414	0x0100      	MOVLB       0
0x1416	0x6FD6      	MOVWF       __Lib_EthEnc28j60_smDHCPState, 1
;__Lib_EthEnc28j60.c,1662 :: 		
0x1418	0xD001      	BRA         L_SPI_Ethernet_doDHCP105
L_SPI_Ethernet_doDHCP104:
;__Lib_EthEnc28j60.c,1665 :: 		
0x141A	0xD088      	BRA         L_SPI_Ethernet_doDHCP100
;__Lib_EthEnc28j60.c,1666 :: 		
L_SPI_Ethernet_doDHCP105:
;__Lib_EthEnc28j60.c,1668 :: 		
L_SPI_Ethernet_doDHCP106:
;__Lib_EthEnc28j60.c,1670 :: 		
0x141C	0x0E03      	MOVLW       3
0x141E	0x0103      	MOVLB       3
0x1420	0x6F0E      	MOVWF       FARG_SPI_Ethernet_DHCPmsg_messageType, 1
0x1422	0xF30FC0D5  	MOVFF       __Lib_EthEnc28j60_DHCPrenew, FARG_SPI_Ethernet_DHCPmsg_renewFlag
0x1426	0xDC24      	RCALL       _SPI_Ethernet_DHCPmsg
;__Lib_EthEnc28j60.c,1672 :: 		
0x1428	0xF133C0E2  	MOVFF       _SPI_Ethernet_UserTimerSec, __Lib_EthEnc28j60_ts
0x142C	0xF134C0E3  	MOVFF       _SPI_Ethernet_UserTimerSec+1, __Lib_EthEnc28j60_ts+1
0x1430	0xF135C0E4  	MOVFF       _SPI_Ethernet_UserTimerSec+2, __Lib_EthEnc28j60_ts+2
0x1434	0xF136C0E5  	MOVFF       _SPI_Ethernet_UserTimerSec+3, __Lib_EthEnc28j60_ts+3
;__Lib_EthEnc28j60.c,1673 :: 		
0x1438	0x0E05      	MOVLW       5
0x143A	0x0100      	MOVLB       0
0x143C	0x6FD6      	MOVWF       __Lib_EthEnc28j60_smDHCPState, 1
;__Lib_EthEnc28j60.c,1676 :: 		
0x143E	0xD076      	BRA         L_SPI_Ethernet_doDHCP100
;__Lib_EthEnc28j60.c,1678 :: 		
L_SPI_Ethernet_doDHCP107:
;__Lib_EthEnc28j60.c,1680 :: 		
0x1440	0xDD1C      	RCALL       _SPI_Ethernet_DHCPReceive
0x1442	0xF2FDC000  	MOVFF       R0, SPI_Ethernet_doDHCP_DHCPRecvReturnValue_L0
;__Lib_EthEnc28j60.c,1681 :: 		
0x1446	0x5000      	MOVF        R0, 0 
0x1448	0x0A06      	XORLW       6
0x144A	0xE104      	BNZ         L_SPI_Ethernet_doDHCP108
;__Lib_EthEnc28j60.c,1684 :: 		
0x144C	0x0E04      	MOVLW       4
0x144E	0x0100      	MOVLB       0
0x1450	0x6FD6      	MOVWF       __Lib_EthEnc28j60_smDHCPState, 1
;__Lib_EthEnc28j60.c,1685 :: 		
0x1452	0xD02E      	BRA         L_SPI_Ethernet_doDHCP109
L_SPI_Ethernet_doDHCP108:
;__Lib_EthEnc28j60.c,1686 :: 		
0x1454	0x0102      	MOVLB       2
0x1456	0x51FD      	MOVF        SPI_Ethernet_doDHCP_DHCPRecvReturnValue_L0, 0, 1
0x1458	0x0A05      	XORLW       5
0x145A	0xE12A      	BNZ         L_SPI_Ethernet_doDHCP110
;__Lib_EthEnc28j60.c,1695 :: 		
0x145C	0xF133C0E2  	MOVFF       _SPI_Ethernet_UserTimerSec, __Lib_EthEnc28j60_ts
0x1460	0xF134C0E3  	MOVFF       _SPI_Ethernet_UserTimerSec+1, __Lib_EthEnc28j60_ts+1
0x1464	0xF135C0E4  	MOVFF       _SPI_Ethernet_UserTimerSec+2, __Lib_EthEnc28j60_ts+2
0x1468	0xF136C0E5  	MOVFF       _SPI_Ethernet_UserTimerSec+3, __Lib_EthEnc28j60_ts+3
;__Lib_EthEnc28j60.c,1696 :: 		
0x146C	0x0E06      	MOVLW       6
0x146E	0x0100      	MOVLB       0
0x1470	0x6FD6      	MOVWF       __Lib_EthEnc28j60_smDHCPState, 1
;__Lib_EthEnc28j60.c,1698 :: 		
0x1472	0x0E18      	MOVLW       _SPI_Ethernet_ipAddr
0x1474	0x0103      	MOVLB       3
0x1476	0x6F24      	MOVWF       FARG_memcpy_d1, 1
0x1478	0x0E01      	MOVLW       hi_addr(_SPI_Ethernet_ipAddr)
0x147A	0x6F25      	MOVWF       FARG_memcpy_d1+1, 1
0x147C	0x0E0C      	MOVLW       __Lib_EthEnc28j60_tmpIpAddr
0x147E	0x6F26      	MOVWF       FARG_memcpy_s1, 1
0x1480	0x0E01      	MOVLW       hi_addr(__Lib_EthEnc28j60_tmpIpAddr)
0x1482	0x6F27      	MOVWF       FARG_memcpy_s1+1, 1
0x1484	0x0E04      	MOVLW       4
0x1486	0x6F28      	MOVWF       FARG_memcpy_n, 1
0x1488	0x0E00      	MOVLW       0
0x148A	0x6F29      	MOVWF       FARG_memcpy_n+1, 1
0x148C	0xF001ECD3  	CALL        _memcpy, 0
;__Lib_EthEnc28j60.c,1699 :: 		
0x1490	0x0E22      	MOVLW       __Lib_EthEnc28j60_tmpNetMask
0x1492	0x6F0E      	MOVWF       FARG_SPI_Ethernet_confNetwork_ipMask, 1
0x1494	0x0E01      	MOVLW       hi_addr(__Lib_EthEnc28j60_tmpNetMask)
0x1496	0x6F0F      	MOVWF       FARG_SPI_Ethernet_confNetwork_ipMask+1, 1
0x1498	0x0E26      	MOVLW       __Lib_EthEnc28j60_tmpGW
0x149A	0x6F10      	MOVWF       FARG_SPI_Ethernet_confNetwork_gwIpAddr, 1
0x149C	0x0E01      	MOVLW       hi_addr(__Lib_EthEnc28j60_tmpGW)
0x149E	0x6F11      	MOVWF       FARG_SPI_Ethernet_confNetwork_gwIpAddr+1, 1
0x14A0	0x0E10      	MOVLW       __Lib_EthEnc28j60_tmpDNS
0x14A2	0x6F12      	MOVWF       FARG_SPI_Ethernet_confNetwork_dnsIpAddr, 1
0x14A4	0x0E01      	MOVLW       hi_addr(__Lib_EthEnc28j60_tmpDNS)
0x14A6	0x6F13      	MOVWF       FARG_SPI_Ethernet_confNetwork_dnsIpAddr+1, 1
0x14A8	0xDCB7      	RCALL       _SPI_Ethernet_confNetwork
;__Lib_EthEnc28j60.c,1701 :: 		
0x14AA	0x0100      	MOVLB       0
0x14AC	0x6BD5      	CLRF        __Lib_EthEnc28j60_DHCPrenew, 1
;__Lib_EthEnc28j60.c,1703 :: 		
0x14AE	0xD03E      	BRA         L_end_SPI_Ethernet_doDHCP
;__Lib_EthEnc28j60.c,1704 :: 		
L_SPI_Ethernet_doDHCP110:
L_SPI_Ethernet_doDHCP109:
;__Lib_EthEnc28j60.c,1706 :: 		
0x14B0	0xD03D      	BRA         L_SPI_Ethernet_doDHCP100
;__Lib_EthEnc28j60.c,1708 :: 		
L_SPI_Ethernet_doDHCP111:
;__Lib_EthEnc28j60.c,1713 :: 		
0x14B2	0x0E01      	MOVLW       1
0x14B4	0x0101      	MOVLB       1
0x14B6	0x2533      	ADDWF       __Lib_EthEnc28j60_ts, 0, 1
0x14B8	0x6E01      	MOVWF       R1 
0x14BA	0x0E00      	MOVLW       0
0x14BC	0x2134      	ADDWFC      __Lib_EthEnc28j60_ts+1, 0, 1
0x14BE	0x6E02      	MOVWF       R2 
0x14C0	0x0E00      	MOVLW       0
0x14C2	0x2135      	ADDWFC      __Lib_EthEnc28j60_ts+2, 0, 1
0x14C4	0x6E03      	MOVWF       R3 
0x14C6	0x0E00      	MOVLW       0
0x14C8	0x2136      	ADDWFC      __Lib_EthEnc28j60_ts+3, 0, 1
0x14CA	0x6E04      	MOVWF       R4 
0x14CC	0x5004      	MOVF        R4, 0 
0x14CE	0x0100      	MOVLB       0
0x14D0	0x5DE5      	SUBWF       _SPI_Ethernet_UserTimerSec+3, 0, 1
0x14D2	0xE108      	BNZ         L__SPI_Ethernet_doDHCP336
0x14D4	0x5003      	MOVF        R3, 0 
0x14D6	0x5DE4      	SUBWF       _SPI_Ethernet_UserTimerSec+2, 0, 1
0x14D8	0xE105      	BNZ         L__SPI_Ethernet_doDHCP336
0x14DA	0x5002      	MOVF        R2, 0 
0x14DC	0x5DE3      	SUBWF       _SPI_Ethernet_UserTimerSec+1, 0, 1
0x14DE	0xE102      	BNZ         L__SPI_Ethernet_doDHCP336
0x14E0	0x5001      	MOVF        R1, 0 
0x14E2	0x5DE2      	SUBWF       _SPI_Ethernet_UserTimerSec, 0, 1
L__SPI_Ethernet_doDHCP336:
0x14E4	0xE30F      	BNC         L_SPI_Ethernet_doDHCP112
;__Lib_EthEnc28j60.c,1715 :: 		
0x14E6	0x0E01      	MOVLW       1
0x14E8	0x0101      	MOVLB       1
0x14EA	0x5F08      	SUBWF       __Lib_EthEnc28j60_DHCPLeaseTime, 1, 1
0x14EC	0x0E00      	MOVLW       0
0x14EE	0x5B09      	SUBWFB      __Lib_EthEnc28j60_DHCPLeaseTime+1, 1, 1
0x14F0	0x5B0A      	SUBWFB      __Lib_EthEnc28j60_DHCPLeaseTime+2, 1, 1
0x14F2	0x5B0B      	SUBWFB      __Lib_EthEnc28j60_DHCPLeaseTime+3, 1, 1
;__Lib_EthEnc28j60.c,1724 :: 		
0x14F4	0xF133C0E2  	MOVFF       _SPI_Ethernet_UserTimerSec, __Lib_EthEnc28j60_ts
0x14F8	0xF134C0E3  	MOVFF       _SPI_Ethernet_UserTimerSec+1, __Lib_EthEnc28j60_ts+1
0x14FC	0xF135C0E4  	MOVFF       _SPI_Ethernet_UserTimerSec+2, __Lib_EthEnc28j60_ts+2
0x1500	0xF136C0E5  	MOVFF       _SPI_Ethernet_UserTimerSec+3, __Lib_EthEnc28j60_ts+3
;__Lib_EthEnc28j60.c,1725 :: 		
L_SPI_Ethernet_doDHCP112:
;__Lib_EthEnc28j60.c,1726 :: 		
0x1504	0xD013      	BRA         L_SPI_Ethernet_doDHCP100
;__Lib_EthEnc28j60.c,1727 :: 		
L_SPI_Ethernet_doDHCP99:
0x1506	0x0100      	MOVLB       0
0x1508	0x51D6      	MOVF        __Lib_EthEnc28j60_smDHCPState, 0, 1
0x150A	0x0A02      	XORLW       2
0x150C	0xB4D8      	BTFSC       STATUS, 2 
0x150E	0xD746      	BRA         L_SPI_Ethernet_doDHCP101
0x1510	0x51D6      	MOVF        __Lib_EthEnc28j60_smDHCPState, 0, 1
0x1512	0x0A03      	XORLW       3
0x1514	0xB4D8      	BTFSC       STATUS, 2 
0x1516	0xD75D      	BRA         L_SPI_Ethernet_doDHCP102
0x1518	0x51D6      	MOVF        __Lib_EthEnc28j60_smDHCPState, 0, 1
0x151A	0x0A04      	XORLW       4
0x151C	0xB4D8      	BTFSC       STATUS, 2 
0x151E	0xD77E      	BRA         L_SPI_Ethernet_doDHCP106
0x1520	0x51D6      	MOVF        __Lib_EthEnc28j60_smDHCPState, 0, 1
0x1522	0x0A05      	XORLW       5
0x1524	0xE08D      	BZ          L_SPI_Ethernet_doDHCP107
0x1526	0x51D6      	MOVF        __Lib_EthEnc28j60_smDHCPState, 0, 1
0x1528	0x0A06      	XORLW       6
0x152A	0xE0C3      	BZ          L_SPI_Ethernet_doDHCP111
L_SPI_Ethernet_doDHCP100:
;__Lib_EthEnc28j60.c,1728 :: 		
L_end_SPI_Ethernet_doDHCP:
0x152C	0x0012      	RETURN      0
; end of _SPI_Ethernet_doDHCP
_SPI_Ethernet_doDNS:
;__Lib_EthEnc28j60.c,2078 :: 		
;__Lib_EthEnc28j60.c,2085 :: 		
0x152E	0xF003ECC4  	CALL        _SPI_Ethernet_getByte, 0
;__Lib_EthEnc28j60.c,2086 :: 		
0x1532	0xF003ECC4  	CALL        _SPI_Ethernet_getByte, 0
;__Lib_EthEnc28j60.c,2091 :: 		
0x1536	0xF003ECC4  	CALL        _SPI_Ethernet_getByte, 0
0x153A	0xF2FEC000  	MOVFF       R0, SPI_Ethernet_doDNS_f_L0+1
;__Lib_EthEnc28j60.c,2092 :: 		
0x153E	0xF003ECC4  	CALL        _SPI_Ethernet_getByte, 0
0x1542	0xF2FDC000  	MOVFF       R0, SPI_Ethernet_doDNS_f_L0
;__Lib_EthEnc28j60.c,2097 :: 		
0x1546	0xF003ECC4  	CALL        _SPI_Ethernet_getByte, 0
0x154A	0xF302C000  	MOVFF       R0, SPI_Ethernet_doDNS_q_L0+1
;__Lib_EthEnc28j60.c,2098 :: 		
0x154E	0xF003ECC4  	CALL        _SPI_Ethernet_getByte, 0
0x1552	0xF301C000  	MOVFF       R0, SPI_Ethernet_doDNS_q_L0
;__Lib_EthEnc28j60.c,2103 :: 		
0x1556	0xF003ECC4  	CALL        _SPI_Ethernet_getByte, 0
0x155A	0xF304C000  	MOVFF       R0, SPI_Ethernet_doDNS_a_L0+1
;__Lib_EthEnc28j60.c,2104 :: 		
0x155E	0xF003ECC4  	CALL        _SPI_Ethernet_getByte, 0
0x1562	0xF303C000  	MOVFF       R0, SPI_Ethernet_doDNS_a_L0
;__Lib_EthEnc28j60.c,2109 :: 		
0x1566	0xF003ECC4  	CALL        _SPI_Ethernet_getByte, 0
;__Lib_EthEnc28j60.c,2110 :: 		
0x156A	0xF003ECC4  	CALL        _SPI_Ethernet_getByte, 0
;__Lib_EthEnc28j60.c,2115 :: 		
0x156E	0xF003ECC4  	CALL        _SPI_Ethernet_getByte, 0
;__Lib_EthEnc28j60.c,2116 :: 		
0x1572	0xF003ECC4  	CALL        _SPI_Ethernet_getByte, 0
;__Lib_EthEnc28j60.c,2119 :: 		
L_SPI_Ethernet_doDNS184:
0x1576	0xF000C301  	MOVFF       SPI_Ethernet_doDNS_q_L0, R0
0x157A	0xF001C302  	MOVFF       SPI_Ethernet_doDNS_q_L0+1, R1
0x157E	0x0E01      	MOVLW       1
0x1580	0x0103      	MOVLB       3
0x1582	0x5F01      	SUBWF       SPI_Ethernet_doDNS_q_L0, 1, 1
0x1584	0x0E00      	MOVLW       0
0x1586	0x5B02      	SUBWFB      SPI_Ethernet_doDNS_q_L0+1, 1, 1
0x1588	0x5000      	MOVF        R0, 0 
0x158A	0x1001      	IORWF       R1, 0 
0x158C	0xE00E      	BZ          L_SPI_Ethernet_doDNS185
;__Lib_EthEnc28j60.c,2122 :: 		
L_SPI_Ethernet_doDNS186:
0x158E	0xF003ECC4  	CALL        _SPI_Ethernet_getByte, 0
0x1592	0x5200      	MOVF        R0, 1 
0x1594	0xE001      	BZ          L_SPI_Ethernet_doDNS187
0x1596	0xD7FB      	BRA         L_SPI_Ethernet_doDNS186
L_SPI_Ethernet_doDNS187:
;__Lib_EthEnc28j60.c,2125 :: 		
0x1598	0xF003ECC4  	CALL        _SPI_Ethernet_getByte, 0
;__Lib_EthEnc28j60.c,2126 :: 		
0x159C	0xF003ECC4  	CALL        _SPI_Ethernet_getByte, 0
;__Lib_EthEnc28j60.c,2127 :: 		
0x15A0	0xF003ECC4  	CALL        _SPI_Ethernet_getByte, 0
;__Lib_EthEnc28j60.c,2128 :: 		
0x15A4	0xF003ECC4  	CALL        _SPI_Ethernet_getByte, 0
;__Lib_EthEnc28j60.c,2129 :: 		
0x15A8	0xD7E6      	BRA         L_SPI_Ethernet_doDNS184
L_SPI_Ethernet_doDNS185:
;__Lib_EthEnc28j60.c,2132 :: 		
L_SPI_Ethernet_doDNS188:
0x15AA	0xF000C303  	MOVFF       SPI_Ethernet_doDNS_a_L0, R0
0x15AE	0xF001C304  	MOVFF       SPI_Ethernet_doDNS_a_L0+1, R1
0x15B2	0x0E01      	MOVLW       1
0x15B4	0x0103      	MOVLB       3
0x15B6	0x5F03      	SUBWF       SPI_Ethernet_doDNS_a_L0, 1, 1
0x15B8	0x0E00      	MOVLW       0
0x15BA	0x5B04      	SUBWFB      SPI_Ethernet_doDNS_a_L0+1, 1, 1
0x15BC	0x5000      	MOVF        R0, 0 
0x15BE	0x1001      	IORWF       R1, 0 
0x15C0	0xE048      	BZ          L_SPI_Ethernet_doDNS189
;__Lib_EthEnc28j60.c,2135 :: 		
0x15C2	0xF003ECC4  	CALL        _SPI_Ethernet_getByte, 0
;__Lib_EthEnc28j60.c,2136 :: 		
0x15C6	0xF003ECC4  	CALL        _SPI_Ethernet_getByte, 0
;__Lib_EthEnc28j60.c,2139 :: 		
0x15CA	0xF003ECC4  	CALL        _SPI_Ethernet_getByte, 0
0x15CE	0xF308C000  	MOVFF       R0, SPI_Ethernet_doDNS_type_L0+1
;__Lib_EthEnc28j60.c,2140 :: 		
0x15D2	0xF003ECC4  	CALL        _SPI_Ethernet_getByte, 0
0x15D6	0xF307C000  	MOVFF       R0, SPI_Ethernet_doDNS_type_L0
;__Lib_EthEnc28j60.c,2143 :: 		
0x15DA	0xF003ECC4  	CALL        _SPI_Ethernet_getByte, 0
;__Lib_EthEnc28j60.c,2144 :: 		
0x15DE	0xF003ECC4  	CALL        _SPI_Ethernet_getByte, 0
;__Lib_EthEnc28j60.c,2145 :: 		
0x15E2	0xF003ECC4  	CALL        _SPI_Ethernet_getByte, 0
;__Lib_EthEnc28j60.c,2146 :: 		
0x15E6	0xF003ECC4  	CALL        _SPI_Ethernet_getByte, 0
;__Lib_EthEnc28j60.c,2147 :: 		
0x15EA	0xF003ECC4  	CALL        _SPI_Ethernet_getByte, 0
;__Lib_EthEnc28j60.c,2148 :: 		
0x15EE	0xF003ECC4  	CALL        _SPI_Ethernet_getByte, 0
;__Lib_EthEnc28j60.c,2151 :: 		
0x15F2	0xF003ECC4  	CALL        _SPI_Ethernet_getByte, 0
0x15F6	0xF306C000  	MOVFF       R0, SPI_Ethernet_doDNS_dl_L0+1
;__Lib_EthEnc28j60.c,2152 :: 		
0x15FA	0xF003ECC4  	CALL        _SPI_Ethernet_getByte, 0
0x15FE	0xF305C000  	MOVFF       R0, SPI_Ethernet_doDNS_dl_L0
;__Lib_EthEnc28j60.c,2154 :: 		
0x1602	0x0E00      	MOVLW       0
0x1604	0x0103      	MOVLB       3
0x1606	0x1908      	XORWF       SPI_Ethernet_doDNS_type_L0+1, 0, 1
0x1608	0xE102      	BNZ         L__SPI_Ethernet_doDNS342
0x160A	0x0E01      	MOVLW       1
0x160C	0x1907      	XORWF       SPI_Ethernet_doDNS_type_L0, 0, 1
L__SPI_Ethernet_doDNS342:
0x160E	0xE111      	BNZ         L_SPI_Ethernet_doDNS190
;__Lib_EthEnc28j60.c,2157 :: 		
0x1610	0xF003ECC4  	CALL        _SPI_Ethernet_getByte, 0
0x1614	0xF12FC000  	MOVFF       R0, _SPI_Ethernet_rmtIpAddr
;__Lib_EthEnc28j60.c,2158 :: 		
0x1618	0xF003ECC4  	CALL        _SPI_Ethernet_getByte, 0
0x161C	0xF130C000  	MOVFF       R0, _SPI_Ethernet_rmtIpAddr+1
;__Lib_EthEnc28j60.c,2159 :: 		
0x1620	0xF003ECC4  	CALL        _SPI_Ethernet_getByte, 0
0x1624	0xF131C000  	MOVFF       R0, _SPI_Ethernet_rmtIpAddr+2
;__Lib_EthEnc28j60.c,2160 :: 		
0x1628	0xF003ECC4  	CALL        _SPI_Ethernet_getByte, 0
0x162C	0xF132C000  	MOVFF       R0, _SPI_Ethernet_rmtIpAddr+3
;__Lib_EthEnc28j60.c,2161 :: 		
0x1630	0xD010      	BRA         L_SPI_Ethernet_doDNS189
;__Lib_EthEnc28j60.c,2162 :: 		
L_SPI_Ethernet_doDNS190:
;__Lib_EthEnc28j60.c,2166 :: 		
L_SPI_Ethernet_doDNS192:
0x1632	0xF000C305  	MOVFF       SPI_Ethernet_doDNS_dl_L0, R0
0x1636	0xF001C306  	MOVFF       SPI_Ethernet_doDNS_dl_L0+1, R1
0x163A	0x0E01      	MOVLW       1
0x163C	0x0103      	MOVLB       3
0x163E	0x5F05      	SUBWF       SPI_Ethernet_doDNS_dl_L0, 1, 1
0x1640	0x0E00      	MOVLW       0
0x1642	0x5B06      	SUBWFB      SPI_Ethernet_doDNS_dl_L0+1, 1, 1
0x1644	0x5000      	MOVF        R0, 0 
0x1646	0x1001      	IORWF       R1, 0 
0x1648	0xE003      	BZ          L_SPI_Ethernet_doDNS193
;__Lib_EthEnc28j60.c,2168 :: 		
0x164A	0xF003ECC4  	CALL        _SPI_Ethernet_getByte, 0
;__Lib_EthEnc28j60.c,2169 :: 		
0x164E	0xD7F1      	BRA         L_SPI_Ethernet_doDNS192
L_SPI_Ethernet_doDNS193:
;__Lib_EthEnc28j60.c,2171 :: 		
0x1650	0xD7AC      	BRA         L_SPI_Ethernet_doDNS188
L_SPI_Ethernet_doDNS189:
;__Lib_EthEnc28j60.c,2172 :: 		
L_end_SPI_Ethernet_doDNS:
0x1652	0x0012      	RETURN      0
; end of _SPI_Ethernet_doDNS
_SPI_Ethernet_writePHY:
;__Lib_EthEnc28j60.c,2914 :: 		
;__Lib_EthEnc28j60.c,2916 :: 		
0x1654	0x0E1F      	MOVLW       31
0x1656	0x0103      	MOVLB       3
0x1658	0x6F2E      	MOVWF       FARG_SPI_Ethernet_clearBitReg_addr, 1
0x165A	0x0E01      	MOVLW       1
0x165C	0x6F2F      	MOVWF       FARG_SPI_Ethernet_clearBitReg_mask, 1
0x165E	0xF001EC1C  	CALL        _SPI_Ethernet_clearBitReg, 0
0x1662	0x0E1F      	MOVLW       31
0x1664	0x0103      	MOVLB       3
0x1666	0x6F2E      	MOVWF       FARG_SPI_Ethernet_setBitReg_addr, 1
0x1668	0x0E02      	MOVLW       2
0x166A	0x6F2F      	MOVWF       FARG_SPI_Ethernet_setBitReg_mask, 1
0x166C	0xF001EC58  	CALL        _SPI_Ethernet_setBitReg, 0
;__Lib_EthEnc28j60.c,2917 :: 		
0x1670	0x0E14      	MOVLW       20
0x1672	0x0103      	MOVLB       3
0x1674	0x6F0E      	MOVWF       FARG_SPI_Ethernet_writeReg_addr, 1
0x1676	0xF30FC2FD  	MOVFF       FARG_SPI_Ethernet_writePHY_reg, FARG_SPI_Ethernet_writeReg_v
0x167A	0xDE16      	RCALL       _SPI_Ethernet_writeReg
;__Lib_EthEnc28j60.c,2918 :: 		
0x167C	0xF007EC02  	CALL        _SPI_Ethernet_delay, 0
;__Lib_EthEnc28j60.c,2919 :: 		
0x1680	0x0E16      	MOVLW       22
0x1682	0x6F0E      	MOVWF       FARG_SPI_Ethernet_writeReg_addr, 1
0x1684	0xF30FC2FF  	MOVFF       FARG_SPI_Ethernet_writePHY_l, FARG_SPI_Ethernet_writeReg_v
0x1688	0xDE0F      	RCALL       _SPI_Ethernet_writeReg
;__Lib_EthEnc28j60.c,2920 :: 		
0x168A	0xF007EC02  	CALL        _SPI_Ethernet_delay, 0
;__Lib_EthEnc28j60.c,2921 :: 		
0x168E	0x0E17      	MOVLW       23
0x1690	0x6F0E      	MOVWF       FARG_SPI_Ethernet_writeReg_addr, 1
0x1692	0xF30FC2FE  	MOVFF       FARG_SPI_Ethernet_writePHY_h, FARG_SPI_Ethernet_writeReg_v
0x1696	0xDE08      	RCALL       _SPI_Ethernet_writeReg
;__Lib_EthEnc28j60.c,2922 :: 		
0x1698	0xF007EC02  	CALL        _SPI_Ethernet_delay, 0
;__Lib_EthEnc28j60.c,2923 :: 		
L_end_SPI_Ethernet_writePHY:
0x169C	0x0012      	RETURN      0
; end of _SPI_Ethernet_writePHY
_SPI_Ethernet_readPHY:
;__Lib_EthEnc28j60.c,2936 :: 		
;__Lib_EthEnc28j60.c,2938 :: 		
0x169E	0x0E1F      	MOVLW       31
0x16A0	0x0103      	MOVLB       3
0x16A2	0x6F2E      	MOVWF       FARG_SPI_Ethernet_clearBitReg_addr, 1
0x16A4	0x0E01      	MOVLW       1
0x16A6	0x6F2F      	MOVWF       FARG_SPI_Ethernet_clearBitReg_mask, 1
0x16A8	0xF001EC1C  	CALL        _SPI_Ethernet_clearBitReg, 0
0x16AC	0x0E1F      	MOVLW       31
0x16AE	0x0103      	MOVLB       3
0x16B0	0x6F2E      	MOVWF       FARG_SPI_Ethernet_setBitReg_addr, 1
0x16B2	0x0E02      	MOVLW       2
0x16B4	0x6F2F      	MOVWF       FARG_SPI_Ethernet_setBitReg_mask, 1
0x16B6	0xF001EC58  	CALL        _SPI_Ethernet_setBitReg, 0
;__Lib_EthEnc28j60.c,2939 :: 		
0x16BA	0x0E14      	MOVLW       20
0x16BC	0x0103      	MOVLB       3
0x16BE	0x6F0E      	MOVWF       FARG_SPI_Ethernet_writeReg_addr, 1
0x16C0	0xF30FC2FD  	MOVFF       FARG_SPI_Ethernet_readPHY_reg, FARG_SPI_Ethernet_writeReg_v
0x16C4	0xDDF1      	RCALL       _SPI_Ethernet_writeReg
;__Lib_EthEnc28j60.c,2940 :: 		
0x16C6	0x0E12      	MOVLW       18
0x16C8	0x0103      	MOVLB       3
0x16CA	0x6F2E      	MOVWF       FARG_SPI_Ethernet_setBitReg_addr, 1
0x16CC	0x0E01      	MOVLW       1
0x16CE	0x6F2F      	MOVWF       FARG_SPI_Ethernet_setBitReg_mask, 1
0x16D0	0xF001EC58  	CALL        _SPI_Ethernet_setBitReg, 0
;__Lib_EthEnc28j60.c,2941 :: 		
0x16D4	0xF007EC02  	CALL        _SPI_Ethernet_delay, 0
;__Lib_EthEnc28j60.c,2942 :: 		
0x16D8	0x0E12      	MOVLW       18
0x16DA	0x6F2E      	MOVWF       FARG_SPI_Ethernet_clearBitReg_addr, 1
0x16DC	0x0E01      	MOVLW       1
0x16DE	0x6F2F      	MOVWF       FARG_SPI_Ethernet_clearBitReg_mask, 1
0x16E0	0xF001EC1C  	CALL        _SPI_Ethernet_clearBitReg, 0
;__Lib_EthEnc28j60.c,2943 :: 		
0x16E4	0x0E16      	MOVLW       22
0x16E6	0x0103      	MOVLB       3
0x16E8	0x6F2E      	MOVWF       FARG_SPI_Ethernet_readReg_addr, 1
0x16EA	0xF000ECEB  	CALL        _SPI_Ethernet_readReg, 0
0x16EE	0xFFE1C300  	MOVFF       FARG_SPI_Ethernet_readPHY_l, FSR1L
0x16F2	0xFFE2C301  	MOVFF       FARG_SPI_Ethernet_readPHY_l+1, FSR1H
0x16F6	0xFFE6C000  	MOVFF       R0, POSTINC1
;__Lib_EthEnc28j60.c,2944 :: 		
0x16FA	0x0E17      	MOVLW       23
0x16FC	0x0103      	MOVLB       3
0x16FE	0x6F2E      	MOVWF       FARG_SPI_Ethernet_readReg_addr, 1
0x1700	0xF000ECEB  	CALL        _SPI_Ethernet_readReg, 0
0x1704	0xFFE1C2FE  	MOVFF       FARG_SPI_Ethernet_readPHY_h, FSR1L
0x1708	0xFFE2C2FF  	MOVFF       FARG_SPI_Ethernet_readPHY_h+1, FSR1H
0x170C	0xFFE6C000  	MOVFF       R0, POSTINC1
;__Lib_EthEnc28j60.c,2945 :: 		
L_end_SPI_Ethernet_readPHY:
0x1710	0x0012      	RETURN      0
; end of _SPI_Ethernet_readPHY
_SPI_Ethernet_memcmp:
;__Lib_EthEnc28j60.c,2561 :: 		
;__Lib_EthEnc28j60.c,2568 :: 		
0x1712	0x0103      	MOVLB       3
0x1714	0x6B2E      	CLRF        FARG_SPI_Ethernet_readReg_addr, 1
0x1716	0xF000ECEB  	CALL        _SPI_Ethernet_readReg, 0
0x171A	0xF302C000  	MOVFF       R0, SPI_Ethernet_memcmp_rdptr_L0
;__Lib_EthEnc28j60.c,2569 :: 		
0x171E	0x0E01      	MOVLW       1
0x1720	0x0103      	MOVLB       3
0x1722	0x6F2E      	MOVWF       FARG_SPI_Ethernet_readReg_addr, 1
0x1724	0xF000ECEB  	CALL        _SPI_Ethernet_readReg, 0
0x1728	0xF303C000  	MOVFF       R0, SPI_Ethernet_memcmp_rdptr_L0+1
;__Lib_EthEnc28j60.c,2570 :: 		
0x172C	0x0103      	MOVLB       3
0x172E	0x6B31      	CLRF        FARG_SPI_Ethernet_writeAddr_addr, 1
0x1730	0xF332C2FD  	MOVFF       FARG_SPI_Ethernet_memcmp_addr, FARG_SPI_Ethernet_writeAddr_v
0x1734	0xF333C2FE  	MOVFF       FARG_SPI_Ethernet_memcmp_addr+1, FARG_SPI_Ethernet_writeAddr_v+1
0x1738	0xF000ECA2  	CALL        _SPI_Ethernet_writeAddr, 0
;__Lib_EthEnc28j60.c,2572 :: 		
0x173C	0x9080      	BCF         SPI_Ethernet_CS, BitPos(SPI_Ethernet_CS+0) 
;__Lib_EthEnc28j60.c,2573 :: 		
0x173E	0xFFE1C106  	MOVFF       _SPI_Rd_Ptr+2, FSR1L
0x1742	0xFFE2C107  	MOVFF       _SPI_Rd_Ptr+3, FSR1H
0x1746	0x0E3A      	MOVLW       58
0x1748	0x6EE6      	MOVWF       POSTINC1 
0x174A	0xF000C104  	MOVFF       _SPI_Rd_Ptr, R0
0x174E	0xF001C105  	MOVFF       _SPI_Rd_Ptr+1, R1
0x1752	0xF000EC96  	CALL        _____DoIFC, 0
;__Lib_EthEnc28j60.c,2574 :: 		
L_SPI_Ethernet_memcmp253:
0x1756	0x0103      	MOVLB       3
0x1758	0x5301      	MOVF        FARG_SPI_Ethernet_memcmp_l, 1, 1
0x175A	0xE01A      	BZ          L_SPI_Ethernet_memcmp254
;__Lib_EthEnc28j60.c,2576 :: 		
0x175C	0xFFE1C106  	MOVFF       _SPI_Rd_Ptr+2, FSR1L
0x1760	0xFFE2C107  	MOVFF       _SPI_Rd_Ptr+3, FSR1H
0x1764	0x6AE6      	CLRF        POSTINC1 
0x1766	0xF000C104  	MOVFF       _SPI_Rd_Ptr, R0
0x176A	0xF001C105  	MOVFF       _SPI_Rd_Ptr+1, R1
0x176E	0xF000EC96  	CALL        _____DoIFC, 0
0x1772	0xFFD9C2FF  	MOVFF       FARG_SPI_Ethernet_memcmp_s, FSR2L
0x1776	0xFFDAC300  	MOVFF       FARG_SPI_Ethernet_memcmp_s+1, FSR2H
0x177A	0x5000      	MOVF        R0, 0 
0x177C	0x18DE      	XORWF       POSTINC2, 0 
0x177E	0xE001      	BZ          L_SPI_Ethernet_memcmp255
;__Lib_EthEnc28j60.c,2578 :: 		
0x1780	0xD007      	BRA         L_SPI_Ethernet_memcmp254
;__Lib_EthEnc28j60.c,2579 :: 		
L_SPI_Ethernet_memcmp255:
;__Lib_EthEnc28j60.c,2580 :: 		
0x1782	0x0102      	MOVLB       2
0x1784	0x2BFF      	INCF        FARG_SPI_Ethernet_memcmp_s, 1, 1
0x1786	0x0103      	MOVLB       3
0x1788	0x0E00      	MOVLW       0
0x178A	0x2300      	ADDWFC      FARG_SPI_Ethernet_memcmp_s+1, 1, 1
;__Lib_EthEnc28j60.c,2581 :: 		
0x178C	0x0701      	DECF        FARG_SPI_Ethernet_memcmp_l, 1, 1
;__Lib_EthEnc28j60.c,2582 :: 		
0x178E	0xD7E3      	BRA         L_SPI_Ethernet_memcmp253
L_SPI_Ethernet_memcmp254:
0x1790	0x0103      	MOVLB       3
;__Lib_EthEnc28j60.c,2583 :: 		
0x1792	0x8080      	BSF         SPI_Ethernet_CS, BitPos(SPI_Ethernet_CS+0) 
;__Lib_EthEnc28j60.c,2584 :: 		
0x1794	0x6B31      	CLRF        FARG_SPI_Ethernet_writeAddr_addr, 1
0x1796	0xF332C302  	MOVFF       SPI_Ethernet_memcmp_rdptr_L0, FARG_SPI_Ethernet_writeAddr_v
0x179A	0xF333C303  	MOVFF       SPI_Ethernet_memcmp_rdptr_L0+1, FARG_SPI_Ethernet_writeAddr_v+1
0x179E	0xF000ECA2  	CALL        _SPI_Ethernet_writeAddr, 0
;__Lib_EthEnc28j60.c,2585 :: 		
0x17A2	0xF000C301  	MOVFF       FARG_SPI_Ethernet_memcmp_l, R0
;__Lib_EthEnc28j60.c,2586 :: 		
L_end_SPI_Ethernet_memcmp:
0x17A6	0x0012      	RETURN      0
; end of _SPI_Ethernet_memcmp
_Mul_16x16_U:
;__Lib_Math.c,440 :: 		
;__Lib_Math.c,447 :: 		
0x17A8	0x6A0B      	CLRF        R11, higher_addr(L_Div_16x16_S0)
;__Lib_Math.c,448 :: 		
0x17AA	0x6A0A      	CLRF        R10, higher_addr(L_Div_16x16_S0)
;__Lib_Math.c,449 :: 		
0x17AC	0x6A09      	CLRF        R9, higher_addr(L_Div_16x16_S0)
;__Lib_Math.c,450 :: 		
0x17AE	0x5000      	MOVF        R0, 0, 0
;__Lib_Math.c,451 :: 		
0x17B0	0x0204      	MULWF       R4, higher_addr(L_Div_16x16_S0)
;__Lib_Math.c,453 :: 		
0x17B2	0xF009CFF4  	MOVFF       PRODH, R9
;__Lib_Math.c,454 :: 		
0x17B6	0xF008CFF3  	MOVFF       PRODL, R8
;__Lib_Math.c,455 :: 		
0x17BA	0x5001      	MOVF        R1, 0, 0
;__Lib_Math.c,456 :: 		
0x17BC	0x0205      	MULWF       R5, higher_addr(L_Div_16x16_S0)
;__Lib_Math.c,458 :: 		
0x17BE	0xF00BCFF4  	MOVFF       PRODH, R11
;__Lib_Math.c,459 :: 		
0x17C2	0xF00ACFF3  	MOVFF       PRODL, R10
;__Lib_Math.c,460 :: 		
0x17C6	0x5000      	MOVF        R0, 0, 0
;__Lib_Math.c,461 :: 		
0x17C8	0x0205      	MULWF       R5, higher_addr(L_Div_16x16_S0)
;__Lib_Math.c,463 :: 		
0x17CA	0x50F3      	MOVF        PRODL, 0, 0
;__Lib_Math.c,464 :: 		
0x17CC	0x2609      	ADDWF       R9, 1, 0
;__Lib_Math.c,465 :: 		
0x17CE	0x50F4      	MOVF        PRODH, 0, 0
;__Lib_Math.c,466 :: 		
0x17D0	0x220A      	ADDWFC      R10, 1, 0
;__Lib_Math.c,467 :: 		
0x17D2	0x6AE8      	CLRF        WREG, higher_addr(L_Div_16x16_S0)
;__Lib_Math.c,468 :: 		
0x17D4	0x220B      	ADDWFC      R11, 1, 0
;__Lib_Math.c,469 :: 		
0x17D6	0x5001      	MOVF        R1, 0, 0
;__Lib_Math.c,470 :: 		
0x17D8	0x0204      	MULWF       R4, higher_addr(L_Div_16x16_S0)
;__Lib_Math.c,472 :: 		
0x17DA	0x50F3      	MOVF        PRODL, 0, 0
;__Lib_Math.c,473 :: 		
0x17DC	0x2609      	ADDWF       R9, 1, 0
;__Lib_Math.c,474 :: 		
0x17DE	0x50F4      	MOVF        PRODH, 0, 0
;__Lib_Math.c,475 :: 		
0x17E0	0x220A      	ADDWFC      R10, 1, 0
;__Lib_Math.c,476 :: 		
0x17E2	0x6AE8      	CLRF        WREG, higher_addr(L_Div_16x16_S0)
;__Lib_Math.c,477 :: 		
0x17E4	0x220B      	ADDWFC      R11, 1, 0
;__Lib_Math.c,479 :: 		
0x17E6	0xF000C008  	MOVFF       R8, R0
;__Lib_Math.c,480 :: 		
0x17EA	0xF001C009  	MOVFF       R9, R1
;__Lib_Math.c,481 :: 		
0x17EE	0xF002C00A  	MOVFF       R10, R2
;__Lib_Math.c,482 :: 		
0x17F2	0xF003C00B  	MOVFF       R11, R3
;__Lib_Math.c,485 :: 		
L_end_Mul_16x16_U:
0x17F6	0x0012      	RETURN      0
; end of _Mul_16x16_U
_SPI_Ethernet_MACswap:
;__Lib_EthEnc28j60.c,2362 :: 		
;__Lib_EthEnc28j60.c,2364 :: 		
0x17F8	0x0EB5      	MOVLW       181
0x17FA	0x0103      	MOVLB       3
0x17FC	0x6F24      	MOVWF       FARG_SPI_Ethernet_RAMcopy_start, 1
0x17FE	0x0E19      	MOVLW       25
0x1800	0x6F25      	MOVWF       FARG_SPI_Ethernet_RAMcopy_start+1, 1
0x1802	0x0EBB      	MOVLW       187
0x1804	0x6F26      	MOVWF       FARG_SPI_Ethernet_RAMcopy_stop, 1
0x1806	0x0E19      	MOVLW       25
0x1808	0x6F27      	MOVWF       FARG_SPI_Ethernet_RAMcopy_stop+1, 1
0x180A	0x0EAF      	MOVLW       175
0x180C	0x6F28      	MOVWF       FARG_SPI_Ethernet_RAMcopy_dest, 1
0x180E	0x0E19      	MOVLW       25
0x1810	0x6F29      	MOVWF       FARG_SPI_Ethernet_RAMcopy_dest+1, 1
0x1812	0x6B2A      	CLRF        FARG_SPI_Ethernet_RAMcopy_w, 1
0x1814	0xF003EC03  	CALL        _SPI_Ethernet_RAMcopy, 0
;__Lib_EthEnc28j60.c,2365 :: 		
0x1818	0x0EB5      	MOVLW       181
0x181A	0x6F24      	MOVWF       FARG_SPI_Ethernet_memcpy_addr, 1
0x181C	0x0E19      	MOVLW       25
0x181E	0x6F25      	MOVWF       FARG_SPI_Ethernet_memcpy_addr+1, 1
0x1820	0x0E1C      	MOVLW       _SPI_Ethernet_macAddr
0x1822	0x6F26      	MOVWF       FARG_SPI_Ethernet_memcpy_s, 1
0x1824	0x0E01      	MOVLW       hi_addr(_SPI_Ethernet_macAddr)
0x1826	0x6F27      	MOVWF       FARG_SPI_Ethernet_memcpy_s+1, 1
0x1828	0x0E06      	MOVLW       6
0x182A	0x6F28      	MOVWF       FARG_SPI_Ethernet_memcpy_l, 1
0x182C	0x0E00      	MOVLW       0
0x182E	0x6F29      	MOVWF       FARG_SPI_Ethernet_memcpy_l+1, 1
0x1830	0xF001EC75  	CALL        _SPI_Ethernet_memcpy, 0
;__Lib_EthEnc28j60.c,2366 :: 		
L_end_SPI_Ethernet_MACswap:
0x1834	0x0012      	RETURN      0
; end of _SPI_Ethernet_MACswap
_SPI_Ethernet_UserUDP:
;Master.c,253 :: 		TEthPktFlags *flags)
;Master.c,255 :: 		return 0;
0x1836	0x6A00      	CLRF        R0 
0x1838	0x6A01      	CLRF        R1 
;Master.c,256 :: 		}
0x183A	0x0012      	RETURN      0
; end of _SPI_Ethernet_UserUDP
_Lcd_Chr_CP:
;__Lib_Lcd.c,50 :: 		
;__Lib_Lcd.c,52 :: 		
0x183C	0x0101      	MOVLB       1
0x183E	0x912A      	BCF         __Lib_Lcd_cmd_status, BitPos(__Lib_Lcd_cmd_status+0), 1
;__Lib_Lcd.c,53 :: 		
0x1840	0xF30EC2FD  	MOVFF       FARG_Lcd_Chr_CP_out_char, FARG_Lcd_Cmd_out_char
0x1844	0xDD50      	RCALL       _Lcd_Cmd
;__Lib_Lcd.c,54 :: 		
0x1846	0x812A      	BSF         __Lib_Lcd_cmd_status, BitPos(__Lib_Lcd_cmd_status+0), 1
;__Lib_Lcd.c,55 :: 		
L_end_Lcd_Chr_CP:
0x1848	0x0012      	RETURN      0
; end of _Lcd_Chr_CP
_Lcd_Chr:
;__Lib_Lcd.c,65 :: 		
;__Lib_Lcd.c,66 :: 		
0x184A	0xD010      	BRA         L_Lcd_Chr4
;__Lib_Lcd.c,67 :: 		
L_Lcd_Chr6:
0x184C	0x0E80      	MOVLW       128
0x184E	0x0102      	MOVLB       2
0x1850	0x6FFD      	MOVWF       FARG_Lcd_Chr_row, 1
0x1852	0xD01A      	BRA         L_Lcd_Chr5
;__Lib_Lcd.c,68 :: 		
L_Lcd_Chr7:
0x1854	0x0EC0      	MOVLW       192
0x1856	0x6FFD      	MOVWF       FARG_Lcd_Chr_row, 1
0x1858	0xD017      	BRA         L_Lcd_Chr5
;__Lib_Lcd.c,69 :: 		
L_Lcd_Chr8:
0x185A	0x0E94      	MOVLW       148
0x185C	0x6FFD      	MOVWF       FARG_Lcd_Chr_row, 1
0x185E	0xD014      	BRA         L_Lcd_Chr5
;__Lib_Lcd.c,70 :: 		
L_Lcd_Chr9:
0x1860	0x0ED4      	MOVLW       212
0x1862	0x6FFD      	MOVWF       FARG_Lcd_Chr_row, 1
0x1864	0xD011      	BRA         L_Lcd_Chr5
;__Lib_Lcd.c,71 :: 		
L_Lcd_Chr10:
0x1866	0x0E80      	MOVLW       128
0x1868	0x6FFD      	MOVWF       FARG_Lcd_Chr_row, 1
;__Lib_Lcd.c,72 :: 		
0x186A	0xD00E      	BRA         L_Lcd_Chr5
L_Lcd_Chr4:
0x186C	0x0102      	MOVLB       2
0x186E	0x51FD      	MOVF        FARG_Lcd_Chr_row, 0, 1
0x1870	0x0A01      	XORLW       1
0x1872	0xE0EC      	BZ          L_Lcd_Chr6
0x1874	0x51FD      	MOVF        FARG_Lcd_Chr_row, 0, 1
0x1876	0x0A02      	XORLW       2
0x1878	0xE0ED      	BZ          L_Lcd_Chr7
0x187A	0x51FD      	MOVF        FARG_Lcd_Chr_row, 0, 1
0x187C	0x0A03      	XORLW       3
0x187E	0xE0ED      	BZ          L_Lcd_Chr8
0x1880	0x51FD      	MOVF        FARG_Lcd_Chr_row, 0, 1
0x1882	0x0A04      	XORLW       4
0x1884	0xE0ED      	BZ          L_Lcd_Chr9
0x1886	0xD7EF      	BRA         L_Lcd_Chr10
L_Lcd_Chr5:
;__Lib_Lcd.c,74 :: 		
0x1888	0x05FE      	DECF        FARG_Lcd_Chr_column, 0, 1
0x188A	0x6E00      	MOVWF       R0 
0x188C	0x51FD      	MOVF        FARG_Lcd_Chr_row, 0, 1
0x188E	0x2600      	ADDWF       R0, 1 
0x1890	0xF2FDC000  	MOVFF       R0, FARG_Lcd_Chr_row
;__Lib_Lcd.c,76 :: 		
0x1894	0x0101      	MOVLB       1
0x1896	0x812A      	BSF         __Lib_Lcd_cmd_status, BitPos(__Lib_Lcd_cmd_status+0), 1
;__Lib_Lcd.c,77 :: 		
0x1898	0xF30EC000  	MOVFF       R0, FARG_Lcd_Cmd_out_char
0x189C	0xDD24      	RCALL       _Lcd_Cmd
;__Lib_Lcd.c,79 :: 		
0x189E	0x912A      	BCF         __Lib_Lcd_cmd_status, BitPos(__Lib_Lcd_cmd_status+0), 1
;__Lib_Lcd.c,80 :: 		
0x18A0	0xF30EC2FF  	MOVFF       FARG_Lcd_Chr_out_char, FARG_Lcd_Cmd_out_char
0x18A4	0xDD20      	RCALL       _Lcd_Cmd
;__Lib_Lcd.c,81 :: 		
0x18A6	0x812A      	BSF         __Lib_Lcd_cmd_status, BitPos(__Lib_Lcd_cmd_status+0), 1
;__Lib_Lcd.c,82 :: 		
L_end_Lcd_Chr:
0x18A8	0x0012      	RETURN      0
; end of _Lcd_Chr
_SPI_Ethernet_IPswap:
;__Lib_EthEnc28j60.c,2376 :: 		
;__Lib_EthEnc28j60.c,2378 :: 		
0x18AA	0x0EC9      	MOVLW       201
0x18AC	0x0103      	MOVLB       3
0x18AE	0x6F24      	MOVWF       FARG_SPI_Ethernet_RAMcopy_start, 1
0x18B0	0x0E19      	MOVLW       25
0x18B2	0x6F25      	MOVWF       FARG_SPI_Ethernet_RAMcopy_start+1, 1
0x18B4	0x0ECD      	MOVLW       205
0x18B6	0x6F26      	MOVWF       FARG_SPI_Ethernet_RAMcopy_stop, 1
0x18B8	0x0E19      	MOVLW       25
0x18BA	0x6F27      	MOVWF       FARG_SPI_Ethernet_RAMcopy_stop+1, 1
0x18BC	0x0ECD      	MOVLW       205
0x18BE	0x6F28      	MOVWF       FARG_SPI_Ethernet_RAMcopy_dest, 1
0x18C0	0x0E19      	MOVLW       25
0x18C2	0x6F29      	MOVWF       FARG_SPI_Ethernet_RAMcopy_dest+1, 1
0x18C4	0x6B2A      	CLRF        FARG_SPI_Ethernet_RAMcopy_w, 1
0x18C6	0xF003EC03  	CALL        _SPI_Ethernet_RAMcopy, 0
;__Lib_EthEnc28j60.c,2379 :: 		
0x18CA	0x0EC9      	MOVLW       201
0x18CC	0x6F24      	MOVWF       FARG_SPI_Ethernet_memcpy_addr, 1
0x18CE	0x0E19      	MOVLW       25
0x18D0	0x6F25      	MOVWF       FARG_SPI_Ethernet_memcpy_addr+1, 1
0x18D2	0x0E18      	MOVLW       _SPI_Ethernet_ipAddr
0x18D4	0x6F26      	MOVWF       FARG_SPI_Ethernet_memcpy_s, 1
0x18D6	0x0E01      	MOVLW       hi_addr(_SPI_Ethernet_ipAddr)
0x18D8	0x6F27      	MOVWF       FARG_SPI_Ethernet_memcpy_s+1, 1
0x18DA	0x0E04      	MOVLW       4
0x18DC	0x6F28      	MOVWF       FARG_SPI_Ethernet_memcpy_l, 1
0x18DE	0x0E00      	MOVLW       0
0x18E0	0x6F29      	MOVWF       FARG_SPI_Ethernet_memcpy_l+1, 1
0x18E2	0xF001EC75  	CALL        _SPI_Ethernet_memcpy, 0
;__Lib_EthEnc28j60.c,2380 :: 		
L_end_SPI_Ethernet_IPswap:
0x18E6	0x0012      	RETURN      0
; end of _SPI_Ethernet_IPswap
_SPI_Ethernet_UserTCP:
;Master.c,260 :: 		unsigned int reqLength, char *canCloseTCP)
;Master.c,262 :: 		unsigned int len = 0; // reply length
0x18E8	0x0103      	MOVLB       3
0x18EA	0x6B0A      	CLRF        SPI_Ethernet_UserTCP_len_L0, 1
0x18EC	0x6B0B      	CLRF        SPI_Ethernet_UserTCP_len_L0+1, 1
;Master.c,264 :: 		if (localPort != 80)
0x18EE	0x0E00      	MOVLW       0
0x18F0	0x1902      	XORWF       FARG_SPI_Ethernet_UserTCP_localPort+1, 0, 1
0x18F2	0xE102      	BNZ         L__SPI_Ethernet_UserTCP100
0x18F4	0x0E50      	MOVLW       80
0x18F6	0x1901      	XORWF       FARG_SPI_Ethernet_UserTCP_localPort, 0, 1
L__SPI_Ethernet_UserTCP100:
0x18F8	0xE003      	BZ          L_SPI_Ethernet_UserTCP21
;Master.c,266 :: 		return 0;
0x18FA	0x6A00      	CLRF        R0 
0x18FC	0x6A01      	CLRF        R1 
0x18FE	0x0012      	RETURN      0
;Master.c,267 :: 		}
L_SPI_Ethernet_UserTCP21:
;Master.c,268 :: 		PORTA.F4 = 1;
0x1900	0x8880      	BSF         PORTA, 4 
;Master.c,269 :: 		for (i = 0; i < 16; i++)
0x1902	0x6B08      	CLRF        SPI_Ethernet_UserTCP_i_L0, 1
0x1904	0x6B09      	CLRF        SPI_Ethernet_UserTCP_i_L0+1, 1
L_SPI_Ethernet_UserTCP22:
0x1906	0x0E00      	MOVLW       0
0x1908	0x5D09      	SUBWF       SPI_Ethernet_UserTCP_i_L0+1, 0, 1
0x190A	0xE102      	BNZ         L__SPI_Ethernet_UserTCP101
0x190C	0x0E10      	MOVLW       16
0x190E	0x5D08      	SUBWF       SPI_Ethernet_UserTCP_i_L0, 0, 1
L__SPI_Ethernet_UserTCP101:
0x1910	0xE212      	BC          L_SPI_Ethernet_UserTCP23
;Master.c,271 :: 		getRequest[i] = SPI_Ethernet_getByte();
0x1912	0x0EB9      	MOVLW       _getRequest
0x1914	0x2508      	ADDWF       SPI_Ethernet_UserTCP_i_L0, 0, 1
0x1916	0x6F0C      	MOVWF       FLOC__SPI_Ethernet_UserTCP, 1
0x1918	0x0E01      	MOVLW       hi_addr(_getRequest)
0x191A	0x2109      	ADDWFC      SPI_Ethernet_UserTCP_i_L0+1, 0, 1
0x191C	0x6F0D      	MOVWF       FLOC__SPI_Ethernet_UserTCP+1, 1
0x191E	0xF003ECC4  	CALL        _SPI_Ethernet_getByte, 0
0x1922	0xFFE1C30C  	MOVFF       FLOC__SPI_Ethernet_UserTCP, FSR1L
0x1926	0xFFE2C30D  	MOVFF       FLOC__SPI_Ethernet_UserTCP+1, FSR1H
0x192A	0xFFE6C000  	MOVFF       R0, POSTINC1
;Master.c,269 :: 		for (i = 0; i < 16; i++)
0x192E	0x0103      	MOVLB       3
0x1930	0x4B08      	INFSNZ      SPI_Ethernet_UserTCP_i_L0, 1, 1
0x1932	0x2B09      	INCF        SPI_Ethernet_UserTCP_i_L0+1, 1, 1
;Master.c,272 :: 		}
0x1934	0xD7E8      	BRA         L_SPI_Ethernet_UserTCP22
L_SPI_Ethernet_UserTCP23:
;Master.c,273 :: 		getRequest[i] = 0;
0x1936	0x0EB9      	MOVLW       _getRequest
0x1938	0x2508      	ADDWF       SPI_Ethernet_UserTCP_i_L0, 0, 1
0x193A	0x6EE1      	MOVWF       FSR1L 
0x193C	0x0E01      	MOVLW       hi_addr(_getRequest)
0x193E	0x2109      	ADDWFC      SPI_Ethernet_UserTCP_i_L0+1, 0, 1
0x1940	0x6EE2      	MOVWF       FSR1H 
0x1942	0x6AE6      	CLRF        POSTINC1 
;Master.c,275 :: 		if (memcmp(getRequest, httpMethod, 5))
0x1944	0x0EB9      	MOVLW       _getRequest
0x1946	0x6F16      	MOVWF       FARG_memcmp_s1, 1
0x1948	0x0E01      	MOVLW       hi_addr(_getRequest)
0x194A	0x6F17      	MOVWF       FARG_memcmp_s1+1, 1
0x194C	0x0EF4      	MOVLW       _httpMethod
0x194E	0x6F18      	MOVWF       FARG_memcmp_s2, 1
0x1950	0x0E00      	MOVLW       hi_addr(_httpMethod)
0x1952	0x6F19      	MOVWF       FARG_memcmp_s2+1, 1
0x1954	0x0E05      	MOVLW       5
0x1956	0x6F1A      	MOVWF       FARG_memcmp_n, 1
0x1958	0x0E00      	MOVLW       0
0x195A	0x6F1B      	MOVWF       FARG_memcmp_n+1, 1
0x195C	0xF005ECEB  	CALL        _memcmp, 0
0x1960	0x5000      	MOVF        R0, 0 
0x1962	0x1001      	IORWF       R1, 0 
0x1964	0xE003      	BZ          L_SPI_Ethernet_UserTCP25
;Master.c,277 :: 		return 0;
0x1966	0x6A00      	CLRF        R0 
0x1968	0x6A01      	CLRF        R1 
0x196A	0x0012      	RETURN      0
;Master.c,278 :: 		}
L_SPI_Ethernet_UserTCP25:
0x196C	0x0101      	MOVLB       1
;Master.c,279 :: 		if (getRequest[5] == 's')
0x196E	0x51BE      	MOVF        _getRequest+5, 0, 1
0x1970	0x0A73      	XORLW       115
0x1972	0xE103      	BNZ         L_SPI_Ethernet_UserTCP26
;Master.c,281 :: 		FlagPoll = 1;
0x1974	0x0E01      	MOVLW       1
0x1976	0x6FB8      	MOVWF       _FlagPoll, 1
;Master.c,283 :: 		}
0x1978	0xD11B      	BRA         L_SPI_Ethernet_UserTCP27
L_SPI_Ethernet_UserTCP26:
;Master.c,284 :: 		else if (getRequest[5] == 'r')
0x197A	0x51BE      	MOVF        _getRequest+5, 0, 1
0x197C	0x0A72      	XORLW       114
0x197E	0xE127      	BNZ         L_SPI_Ethernet_UserTCP28
;Master.c,287 :: 		FlagRTC = 0x01; // setovanje Flega za RTC
0x1980	0x0E01      	MOVLW       1
0x1982	0x6FB5      	MOVWF       _FlagRTC, 1
;Master.c,291 :: 		hours = (getRequest[6] & 0x0F) * 10 + (getRequest[7] & 0x0F);
0x1984	0x0E0F      	MOVLW       15
0x1986	0x15BF      	ANDWF       _getRequest+6, 0, 1
0x1988	0x6F8E      	MOVWF       _hours, 1
0x198A	0x0E0A      	MOVLW       10
0x198C	0x038E      	MULWF       _hours, 1
0x198E	0xF18ECFF3  	MOVFF       PRODL, _hours
0x1992	0x0E0F      	MOVLW       15
0x1994	0x15C0      	ANDWF       _getRequest+7, 0, 1
0x1996	0x6E00      	MOVWF       R0 
0x1998	0x5000      	MOVF        R0, 0 
0x199A	0x278E      	ADDWF       _hours, 1, 1
;Master.c,292 :: 		minutes = (getRequest[8] & 0x0F) * 10 + (getRequest[9] & 0x0F);
0x199C	0x0E0F      	MOVLW       15
0x199E	0x15C1      	ANDWF       _getRequest+8, 0, 1
0x19A0	0x6F8D      	MOVWF       _minutes, 1
0x19A2	0x0E0A      	MOVLW       10
0x19A4	0x038D      	MULWF       _minutes, 1
0x19A6	0xF18DCFF3  	MOVFF       PRODL, _minutes
0x19AA	0x0E0F      	MOVLW       15
0x19AC	0x15C2      	ANDWF       _getRequest+9, 0, 1
0x19AE	0x6E00      	MOVWF       R0 
0x19B0	0x5000      	MOVF        R0, 0 
0x19B2	0x278D      	ADDWF       _minutes, 1, 1
;Master.c,293 :: 		seconds = (getRequest[10] & 0x0F) * 10 + (getRequest[11] & 0x0F);
0x19B4	0x0E0F      	MOVLW       15
0x19B6	0x15C3      	ANDWF       _getRequest+10, 0, 1
0x19B8	0x6F8C      	MOVWF       _seconds, 1
0x19BA	0x0E0A      	MOVLW       10
0x19BC	0x038C      	MULWF       _seconds, 1
0x19BE	0xF18CCFF3  	MOVFF       PRODL, _seconds
0x19C2	0x0E0F      	MOVLW       15
0x19C4	0x15C4      	ANDWF       _getRequest+11, 0, 1
0x19C6	0x6E00      	MOVWF       R0 
0x19C8	0x5000      	MOVF        R0, 0 
0x19CA	0x278C      	ADDWF       _seconds, 1, 1
;Master.c,294 :: 		}
0x19CC	0xD0F1      	BRA         L_SPI_Ethernet_UserTCP29
L_SPI_Ethernet_UserTCP28:
;Master.c,295 :: 		else if (getRequest[5] == 'b')
0x19CE	0x51BE      	MOVF        _getRequest+5, 0, 1
0x19D0	0x0A62      	XORLW       98
0x19D2	0xE155      	BNZ         L_SPI_Ethernet_UserTCP30
;Master.c,297 :: 		Garden[(getRequest[6] & 0x0F) * 10 + (getRequest[7] & 0x0F)].modeID =
0x19D4	0x0E0F      	MOVLW       15
0x19D6	0x15BF      	ANDWF       _getRequest+6, 0, 1
0x19D8	0x6E00      	MOVWF       R0 
0x19DA	0x0E0A      	MOVLW       10
0x19DC	0x0200      	MULWF       R0 
0x19DE	0xF001CFF3  	MOVFF       PRODL, R1
0x19E2	0xF002CFF4  	MOVFF       PRODH, R2
0x19E6	0x0E0F      	MOVLW       15
0x19E8	0x15C0      	ANDWF       _getRequest+7, 0, 1
0x19EA	0x6E00      	MOVWF       R0 
0x19EC	0x5000      	MOVF        R0, 0 
0x19EE	0x2401      	ADDWF       R1, 0 
0x19F0	0x6E03      	MOVWF       R3 
0x19F2	0x0E00      	MOVLW       0
0x19F4	0x2002      	ADDWFC      R2, 0 
0x19F6	0x6E04      	MOVWF       R4 
0x19F8	0xF000C003  	MOVFF       R3, R0
0x19FC	0xF001C004  	MOVFF       R4, R1
0x1A00	0x3600      	RLCF        R0, 1 
0x1A02	0x9000      	BCF         R0, 0 
0x1A04	0x3601      	RLCF        R1, 1 
0x1A06	0x0ECD      	MOVLW       _Garden
0x1A08	0x2600      	ADDWF       R0, 1 
0x1A0A	0x0E01      	MOVLW       hi_addr(_Garden)
0x1A0C	0x2201      	ADDWFC      R1, 1 
0x1A0E	0xFFE1C000  	MOVFF       R0, FSR1L
0x1A12	0xFFE2C001  	MOVFF       R1, FSR1H
;Master.c,298 :: 		(getRequest[8] & 0x0F) * 10 + (getRequest[9] & 0x0F);
0x1A16	0x0E0F      	MOVLW       15
0x1A18	0x15C1      	ANDWF       _getRequest+8, 0, 1
0x1A1A	0x6E00      	MOVWF       R0 
0x1A1C	0x0E0A      	MOVLW       10
0x1A1E	0x0200      	MULWF       R0 
0x1A20	0xF001CFF3  	MOVFF       PRODL, R1
0x1A24	0x0E0F      	MOVLW       15
0x1A26	0x15C2      	ANDWF       _getRequest+9, 0, 1
0x1A28	0x6E00      	MOVWF       R0 
0x1A2A	0x5001      	MOVF        R1, 0 
0x1A2C	0x2600      	ADDWF       R0, 1 
0x1A2E	0xFFE6C000  	MOVFF       R0, POSTINC1
;Master.c,299 :: 		Garden[(getRequest[6] & 0x0F) * 10 + (getRequest[7] & 0x0F)].gardenSend =
0x1A32	0x0E0F      	MOVLW       15
0x1A34	0x15BF      	ANDWF       _getRequest+6, 0, 1
0x1A36	0x6E00      	MOVWF       R0 
0x1A38	0x0E0A      	MOVLW       10
0x1A3A	0x0200      	MULWF       R0 
0x1A3C	0xF001CFF3  	MOVFF       PRODL, R1
0x1A40	0xF002CFF4  	MOVFF       PRODH, R2
0x1A44	0x0E0F      	MOVLW       15
0x1A46	0x15C0      	ANDWF       _getRequest+7, 0, 1
0x1A48	0x6E00      	MOVWF       R0 
0x1A4A	0x5000      	MOVF        R0, 0 
0x1A4C	0x2401      	ADDWF       R1, 0 
0x1A4E	0x6E03      	MOVWF       R3 
0x1A50	0x0E00      	MOVLW       0
0x1A52	0x2002      	ADDWFC      R2, 0 
0x1A54	0x6E04      	MOVWF       R4 
0x1A56	0xF000C003  	MOVFF       R3, R0
0x1A5A	0xF001C004  	MOVFF       R4, R1
0x1A5E	0x3600      	RLCF        R0, 1 
0x1A60	0x9000      	BCF         R0, 0 
0x1A62	0x3601      	RLCF        R1, 1 
0x1A64	0x0ECD      	MOVLW       _Garden
0x1A66	0x2600      	ADDWF       R0, 1 
0x1A68	0x0E01      	MOVLW       hi_addr(_Garden)
0x1A6A	0x2201      	ADDWFC      R1, 1 
0x1A6C	0x0E01      	MOVLW       1
0x1A6E	0x2400      	ADDWF       R0, 0 
0x1A70	0x6EE1      	MOVWF       FSR1L 
0x1A72	0x0E00      	MOVLW       0
0x1A74	0x2001      	ADDWFC      R1, 0 
0x1A76	0x6EE2      	MOVWF       FSR1H 
;Master.c,300 :: 		0x01;
0x1A78	0x0E01      	MOVLW       1
0x1A7A	0x6EE6      	MOVWF       POSTINC1 
;Master.c,301 :: 		}
0x1A7C	0xD099      	BRA         L_SPI_Ethernet_UserTCP31
L_SPI_Ethernet_UserTCP30:
;Master.c,302 :: 		else if (getRequest[5] == 'p')
0x1A7E	0x51BE      	MOVF        _getRequest+5, 0, 1
0x1A80	0x0A70      	XORLW       112
0x1A82	0xA4D8      	BTFSS       STATUS, 2 
0x1A84	0xD095      	BRA         L_SPI_Ethernet_UserTCP32
;Master.c,309 :: 		idx = (getRequest[6] & 0x0F) * 10 + (getRequest[7] & 0x0F);
0x1A86	0x0E0F      	MOVLW       15
0x1A88	0x15BF      	ANDWF       _getRequest+6, 0, 1
0x1A8A	0x6E00      	MOVWF       R0 
0x1A8C	0x0E0A      	MOVLW       10
0x1A8E	0x0200      	MULWF       R0 
0x1A90	0xF001CFF3  	MOVFF       PRODL, R1
0x1A94	0x0E0F      	MOVLW       15
0x1A96	0x15C0      	ANDWF       _getRequest+7, 0, 1
0x1A98	0x6E00      	MOVWF       R0 
0x1A9A	0x5000      	MOVF        R0, 0 
0x1A9C	0x2401      	ADDWF       R1, 0 
0x1A9E	0x6E03      	MOVWF       R3 
0x1AA0	0xF307C003  	MOVFF       R3, SPI_Ethernet_UserTCP_idx_L1
;Master.c,310 :: 		Program[idx].startHour =
0x1AA4	0xF000C003  	MOVFF       R3, R0
0x1AA8	0x0E00      	MOVLW       0
0x1AAA	0x6E01      	MOVWF       R1 
0x1AAC	0x3600      	RLCF        R0, 1 
0x1AAE	0x9000      	BCF         R0, 0 
0x1AB0	0x3601      	RLCF        R1, 1 
0x1AB2	0x3600      	RLCF        R0, 1 
0x1AB4	0x9000      	BCF         R0, 0 
0x1AB6	0x3601      	RLCF        R1, 1 
0x1AB8	0x0EED      	MOVLW       _Program
0x1ABA	0x2600      	ADDWF       R0, 1 
0x1ABC	0x0E01      	MOVLW       hi_addr(_Program)
0x1ABE	0x2201      	ADDWFC      R1, 1 
0x1AC0	0xFFE1C000  	MOVFF       R0, FSR1L
0x1AC4	0xFFE2C001  	MOVFF       R1, FSR1H
;Master.c,311 :: 		(getRequest[8] & 0x0F) * 10 + (getRequest[9] & 0x0F);
0x1AC8	0x0E0F      	MOVLW       15
0x1ACA	0x15C1      	ANDWF       _getRequest+8, 0, 1
0x1ACC	0x6E00      	MOVWF       R0 
0x1ACE	0x0E0A      	MOVLW       10
0x1AD0	0x0200      	MULWF       R0 
0x1AD2	0xF001CFF3  	MOVFF       PRODL, R1
0x1AD6	0x0E0F      	MOVLW       15
0x1AD8	0x15C2      	ANDWF       _getRequest+9, 0, 1
0x1ADA	0x6E00      	MOVWF       R0 
0x1ADC	0x5001      	MOVF        R1, 0 
0x1ADE	0x2600      	ADDWF       R0, 1 
0x1AE0	0xFFE6C000  	MOVFF       R0, POSTINC1
;Master.c,312 :: 		Program[idx].startMin =
0x1AE4	0xF000C307  	MOVFF       SPI_Ethernet_UserTCP_idx_L1, R0
0x1AE8	0x0E00      	MOVLW       0
0x1AEA	0x6E01      	MOVWF       R1 
0x1AEC	0x3600      	RLCF        R0, 1 
0x1AEE	0x9000      	BCF         R0, 0 
0x1AF0	0x3601      	RLCF        R1, 1 
0x1AF2	0x3600      	RLCF        R0, 1 
0x1AF4	0x9000      	BCF         R0, 0 
0x1AF6	0x3601      	RLCF        R1, 1 
0x1AF8	0x0EED      	MOVLW       _Program
0x1AFA	0x2600      	ADDWF       R0, 1 
0x1AFC	0x0E01      	MOVLW       hi_addr(_Program)
0x1AFE	0x2201      	ADDWFC      R1, 1 
0x1B00	0x0E01      	MOVLW       1
0x1B02	0x2400      	ADDWF       R0, 0 
0x1B04	0x6EE1      	MOVWF       FSR1L 
0x1B06	0x0E00      	MOVLW       0
0x1B08	0x2001      	ADDWFC      R1, 0 
0x1B0A	0x6EE2      	MOVWF       FSR1H 
;Master.c,313 :: 		(getRequest[10] & 0x0F) * 10 + (getRequest[11] & 0x0F);
0x1B0C	0x0E0F      	MOVLW       15
0x1B0E	0x15C3      	ANDWF       _getRequest+10, 0, 1
0x1B10	0x6E00      	MOVWF       R0 
0x1B12	0x0E0A      	MOVLW       10
0x1B14	0x0200      	MULWF       R0 
0x1B16	0xF001CFF3  	MOVFF       PRODL, R1
0x1B1A	0x0E0F      	MOVLW       15
0x1B1C	0x15C4      	ANDWF       _getRequest+11, 0, 1
0x1B1E	0x6E00      	MOVWF       R0 
0x1B20	0x5001      	MOVF        R1, 0 
0x1B22	0x2600      	ADDWF       R0, 1 
0x1B24	0xFFE6C000  	MOVFF       R0, POSTINC1
;Master.c,314 :: 		Program[idx].durationsH =
0x1B28	0xF000C307  	MOVFF       SPI_Ethernet_UserTCP_idx_L1, R0
0x1B2C	0x0E00      	MOVLW       0
0x1B2E	0x6E01      	MOVWF       R1 
0x1B30	0x3600      	RLCF        R0, 1 
0x1B32	0x9000      	BCF         R0, 0 
0x1B34	0x3601      	RLCF        R1, 1 
0x1B36	0x3600      	RLCF        R0, 1 
0x1B38	0x9000      	BCF         R0, 0 
0x1B3A	0x3601      	RLCF        R1, 1 
0x1B3C	0x0EED      	MOVLW       _Program
0x1B3E	0x2600      	ADDWF       R0, 1 
0x1B40	0x0E01      	MOVLW       hi_addr(_Program)
0x1B42	0x2201      	ADDWFC      R1, 1 
0x1B44	0x0E02      	MOVLW       2
0x1B46	0x2400      	ADDWF       R0, 0 
0x1B48	0x6EE1      	MOVWF       FSR1L 
0x1B4A	0x0E00      	MOVLW       0
0x1B4C	0x2001      	ADDWFC      R1, 0 
0x1B4E	0x6EE2      	MOVWF       FSR1H 
;Master.c,315 :: 		(getRequest[12] & 0x0F) * 10 + (getRequest[13] & 0x0F);
0x1B50	0x0E0F      	MOVLW       15
0x1B52	0x15C5      	ANDWF       _getRequest+12, 0, 1
0x1B54	0x6E00      	MOVWF       R0 
0x1B56	0x0E0A      	MOVLW       10
0x1B58	0x0200      	MULWF       R0 
0x1B5A	0xF001CFF3  	MOVFF       PRODL, R1
0x1B5E	0x0E0F      	MOVLW       15
0x1B60	0x15C6      	ANDWF       _getRequest+13, 0, 1
0x1B62	0x6E00      	MOVWF       R0 
0x1B64	0x5001      	MOVF        R1, 0 
0x1B66	0x2600      	ADDWF       R0, 1 
0x1B68	0xFFE6C000  	MOVFF       R0, POSTINC1
;Master.c,316 :: 		Program[idx].durationsL =
0x1B6C	0xF000C307  	MOVFF       SPI_Ethernet_UserTCP_idx_L1, R0
0x1B70	0x0E00      	MOVLW       0
0x1B72	0x6E01      	MOVWF       R1 
0x1B74	0x3600      	RLCF        R0, 1 
0x1B76	0x9000      	BCF         R0, 0 
0x1B78	0x3601      	RLCF        R1, 1 
0x1B7A	0x3600      	RLCF        R0, 1 
0x1B7C	0x9000      	BCF         R0, 0 
0x1B7E	0x3601      	RLCF        R1, 1 
0x1B80	0x0EED      	MOVLW       _Program
0x1B82	0x2600      	ADDWF       R0, 1 
0x1B84	0x0E01      	MOVLW       hi_addr(_Program)
0x1B86	0x2201      	ADDWFC      R1, 1 
0x1B88	0x0E03      	MOVLW       3
0x1B8A	0x2400      	ADDWF       R0, 0 
0x1B8C	0x6EE1      	MOVWF       FSR1L 
0x1B8E	0x0E00      	MOVLW       0
0x1B90	0x2001      	ADDWFC      R1, 0 
0x1B92	0x6EE2      	MOVWF       FSR1H 
;Master.c,317 :: 		(getRequest[14] & 0x0F) * 10 + (getRequest[15] & 0x0F);
0x1B94	0x0E0F      	MOVLW       15
0x1B96	0x15C7      	ANDWF       _getRequest+14, 0, 1
0x1B98	0x6E00      	MOVWF       R0 
0x1B9A	0x0E0A      	MOVLW       10
0x1B9C	0x0200      	MULWF       R0 
0x1B9E	0xF001CFF3  	MOVFF       PRODL, R1
0x1BA2	0x0E0F      	MOVLW       15
0x1BA4	0x15C8      	ANDWF       _getRequest+15, 0, 1
0x1BA6	0x6E00      	MOVWF       R0 
0x1BA8	0x5001      	MOVF        R1, 0 
0x1BAA	0x2600      	ADDWF       R0, 1 
0x1BAC	0xFFE6C000  	MOVFF       R0, POSTINC1
;Master.c,319 :: 		}
L_SPI_Ethernet_UserTCP32:
L_SPI_Ethernet_UserTCP31:
L_SPI_Ethernet_UserTCP29:
L_SPI_Ethernet_UserTCP27:
;Master.c,320 :: 		if (len == 0)
0x1BB0	0x0E00      	MOVLW       0
0x1BB2	0x0103      	MOVLB       3
0x1BB4	0x190B      	XORWF       SPI_Ethernet_UserTCP_len_L0+1, 0, 1
0x1BB6	0xE102      	BNZ         L__SPI_Ethernet_UserTCP102
0x1BB8	0x0E00      	MOVLW       0
0x1BBA	0x190A      	XORWF       SPI_Ethernet_UserTCP_len_L0, 0, 1
L__SPI_Ethernet_UserTCP102:
0x1BBC	0xE13E      	BNZ         L_SPI_Ethernet_UserTCP33
;Master.c,322 :: 		formBuffer();
0x1BBE	0xF008ECC0  	CALL        _formBuffer, 0
;Master.c,323 :: 		len = putConstString(httpHeader);
0x1BC2	0x0E01      	MOVLW       _httpHeader
0x1BC4	0x0103      	MOVLB       3
0x1BC6	0x6F0E      	MOVWF       FARG_putConstString_s, 1
0x1BC8	0x0E38      	MOVLW       hi_addr(_httpHeader)
0x1BCA	0x6F0F      	MOVWF       FARG_putConstString_s+1, 1
0x1BCC	0x0E00      	MOVLW       higher_addr(_httpHeader)
0x1BCE	0x6F10      	MOVWF       FARG_putConstString_s+2, 1
0x1BD0	0xF008EC99  	CALL        _putConstString, 0
0x1BD4	0xF30AC000  	MOVFF       R0, SPI_Ethernet_UserTCP_len_L0
0x1BD8	0xF30BC001  	MOVFF       R1, SPI_Ethernet_UserTCP_len_L0+1
;Master.c,324 :: 		len += putConstString(httpMimeTypeHTML);
0x1BDC	0x0E2C      	MOVLW       _httpMimeTypeHTML
0x1BDE	0x6F0E      	MOVWF       FARG_putConstString_s, 1
0x1BE0	0x0E38      	MOVLW       hi_addr(_httpMimeTypeHTML)
0x1BE2	0x6F0F      	MOVWF       FARG_putConstString_s+1, 1
0x1BE4	0x0E00      	MOVLW       higher_addr(_httpMimeTypeHTML)
0x1BE6	0x6F10      	MOVWF       FARG_putConstString_s+2, 1
0x1BE8	0xF008EC99  	CALL        _putConstString, 0
0x1BEC	0x5000      	MOVF        R0, 0 
0x1BEE	0x270A      	ADDWF       SPI_Ethernet_UserTCP_len_L0, 1, 1
0x1BF0	0x5001      	MOVF        R1, 0 
0x1BF2	0x230B      	ADDWFC      SPI_Ethernet_UserTCP_len_L0+1, 1, 1
;Master.c,325 :: 		if (FlagPoll == 0x01)
0x1BF4	0x0101      	MOVLB       1
0x1BF6	0x51B8      	MOVF        _FlagPoll, 0, 1
0x1BF8	0x0A01      	XORLW       1
0x1BFA	0xE10C      	BNZ         L_SPI_Ethernet_UserTCP34
;Master.c,327 :: 		FlagPoll = 0x00;
0x1BFC	0x6BB8      	CLRF        _FlagPoll, 1
;Master.c,328 :: 		len += putString(buffer);
0x1BFE	0x0E2D      	MOVLW       _buffer
0x1C00	0x0103      	MOVLB       3
0x1C02	0x6F0E      	MOVWF       FARG_putString_s, 1
0x1C04	0x0E02      	MOVLW       hi_addr(_buffer)
0x1C06	0x6F0F      	MOVWF       FARG_putString_s+1, 1
0x1C08	0xF006EC1C  	CALL        _putString, 0
0x1C0C	0x5000      	MOVF        R0, 0 
0x1C0E	0x270A      	ADDWF       SPI_Ethernet_UserTCP_len_L0, 1, 1
0x1C10	0x5001      	MOVF        R1, 0 
0x1C12	0x230B      	ADDWFC      SPI_Ethernet_UserTCP_len_L0+1, 1, 1
;Master.c,329 :: 		}
L_SPI_Ethernet_UserTCP34:
0x1C14	0x0103      	MOVLB       3
;Master.c,330 :: 		for (i = 0; i < 16; i++)
0x1C16	0x6B08      	CLRF        SPI_Ethernet_UserTCP_i_L0, 1
0x1C18	0x6B09      	CLRF        SPI_Ethernet_UserTCP_i_L0+1, 1
L_SPI_Ethernet_UserTCP35:
0x1C1A	0x0E00      	MOVLW       0
0x1C1C	0x5D09      	SUBWF       SPI_Ethernet_UserTCP_i_L0+1, 0, 1
0x1C1E	0xE102      	BNZ         L__SPI_Ethernet_UserTCP103
0x1C20	0x0E10      	MOVLW       16
0x1C22	0x5D08      	SUBWF       SPI_Ethernet_UserTCP_i_L0, 0, 1
L__SPI_Ethernet_UserTCP103:
0x1C24	0xE20A      	BC          L_SPI_Ethernet_UserTCP36
;Master.c,332 :: 		Comm[i] = 0x00;
0x1C26	0x0EA0      	MOVLW       _Comm
0x1C28	0x2508      	ADDWF       SPI_Ethernet_UserTCP_i_L0, 0, 1
0x1C2A	0x6EE1      	MOVWF       FSR1L 
0x1C2C	0x0E01      	MOVLW       hi_addr(_Comm)
0x1C2E	0x2109      	ADDWFC      SPI_Ethernet_UserTCP_i_L0+1, 0, 1
0x1C30	0x6EE2      	MOVWF       FSR1H 
0x1C32	0x6AE6      	CLRF        POSTINC1 
;Master.c,330 :: 		for (i = 0; i < 16; i++)
0x1C34	0x4B08      	INFSNZ      SPI_Ethernet_UserTCP_i_L0, 1, 1
0x1C36	0x2B09      	INCF        SPI_Ethernet_UserTCP_i_L0+1, 1, 1
;Master.c,333 :: 		}
0x1C38	0xD7F0      	BRA         L_SPI_Ethernet_UserTCP35
L_SPI_Ethernet_UserTCP36:
;Master.c,334 :: 		}
L_SPI_Ethernet_UserTCP33:
;Master.c,335 :: 		return len; // return to the library with the number of bytes to transmit
0x1C3A	0xF000C30A  	MOVFF       SPI_Ethernet_UserTCP_len_L0, R0
0x1C3E	0xF001C30B  	MOVFF       SPI_Ethernet_UserTCP_len_L0+1, R1
;Master.c,336 :: 		}
0x1C42	0x0012      	RETURN      0
; end of _SPI_Ethernet_UserTCP
_SPI_Ethernet_doARP:
;__Lib_EthEnc28j60.c,906 :: 		
;__Lib_EthEnc28j60.c,908 :: 		
0x1C44	0x0EC4      	MOVLW       196
0x1C46	0x0103      	MOVLB       3
0x1C48	0x6F2E      	MOVWF       FARG_SPI_Ethernet_readMem_addr, 1
0x1C4A	0x0E19      	MOVLW       25
0x1C4C	0x6F2F      	MOVWF       FARG_SPI_Ethernet_readMem_addr+1, 1
0x1C4E	0xF001EC39  	CALL        _SPI_Ethernet_readMem, 0
0x1C52	0xF2D0C000  	MOVFF       R0, FLOC__SPI_Ethernet_doARP
0x1C56	0xD0E3      	BRA         L_SPI_Ethernet_doARP46
;__Lib_EthEnc28j60.c,910 :: 		
L_SPI_Ethernet_doARP48:
;__Lib_EthEnc28j60.c,914 :: 		
0x1C58	0x0ED5      	MOVLW       213
0x1C5A	0x0102      	MOVLB       2
0x1C5C	0x6FFD      	MOVWF       FARG_SPI_Ethernet_memcmp_addr, 1
0x1C5E	0x0E19      	MOVLW       25
0x1C60	0x6FFE      	MOVWF       FARG_SPI_Ethernet_memcmp_addr+1, 1
0x1C62	0x0E18      	MOVLW       _SPI_Ethernet_ipAddr
0x1C64	0x6FFF      	MOVWF       FARG_SPI_Ethernet_memcmp_s, 1
0x1C66	0x0E01      	MOVLW       hi_addr(_SPI_Ethernet_ipAddr)
0x1C68	0x0103      	MOVLB       3
0x1C6A	0x6F00      	MOVWF       FARG_SPI_Ethernet_memcmp_s+1, 1
0x1C6C	0x0E04      	MOVLW       4
0x1C6E	0x6F01      	MOVWF       FARG_SPI_Ethernet_memcmp_l, 1
0x1C70	0xDD50      	RCALL       _SPI_Ethernet_memcmp
0x1C72	0x5000      	MOVF        R0, 0 
0x1C74	0x0A00      	XORLW       0
0x1C76	0xE14A      	BNZ         L_SPI_Ethernet_doARP49
;__Lib_EthEnc28j60.c,916 :: 		
0x1C78	0x0EC4      	MOVLW       196
0x1C7A	0x0103      	MOVLB       3
0x1C7C	0x6F2E      	MOVWF       FARG_SPI_Ethernet_writeMem_addr, 1
0x1C7E	0x0E19      	MOVLW       25
0x1C80	0x6F2F      	MOVWF       FARG_SPI_Ethernet_writeMem_addr+1, 1
0x1C82	0x0E02      	MOVLW       2
0x1C84	0x6F30      	MOVWF       FARG_SPI_Ethernet_writeMem_v1, 1
0x1C86	0xF000ECCA  	CALL        _SPI_Ethernet_writeMem, 0
;__Lib_EthEnc28j60.c,917 :: 		
0x1C8A	0xDDB6      	RCALL       _SPI_Ethernet_MACswap
;__Lib_EthEnc28j60.c,920 :: 		
0x1C8C	0x0ECB      	MOVLW       203
0x1C8E	0x6F24      	MOVWF       FARG_SPI_Ethernet_RAMcopy_start, 1
0x1C90	0x0E19      	MOVLW       25
0x1C92	0x6F25      	MOVWF       FARG_SPI_Ethernet_RAMcopy_start+1, 1
0x1C94	0x0ECF      	MOVLW       207
0x1C96	0x6F26      	MOVWF       FARG_SPI_Ethernet_RAMcopy_stop, 1
0x1C98	0x0E19      	MOVLW       25
0x1C9A	0x6F27      	MOVWF       FARG_SPI_Ethernet_RAMcopy_stop+1, 1
0x1C9C	0x0ED5      	MOVLW       213
0x1C9E	0x6F28      	MOVWF       FARG_SPI_Ethernet_RAMcopy_dest, 1
0x1CA0	0x0E19      	MOVLW       25
0x1CA2	0x6F29      	MOVWF       FARG_SPI_Ethernet_RAMcopy_dest+1, 1
0x1CA4	0x6B2A      	CLRF        FARG_SPI_Ethernet_RAMcopy_w, 1
0x1CA6	0xF003EC03  	CALL        _SPI_Ethernet_RAMcopy, 0
;__Lib_EthEnc28j60.c,921 :: 		
0x1CAA	0x0ECB      	MOVLW       203
0x1CAC	0x6F24      	MOVWF       FARG_SPI_Ethernet_memcpy_addr, 1
0x1CAE	0x0E19      	MOVLW       25
0x1CB0	0x6F25      	MOVWF       FARG_SPI_Ethernet_memcpy_addr+1, 1
0x1CB2	0x0E18      	MOVLW       _SPI_Ethernet_ipAddr
0x1CB4	0x6F26      	MOVWF       FARG_SPI_Ethernet_memcpy_s, 1
0x1CB6	0x0E01      	MOVLW       hi_addr(_SPI_Ethernet_ipAddr)
0x1CB8	0x6F27      	MOVWF       FARG_SPI_Ethernet_memcpy_s+1, 1
0x1CBA	0x0E04      	MOVLW       4
0x1CBC	0x6F28      	MOVWF       FARG_SPI_Ethernet_memcpy_l, 1
0x1CBE	0x0E00      	MOVLW       0
0x1CC0	0x6F29      	MOVWF       FARG_SPI_Ethernet_memcpy_l+1, 1
0x1CC2	0xF001EC75  	CALL        _SPI_Ethernet_memcpy, 0
;__Lib_EthEnc28j60.c,923 :: 		
0x1CC6	0x0EC5      	MOVLW       197
0x1CC8	0x6F24      	MOVWF       FARG_SPI_Ethernet_RAMcopy_start, 1
0x1CCA	0x0E19      	MOVLW       25
0x1CCC	0x6F25      	MOVWF       FARG_SPI_Ethernet_RAMcopy_start+1, 1
0x1CCE	0x0ECB      	MOVLW       203
0x1CD0	0x6F26      	MOVWF       FARG_SPI_Ethernet_RAMcopy_stop, 1
0x1CD2	0x0E19      	MOVLW       25
0x1CD4	0x6F27      	MOVWF       FARG_SPI_Ethernet_RAMcopy_stop+1, 1
0x1CD6	0x0ECF      	MOVLW       207
0x1CD8	0x6F28      	MOVWF       FARG_SPI_Ethernet_RAMcopy_dest, 1
0x1CDA	0x0E19      	MOVLW       25
0x1CDC	0x6F29      	MOVWF       FARG_SPI_Ethernet_RAMcopy_dest+1, 1
0x1CDE	0x6B2A      	CLRF        FARG_SPI_Ethernet_RAMcopy_w, 1
0x1CE0	0xF003EC03  	CALL        _SPI_Ethernet_RAMcopy, 0
;__Lib_EthEnc28j60.c,924 :: 		
0x1CE4	0x0EC5      	MOVLW       197
0x1CE6	0x6F24      	MOVWF       FARG_SPI_Ethernet_memcpy_addr, 1
0x1CE8	0x0E19      	MOVLW       25
0x1CEA	0x6F25      	MOVWF       FARG_SPI_Ethernet_memcpy_addr+1, 1
0x1CEC	0x0E1C      	MOVLW       _SPI_Ethernet_macAddr
0x1CEE	0x6F26      	MOVWF       FARG_SPI_Ethernet_memcpy_s, 1
0x1CF0	0x0E01      	MOVLW       hi_addr(_SPI_Ethernet_macAddr)
0x1CF2	0x6F27      	MOVWF       FARG_SPI_Ethernet_memcpy_s+1, 1
0x1CF4	0x0E06      	MOVLW       6
0x1CF6	0x6F28      	MOVWF       FARG_SPI_Ethernet_memcpy_l, 1
0x1CF8	0x0E00      	MOVLW       0
0x1CFA	0x6F29      	MOVWF       FARG_SPI_Ethernet_memcpy_l+1, 1
0x1CFC	0xF001EC75  	CALL        _SPI_Ethernet_memcpy, 0
;__Lib_EthEnc28j60.c,926 :: 		
0x1D00	0x0E3C      	MOVLW       60
0x1D02	0x6F24      	MOVWF       FARG_SPI_Ethernet_TXpacket_l, 1
0x1D04	0x0E00      	MOVLW       0
0x1D06	0x6F25      	MOVWF       FARG_SPI_Ethernet_TXpacket_l+1, 1
0x1D08	0xF001ECFB  	CALL        _SPI_Ethernet_TXpacket, 0
;__Lib_EthEnc28j60.c,927 :: 		
L_SPI_Ethernet_doARP49:
;__Lib_EthEnc28j60.c,928 :: 		
0x1D0C	0xD091      	BRA         L_SPI_Ethernet_doARP47
;__Lib_EthEnc28j60.c,930 :: 		
L_SPI_Ethernet_doARP50:
;__Lib_EthEnc28j60.c,934 :: 		
0x1D0E	0x0EAF      	MOVLW       175
0x1D10	0x0102      	MOVLB       2
0x1D12	0x6FFD      	MOVWF       FARG_SPI_Ethernet_memcmp_addr, 1
0x1D14	0x0E19      	MOVLW       25
0x1D16	0x6FFE      	MOVWF       FARG_SPI_Ethernet_memcmp_addr+1, 1
0x1D18	0x0E1C      	MOVLW       _SPI_Ethernet_macAddr
0x1D1A	0x6FFF      	MOVWF       FARG_SPI_Ethernet_memcmp_s, 1
0x1D1C	0x0E01      	MOVLW       hi_addr(_SPI_Ethernet_macAddr)
0x1D1E	0x0103      	MOVLB       3
0x1D20	0x6F00      	MOVWF       FARG_SPI_Ethernet_memcmp_s+1, 1
0x1D22	0x0E06      	MOVLW       6
0x1D24	0x6F01      	MOVWF       FARG_SPI_Ethernet_memcmp_l, 1
0x1D26	0xDCF5      	RCALL       _SPI_Ethernet_memcmp
;__Lib_EthEnc28j60.c,935 :: 		
0x1D28	0x5000      	MOVF        R0, 0 
0x1D2A	0x0A00      	XORLW       0
0x1D2C	0xE177      	BNZ         L_SPI_Ethernet_doARP53
0x1D2E	0x0ECB      	MOVLW       203
0x1D30	0x0102      	MOVLB       2
0x1D32	0x6FFD      	MOVWF       FARG_SPI_Ethernet_memcmp_addr, 1
0x1D34	0x0E19      	MOVLW       25
0x1D36	0x6FFE      	MOVWF       FARG_SPI_Ethernet_memcmp_addr+1, 1
0x1D38	0xF2FFC15D  	MOVFF       __Lib_EthEnc28j60_ipr, FARG_SPI_Ethernet_memcmp_s
0x1D3C	0xF300C15E  	MOVFF       __Lib_EthEnc28j60_ipr+1, FARG_SPI_Ethernet_memcmp_s+1
0x1D40	0x0E04      	MOVLW       4
0x1D42	0x0103      	MOVLB       3
0x1D44	0x6F01      	MOVWF       FARG_SPI_Ethernet_memcmp_l, 1
0x1D46	0xDCE5      	RCALL       _SPI_Ethernet_memcmp
0x1D48	0x5000      	MOVF        R0, 0 
0x1D4A	0x0A00      	XORLW       0
0x1D4C	0xE167      	BNZ         L_SPI_Ethernet_doARP53
L__SPI_Ethernet_doARP274:
;__Lib_EthEnc28j60.c,942 :: 		
0x1D4E	0x0E0F      	MOVLW       15
0x1D50	0x6E00      	MOVWF       R0 
0x1D52	0x0E00      	MOVLW       0
0x1D54	0x6E01      	MOVWF       R1 
0x1D56	0xF004C0E1  	MOVFF       __Lib_EthEnc28j60_freeSlot, R4
0x1D5A	0x0E00      	MOVLW       0
0x1D5C	0x6E05      	MOVWF       R5 
0x1D5E	0xDD24      	RCALL       _Mul_16x16_U
0x1D60	0x0E5F      	MOVLW       _SPI_Ethernet_arpCache
0x1D62	0x2400      	ADDWF       R0, 0 
0x1D64	0x0103      	MOVLB       3
0x1D66	0x6F16      	MOVWF       FARG_SPI_Ethernet_getBytes_ptr, 1
0x1D68	0x0E01      	MOVLW       hi_addr(_SPI_Ethernet_arpCache)
0x1D6A	0x2001      	ADDWFC      R1, 0 
0x1D6C	0x6F17      	MOVWF       FARG_SPI_Ethernet_getBytes_ptr+1, 1
0x1D6E	0x0E09      	MOVLW       9
0x1D70	0x2716      	ADDWF       FARG_SPI_Ethernet_getBytes_ptr, 1, 1
0x1D72	0x0E00      	MOVLW       0
0x1D74	0x2317      	ADDWFC      FARG_SPI_Ethernet_getBytes_ptr+1, 1, 1
0x1D76	0x0EC5      	MOVLW       197
0x1D78	0x6F18      	MOVWF       FARG_SPI_Ethernet_getBytes_addr, 1
0x1D7A	0x0E19      	MOVLW       25
0x1D7C	0x6F19      	MOVWF       FARG_SPI_Ethernet_getBytes_addr+1, 1
0x1D7E	0x0E06      	MOVLW       6
0x1D80	0x6F1A      	MOVWF       FARG_SPI_Ethernet_getBytes_n, 1
0x1D82	0x0E00      	MOVLW       0
0x1D84	0x6F1B      	MOVWF       FARG_SPI_Ethernet_getBytes_n+1, 1
0x1D86	0xF005EC5D  	CALL        _SPI_Ethernet_getBytes, 0
;__Lib_EthEnc28j60.c,944 :: 		
0x1D8A	0x0E0F      	MOVLW       15
0x1D8C	0x6E00      	MOVWF       R0 
0x1D8E	0x0E00      	MOVLW       0
0x1D90	0x6E01      	MOVWF       R1 
0x1D92	0xF004C0E1  	MOVFF       __Lib_EthEnc28j60_freeSlot, R4
0x1D96	0x0E00      	MOVLW       0
0x1D98	0x6E05      	MOVWF       R5 
0x1D9A	0xDD06      	RCALL       _Mul_16x16_U
0x1D9C	0x0E5F      	MOVLW       _SPI_Ethernet_arpCache
0x1D9E	0x2400      	ADDWF       R0, 0 
0x1DA0	0x6F24      	MOVWF       FARG_memcpy_d1, 1
0x1DA2	0x0E01      	MOVLW       hi_addr(_SPI_Ethernet_arpCache)
0x1DA4	0x2001      	ADDWFC      R1, 0 
0x1DA6	0x6F25      	MOVWF       FARG_memcpy_d1+1, 1
0x1DA8	0x0E05      	MOVLW       5
0x1DAA	0x2724      	ADDWF       FARG_memcpy_d1, 1, 1
0x1DAC	0x0E00      	MOVLW       0
0x1DAE	0x2325      	ADDWFC      FARG_memcpy_d1+1, 1, 1
0x1DB0	0xF326C15D  	MOVFF       __Lib_EthEnc28j60_ipr, FARG_memcpy_s1
0x1DB4	0xF327C15E  	MOVFF       __Lib_EthEnc28j60_ipr+1, FARG_memcpy_s1+1
0x1DB8	0x0E04      	MOVLW       4
0x1DBA	0x6F28      	MOVWF       FARG_memcpy_n, 1
0x1DBC	0x0E00      	MOVLW       0
0x1DBE	0x6F29      	MOVWF       FARG_memcpy_n+1, 1
0x1DC0	0xF001ECD3  	CALL        _memcpy, 0
;__Lib_EthEnc28j60.c,947 :: 		
0x1DC4	0x0E0F      	MOVLW       15
0x1DC6	0x6E00      	MOVWF       R0 
0x1DC8	0x0E00      	MOVLW       0
0x1DCA	0x6E01      	MOVWF       R1 
0x1DCC	0xF004C0E1  	MOVFF       __Lib_EthEnc28j60_freeSlot, R4
0x1DD0	0x0E00      	MOVLW       0
0x1DD2	0x6E05      	MOVWF       R5 
0x1DD4	0xDCE9      	RCALL       _Mul_16x16_U
0x1DD6	0x0E5F      	MOVLW       _SPI_Ethernet_arpCache
0x1DD8	0x2400      	ADDWF       R0, 0 
0x1DDA	0x6EE1      	MOVWF       FSR1L 
0x1DDC	0x0E01      	MOVLW       hi_addr(_SPI_Ethernet_arpCache)
0x1DDE	0x2001      	ADDWFC      R1, 0 
0x1DE0	0x6EE2      	MOVWF       FSR1H 
0x1DE2	0x0E01      	MOVLW       1
0x1DE4	0x6EE6      	MOVWF       POSTINC1 
;__Lib_EthEnc28j60.c,950 :: 		
0x1DE6	0x0E0F      	MOVLW       15
0x1DE8	0x6E00      	MOVWF       R0 
0x1DEA	0x0E00      	MOVLW       0
0x1DEC	0x6E01      	MOVWF       R1 
0x1DEE	0xF004C0E1  	MOVFF       __Lib_EthEnc28j60_freeSlot, R4
0x1DF2	0x0E00      	MOVLW       0
0x1DF4	0x6E05      	MOVWF       R5 
0x1DF6	0xDCD8      	RCALL       _Mul_16x16_U
0x1DF8	0x0E5F      	MOVLW       _SPI_Ethernet_arpCache
0x1DFA	0x2600      	ADDWF       R0, 1 
0x1DFC	0x0E01      	MOVLW       hi_addr(_SPI_Ethernet_arpCache)
0x1DFE	0x2201      	ADDWFC      R1, 1 
0x1E00	0x0E01      	MOVLW       1
0x1E02	0x2400      	ADDWF       R0, 0 
0x1E04	0x6EE1      	MOVWF       FSR1L 
0x1E06	0x0E00      	MOVLW       0
0x1E08	0x2001      	ADDWFC      R1, 0 
0x1E0A	0x6EE2      	MOVWF       FSR1H 
0x1E0C	0xFFE6C0E2  	MOVFF       _SPI_Ethernet_UserTimerSec, POSTINC1
0x1E10	0xFFE6C0E3  	MOVFF       _SPI_Ethernet_UserTimerSec+1, POSTINC1
0x1E14	0xFFE6C0E4  	MOVFF       _SPI_Ethernet_UserTimerSec+2, POSTINC1
0x1E18	0xFFE6C0E5  	MOVFF       _SPI_Ethernet_UserTimerSec+3, POSTINC1
;__Lib_EthEnc28j60.c,951 :: 		
L_SPI_Ethernet_doARP53:
;__Lib_EthEnc28j60.c,952 :: 		
0x1E1C	0xD009      	BRA         L_SPI_Ethernet_doARP47
;__Lib_EthEnc28j60.c,953 :: 		
L_SPI_Ethernet_doARP46:
0x1E1E	0x0102      	MOVLB       2
0x1E20	0x51D0      	MOVF        FLOC__SPI_Ethernet_doARP, 0, 1
0x1E22	0x0A01      	XORLW       1
0x1E24	0xB4D8      	BTFSC       STATUS, 2 
0x1E26	0xD718      	BRA         L_SPI_Ethernet_doARP48
0x1E28	0x51D0      	MOVF        FLOC__SPI_Ethernet_doARP, 0, 1
0x1E2A	0x0A02      	XORLW       2
0x1E2C	0xB4D8      	BTFSC       STATUS, 2 
0x1E2E	0xD76F      	BRA         L_SPI_Ethernet_doARP50
L_SPI_Ethernet_doARP47:
;__Lib_EthEnc28j60.c,954 :: 		
L_end_SPI_Ethernet_doARP:
0x1E30	0x0012      	RETURN      0
; end of _SPI_Ethernet_doARP
_lcdDisplayUchar:
;Master.c,451 :: 		unsigned char value)
;Master.c,455 :: 		tens = 0x00;
0x1E32	0x0102      	MOVLB       2
0x1E34	0x6BD4      	CLRF        lcdDisplayUchar_tens_L0, 1
;Master.c,456 :: 		ones = value;
0x1E36	0xF2D3C2D2  	MOVFF       FARG_lcdDisplayUchar_value, lcdDisplayUchar_ones_L0
;Master.c,457 :: 		while (ones > 9)
L_lcdDisplayUchar69:
0x1E3A	0x51D3      	MOVF        lcdDisplayUchar_ones_L0, 0, 1
0x1E3C	0x0809      	SUBLW       9
0x1E3E	0xE204      	BC          L_lcdDisplayUchar70
;Master.c,459 :: 		ones = ones - 10;
0x1E40	0x0E0A      	MOVLW       10
0x1E42	0x5FD3      	SUBWF       lcdDisplayUchar_ones_L0, 1, 1
;Master.c,460 :: 		tens++;
0x1E44	0x2BD4      	INCF        lcdDisplayUchar_tens_L0, 1, 1
;Master.c,461 :: 		}
0x1E46	0xD7F9      	BRA         L_lcdDisplayUchar69
L_lcdDisplayUchar70:
;Master.c,462 :: 		Lcd_Chr(row, col, tens + '0');
0x1E48	0xF2FDC2D0  	MOVFF       FARG_lcdDisplayUchar_row, FARG_Lcd_Chr_row
0x1E4C	0xF2FEC2D1  	MOVFF       FARG_lcdDisplayUchar_col, FARG_Lcd_Chr_column
0x1E50	0x0E30      	MOVLW       48
0x1E52	0x25D4      	ADDWF       lcdDisplayUchar_tens_L0, 0, 1
0x1E54	0x6FFF      	MOVWF       FARG_Lcd_Chr_out_char, 1
0x1E56	0xDCF9      	RCALL       _Lcd_Chr
;Master.c,463 :: 		Lcd_Chr(row, col + 1, ones + '0');
0x1E58	0xF2FDC2D0  	MOVFF       FARG_lcdDisplayUchar_row, FARG_Lcd_Chr_row
0x1E5C	0x0102      	MOVLB       2
0x1E5E	0x51D1      	MOVF        FARG_lcdDisplayUchar_col, 0, 1
0x1E60	0x0F01      	ADDLW       1
0x1E62	0x6FFE      	MOVWF       FARG_Lcd_Chr_column, 1
0x1E64	0x0E30      	MOVLW       48
0x1E66	0x25D3      	ADDWF       lcdDisplayUchar_ones_L0, 0, 1
0x1E68	0x6FFF      	MOVWF       FARG_Lcd_Chr_out_char, 1
0x1E6A	0xDCEF      	RCALL       _Lcd_Chr
;Master.c,464 :: 		}
0x1E6C	0x0012      	RETURN      0
; end of _lcdDisplayUchar
_SPI_Ethernet_Init2:
;__Lib_EthEnc28j60.c,330 :: 		
;__Lib_EthEnc28j60.c,339 :: 		
0x1E6E	0x0103      	MOVLB       3
0x1E70	0x6B0E      	CLRF        FARG_SPI_Ethernet_writeReg_addr, 1
0x1E72	0x0102      	MOVLB       2
0x1E74	0x53D0      	MOVF        FARG_SPI_Ethernet_Init2_fullDuplex, 1, 1
0x1E76	0xE003      	BZ          L_SPI_Ethernet_Init23
0x1E78	0x0E0D      	MOVLW       13
0x1E7A	0x6E00      	MOVWF       R0 
0x1E7C	0xD002      	BRA         L_SPI_Ethernet_Init24
L_SPI_Ethernet_Init23:
0x1E7E	0x0E05      	MOVLW       5
0x1E80	0x6E00      	MOVWF       R0 
L_SPI_Ethernet_Init24:
0x1E82	0xF30FC000  	MOVFF       R0, FARG_SPI_Ethernet_writeReg_v
0x1E86	0xF009EC54  	CALL        _SPI_Ethernet_writeReg, 0
;__Lib_EthEnc28j60.c,346 :: 		
0x1E8A	0x0E02      	MOVLW       2
0x1E8C	0x0103      	MOVLB       3
0x1E8E	0x6F0E      	MOVWF       FARG_SPI_Ethernet_writeReg_addr, 1
0x1E90	0x0102      	MOVLB       2
0x1E92	0x53D0      	MOVF        FARG_SPI_Ethernet_Init2_fullDuplex, 1, 1
0x1E94	0xE003      	BZ          L_SPI_Ethernet_Init25
0x1E96	0x0E31      	MOVLW       49
0x1E98	0x6E00      	MOVWF       R0 
0x1E9A	0xD002      	BRA         L_SPI_Ethernet_Init26
L_SPI_Ethernet_Init25:
0x1E9C	0x0E30      	MOVLW       48
0x1E9E	0x6E00      	MOVWF       R0 
L_SPI_Ethernet_Init26:
0x1EA0	0xF30FC000  	MOVFF       R0, FARG_SPI_Ethernet_writeReg_v
0x1EA4	0xF009EC54  	CALL        _SPI_Ethernet_writeReg, 0
;__Lib_EthEnc28j60.c,355 :: 		
0x1EA8	0x0E0A      	MOVLW       10
0x1EAA	0x0103      	MOVLB       3
0x1EAC	0x6F31      	MOVWF       FARG_SPI_Ethernet_writeAddr_addr, 1
0x1EAE	0x0EEE      	MOVLW       238
0x1EB0	0x6F32      	MOVWF       FARG_SPI_Ethernet_writeAddr_v, 1
0x1EB2	0x0E05      	MOVLW       5
0x1EB4	0x6F33      	MOVWF       FARG_SPI_Ethernet_writeAddr_v+1, 1
0x1EB6	0xF000ECA2  	CALL        _SPI_Ethernet_writeAddr, 0
;__Lib_EthEnc28j60.c,360 :: 		
0x1EBA	0x0E04      	MOVLW       4
0x1EBC	0x0103      	MOVLB       3
0x1EBE	0x6F0E      	MOVWF       FARG_SPI_Ethernet_writeReg_addr, 1
0x1EC0	0x0102      	MOVLB       2
0x1EC2	0x53D0      	MOVF        FARG_SPI_Ethernet_Init2_fullDuplex, 1, 1
0x1EC4	0xE003      	BZ          L_SPI_Ethernet_Init27
0x1EC6	0x0E15      	MOVLW       21
0x1EC8	0x6E00      	MOVWF       R0 
0x1ECA	0xD002      	BRA         L_SPI_Ethernet_Init28
L_SPI_Ethernet_Init27:
0x1ECC	0x0E12      	MOVLW       18
0x1ECE	0x6E00      	MOVWF       R0 
L_SPI_Ethernet_Init28:
0x1ED0	0xF30FC000  	MOVFF       R0, FARG_SPI_Ethernet_writeReg_v
0x1ED4	0xF009EC54  	CALL        _SPI_Ethernet_writeReg, 0
;__Lib_EthEnc28j60.c,365 :: 		
0x1ED8	0x0E06      	MOVLW       6
0x1EDA	0x0103      	MOVLB       3
0x1EDC	0x6F0E      	MOVWF       FARG_SPI_Ethernet_writeReg_addr, 1
0x1EDE	0x0E12      	MOVLW       18
0x1EE0	0x6F0F      	MOVWF       FARG_SPI_Ethernet_writeReg_v, 1
0x1EE2	0xF009EC54  	CALL        _SPI_Ethernet_writeReg, 0
;__Lib_EthEnc28j60.c,370 :: 		
0x1EE6	0x0102      	MOVLB       2
0x1EE8	0x53D0      	MOVF        FARG_SPI_Ethernet_Init2_fullDuplex, 1, 1
0x1EEA	0xE107      	BNZ         L_SPI_Ethernet_Init29
;__Lib_EthEnc28j60.c,371 :: 		
0x1EEC	0x0E07      	MOVLW       7
0x1EEE	0x0103      	MOVLB       3
0x1EF0	0x6F0E      	MOVWF       FARG_SPI_Ethernet_writeReg_addr, 1
0x1EF2	0x0E0C      	MOVLW       12
0x1EF4	0x6F0F      	MOVWF       FARG_SPI_Ethernet_writeReg_v, 1
0x1EF6	0xF009EC54  	CALL        _SPI_Ethernet_writeReg, 0
L_SPI_Ethernet_Init29:
;__Lib_EthEnc28j60.c,386 :: 		
0x1EFA	0x0102      	MOVLB       2
0x1EFC	0x53D0      	MOVF        FARG_SPI_Ethernet_Init2_fullDuplex, 1, 1
0x1EFE	0xE107      	BNZ         L_SPI_Ethernet_Init210
;__Lib_EthEnc28j60.c,387 :: 		
0x1F00	0x0E09      	MOVLW       9
0x1F02	0x0103      	MOVLB       3
0x1F04	0x6F0E      	MOVWF       FARG_SPI_Ethernet_writeReg_addr, 1
0x1F06	0x0E3F      	MOVLW       63
0x1F08	0x6F0F      	MOVWF       FARG_SPI_Ethernet_writeReg_v, 1
0x1F0A	0xF009EC54  	CALL        _SPI_Ethernet_writeReg, 0
L_SPI_Ethernet_Init210:
;__Lib_EthEnc28j60.c,392 :: 		
0x1F0E	0x0E1F      	MOVLW       31
0x1F10	0x0103      	MOVLB       3
0x1F12	0x6F2E      	MOVWF       FARG_SPI_Ethernet_setBitReg_addr, 1
0x1F14	0x0E01      	MOVLW       1
0x1F16	0x6F2F      	MOVWF       FARG_SPI_Ethernet_setBitReg_mask, 1
0x1F18	0xF001EC58  	CALL        _SPI_Ethernet_setBitReg, 0
0x1F1C	0x0E1F      	MOVLW       31
0x1F1E	0x0103      	MOVLB       3
0x1F20	0x6F2E      	MOVWF       FARG_SPI_Ethernet_setBitReg_addr, 1
0x1F22	0x0E02      	MOVLW       2
0x1F24	0x6F2F      	MOVWF       FARG_SPI_Ethernet_setBitReg_mask, 1
0x1F26	0xF001EC58  	CALL        _SPI_Ethernet_setBitReg, 0
;__Lib_EthEnc28j60.c,395 :: 		
0x1F2A	0x0E04      	MOVLW       4
0x1F2C	0x0103      	MOVLB       3
0x1F2E	0x6F0E      	MOVWF       FARG_SPI_Ethernet_writeReg_addr, 1
0x1F30	0xF30FC11C  	MOVFF       _SPI_Ethernet_macAddr, FARG_SPI_Ethernet_writeReg_v
0x1F34	0xF009EC54  	CALL        _SPI_Ethernet_writeReg, 0
;__Lib_EthEnc28j60.c,396 :: 		
0x1F38	0x0E05      	MOVLW       5
0x1F3A	0x0103      	MOVLB       3
0x1F3C	0x6F0E      	MOVWF       FARG_SPI_Ethernet_writeReg_addr, 1
0x1F3E	0xF30FC11D  	MOVFF       _SPI_Ethernet_macAddr+1, FARG_SPI_Ethernet_writeReg_v
0x1F42	0xF009EC54  	CALL        _SPI_Ethernet_writeReg, 0
;__Lib_EthEnc28j60.c,397 :: 		
0x1F46	0x0E02      	MOVLW       2
0x1F48	0x0103      	MOVLB       3
0x1F4A	0x6F0E      	MOVWF       FARG_SPI_Ethernet_writeReg_addr, 1
0x1F4C	0xF30FC11E  	MOVFF       _SPI_Ethernet_macAddr+2, FARG_SPI_Ethernet_writeReg_v
0x1F50	0xF009EC54  	CALL        _SPI_Ethernet_writeReg, 0
;__Lib_EthEnc28j60.c,398 :: 		
0x1F54	0x0E03      	MOVLW       3
0x1F56	0x0103      	MOVLB       3
0x1F58	0x6F0E      	MOVWF       FARG_SPI_Ethernet_writeReg_addr, 1
0x1F5A	0xF30FC11F  	MOVFF       _SPI_Ethernet_macAddr+3, FARG_SPI_Ethernet_writeReg_v
0x1F5E	0xF009EC54  	CALL        _SPI_Ethernet_writeReg, 0
;__Lib_EthEnc28j60.c,399 :: 		
0x1F62	0x0103      	MOVLB       3
0x1F64	0x6B0E      	CLRF        FARG_SPI_Ethernet_writeReg_addr, 1
0x1F66	0xF30FC120  	MOVFF       _SPI_Ethernet_macAddr+4, FARG_SPI_Ethernet_writeReg_v
0x1F6A	0xF009EC54  	CALL        _SPI_Ethernet_writeReg, 0
;__Lib_EthEnc28j60.c,400 :: 		
0x1F6E	0x0E01      	MOVLW       1
0x1F70	0x0103      	MOVLB       3
0x1F72	0x6F0E      	MOVWF       FARG_SPI_Ethernet_writeReg_addr, 1
0x1F74	0xF30FC121  	MOVFF       _SPI_Ethernet_macAddr+5, FARG_SPI_Ethernet_writeReg_v
0x1F78	0xF009EC54  	CALL        _SPI_Ethernet_writeReg, 0
;__Lib_EthEnc28j60.c,406 :: 		
0x1F7C	0x0E15      	MOVLW       21
0x1F7E	0x0103      	MOVLB       3
0x1F80	0x6F0E      	MOVWF       FARG_SPI_Ethernet_writeReg_addr, 1
0x1F82	0x6B0F      	CLRF        FARG_SPI_Ethernet_writeReg_v, 1
0x1F84	0xF009EC54  	CALL        _SPI_Ethernet_writeReg, 0
;__Lib_EthEnc28j60.c,414 :: 		
0x1F88	0x0E12      	MOVLW       18
0x1F8A	0x0103      	MOVLB       3
0x1F8C	0x6F2E      	MOVWF       FARG_SPI_Ethernet_readReg_addr, 1
0x1F8E	0xF000ECEB  	CALL        _SPI_Ethernet_readReg, 0
0x1F92	0xF103C000  	MOVFF       R0, __Lib_EthEnc28j60_enc_hwRev
;__Lib_EthEnc28j60.c,420 :: 		
0x1F96	0x0102      	MOVLB       2
0x1F98	0x6BFD      	CLRF        FARG_SPI_Ethernet_readPHY_reg, 1
0x1F9A	0x0ED1      	MOVLW       SPI_Ethernet_Init2_h_L0
0x1F9C	0x6FFE      	MOVWF       FARG_SPI_Ethernet_readPHY_h, 1
0x1F9E	0x0E02      	MOVLW       hi_addr(SPI_Ethernet_Init2_h_L0)
0x1FA0	0x6FFF      	MOVWF       FARG_SPI_Ethernet_readPHY_h+1, 1
0x1FA2	0x0ED2      	MOVLW       SPI_Ethernet_Init2_l_L0
0x1FA4	0x0103      	MOVLB       3
0x1FA6	0x6F00      	MOVWF       FARG_SPI_Ethernet_readPHY_l, 1
0x1FA8	0x0E02      	MOVLW       hi_addr(SPI_Ethernet_Init2_l_L0)
0x1FAA	0x6F01      	MOVWF       FARG_SPI_Ethernet_readPHY_l+1, 1
0x1FAC	0xF00BEC4F  	CALL        _SPI_Ethernet_readPHY, 0
;__Lib_EthEnc28j60.c,421 :: 		
0x1FB0	0x0102      	MOVLB       2
0x1FB2	0x6BFD      	CLRF        FARG_SPI_Ethernet_writePHY_reg, 1
0x1FB4	0x0EFE      	MOVLW       254
0x1FB6	0x15D1      	ANDWF       SPI_Ethernet_Init2_h_L0, 0, 1
0x1FB8	0x6FFE      	MOVWF       FARG_SPI_Ethernet_writePHY_h, 1
0x1FBA	0x53D0      	MOVF        FARG_SPI_Ethernet_Init2_fullDuplex, 1, 1
0x1FBC	0xE003      	BZ          L_SPI_Ethernet_Init211
0x1FBE	0x0E01      	MOVLW       1
0x1FC0	0x6E00      	MOVWF       R0 
0x1FC2	0xD001      	BRA         L_SPI_Ethernet_Init212
L_SPI_Ethernet_Init211:
0x1FC4	0x6A00      	CLRF        R0 
L_SPI_Ethernet_Init212:
0x1FC6	0x5000      	MOVF        R0, 0 
0x1FC8	0x13FE      	IORWF       FARG_SPI_Ethernet_writePHY_h, 1, 1
0x1FCA	0xF2FFC2D2  	MOVFF       SPI_Ethernet_Init2_l_L0, FARG_SPI_Ethernet_writePHY_l
0x1FCE	0xF00BEC2A  	CALL        _SPI_Ethernet_writePHY, 0
;__Lib_EthEnc28j60.c,424 :: 		
0x1FD2	0x0E10      	MOVLW       16
0x1FD4	0x0102      	MOVLB       2
0x1FD6	0x6FFD      	MOVWF       FARG_SPI_Ethernet_writePHY_reg, 1
0x1FD8	0x0E01      	MOVLW       1
0x1FDA	0x6FFE      	MOVWF       FARG_SPI_Ethernet_writePHY_h, 1
0x1FDC	0x6BFF      	CLRF        FARG_SPI_Ethernet_writePHY_l, 1
0x1FDE	0xF00BEC2A  	CALL        _SPI_Ethernet_writePHY, 0
;__Lib_EthEnc28j60.c,434 :: 		
0x1FE2	0x0E1F      	MOVLW       31
0x1FE4	0x6F2E      	MOVWF       FARG_SPI_Ethernet_setBitReg_addr, 1
0x1FE6	0x0E04      	MOVLW       4
0x1FE8	0x6F2F      	MOVWF       FARG_SPI_Ethernet_setBitReg_mask, 1
0x1FEA	0xF001EC58  	CALL        _SPI_Ethernet_setBitReg, 0
;__Lib_EthEnc28j60.c,435 :: 		
0x1FEE	0xF007EC02  	CALL        _SPI_Ethernet_delay, 0
;__Lib_EthEnc28j60.c,439 :: 		
0x1FF2	0x0E5F      	MOVLW       _SPI_Ethernet_arpCache
0x1FF4	0x6F0E      	MOVWF       FARG_memset_p1, 1
0x1FF6	0x0E01      	MOVLW       hi_addr(_SPI_Ethernet_arpCache)
0x1FF8	0x6F0F      	MOVWF       FARG_memset_p1+1, 1
0x1FFA	0x6B10      	CLRF        FARG_memset_character, 1
0x1FFC	0x0E2D      	MOVLW       45
0x1FFE	0x6F11      	MOVWF       FARG_memset_n, 1
0x2000	0x0E00      	MOVLW       0
0x2002	0x6F12      	MOVWF       FARG_memset_n+1, 1
0x2004	0xF009EC36  	CALL        _memset, 0
;__Lib_EthEnc28j60.c,442 :: 		
0x2008	0x0E1F      	MOVLW       31
0x200A	0x6F2E      	MOVWF       FARG_SPI_Ethernet_clearBitReg_addr, 1
0x200C	0x0E01      	MOVLW       1
0x200E	0x6F2F      	MOVWF       FARG_SPI_Ethernet_clearBitReg_mask, 1
0x2010	0xF001EC1C  	CALL        _SPI_Ethernet_clearBitReg, 0
0x2014	0x0E1F      	MOVLW       31
0x2016	0x0103      	MOVLB       3
0x2018	0x6F2E      	MOVWF       FARG_SPI_Ethernet_clearBitReg_addr, 1
0x201A	0x0E02      	MOVLW       2
0x201C	0x6F2F      	MOVWF       FARG_SPI_Ethernet_clearBitReg_mask, 1
0x201E	0xF001EC1C  	CALL        _SPI_Ethernet_clearBitReg, 0
;__Lib_EthEnc28j60.c,443 :: 		
L_end_SPI_Ethernet_Init2:
0x2022	0x0012      	RETURN      0
; end of _SPI_Ethernet_Init2
_SPI_Ethernet_doUDP:
;__Lib_EthEnc28j60.c,1354 :: 		
;__Lib_EthEnc28j60.c,1362 :: 		
0x2024	0xF32EC2D3  	MOVFF       FARG_SPI_Ethernet_doUDP_payloadAddr, FARG_SPI_Ethernet_readMem_addr
0x2028	0xF32FC2D4  	MOVFF       FARG_SPI_Ethernet_doUDP_payloadAddr+1, FARG_SPI_Ethernet_readMem_addr+1
0x202C	0xF001EC39  	CALL        _SPI_Ethernet_readMem, 0
0x2030	0xF2DEC000  	MOVFF       R0, SPI_Ethernet_doUDP_remotePort_L0+1
;__Lib_EthEnc28j60.c,1363 :: 		
0x2034	0xF003ECC4  	CALL        _SPI_Ethernet_getByte, 0
0x2038	0xF2DDC000  	MOVFF       R0, SPI_Ethernet_doUDP_remotePort_L0
;__Lib_EthEnc28j60.c,1366 :: 		
0x203C	0xF003ECC4  	CALL        _SPI_Ethernet_getByte, 0
0x2040	0xF2DCC000  	MOVFF       R0, SPI_Ethernet_doUDP_dport_L0+1
;__Lib_EthEnc28j60.c,1367 :: 		
0x2044	0xF003ECC4  	CALL        _SPI_Ethernet_getByte, 0
0x2048	0xF2DBC000  	MOVFF       R0, SPI_Ethernet_doUDP_dport_L0
;__Lib_EthEnc28j60.c,1368 :: 		
0x204C	0x0E00      	MOVLW       0
0x204E	0x0102      	MOVLB       2
0x2050	0x19DC      	XORWF       SPI_Ethernet_doUDP_dport_L0+1, 0, 1
0x2052	0xE102      	BNZ         L__SPI_Ethernet_doUDP322
0x2054	0x0E00      	MOVLW       0
0x2056	0x19DB      	XORWF       SPI_Ethernet_doUDP_dport_L0, 0, 1
L__SPI_Ethernet_doUDP322:
0x2058	0xE101      	BNZ         L_SPI_Ethernet_doUDP84
;__Lib_EthEnc28j60.c,1370 :: 		
0x205A	0xD091      	BRA         L_end_SPI_Ethernet_doUDP
;__Lib_EthEnc28j60.c,1371 :: 		
L_SPI_Ethernet_doUDP84:
;__Lib_EthEnc28j60.c,1374 :: 		
0x205C	0xF003ECC4  	CALL        _SPI_Ethernet_getByte, 0
0x2060	0xF2E0C000  	MOVFF       R0, SPI_Ethernet_doUDP_len_L0+1
;__Lib_EthEnc28j60.c,1375 :: 		
0x2064	0xF003ECC4  	CALL        _SPI_Ethernet_getByte, 0
0x2068	0xF2DFC000  	MOVFF       R0, SPI_Ethernet_doUDP_len_L0
;__Lib_EthEnc28j60.c,1378 :: 		
0x206C	0x0EE1      	MOVLW       SPI_Ethernet_doUDP_remoteIpAddr_L0
0x206E	0x0103      	MOVLB       3
0x2070	0x6F16      	MOVWF       FARG_SPI_Ethernet_getBytes_ptr, 1
0x2072	0x0E02      	MOVLW       hi_addr(SPI_Ethernet_doUDP_remoteIpAddr_L0)
0x2074	0x6F17      	MOVWF       FARG_SPI_Ethernet_getBytes_ptr+1, 1
0x2076	0x0EC9      	MOVLW       201
0x2078	0x6F18      	MOVWF       FARG_SPI_Ethernet_getBytes_addr, 1
0x207A	0x0E19      	MOVLW       25
0x207C	0x6F19      	MOVWF       FARG_SPI_Ethernet_getBytes_addr+1, 1
0x207E	0x0E04      	MOVLW       4
0x2080	0x6F1A      	MOVWF       FARG_SPI_Ethernet_getBytes_n, 1
0x2082	0x0E00      	MOVLW       0
0x2084	0x6F1B      	MOVWF       FARG_SPI_Ethernet_getBytes_n+1, 1
0x2086	0xF005EC5D  	CALL        _SPI_Ethernet_getBytes, 0
;__Lib_EthEnc28j60.c,1381 :: 		
0x208A	0x0E02      	MOVLW       2
0x208C	0x6F31      	MOVWF       FARG_SPI_Ethernet_writeAddr_addr, 1
0x208E	0x0E08      	MOVLW       8
0x2090	0x0102      	MOVLB       2
0x2092	0x25D3      	ADDWF       FARG_SPI_Ethernet_doUDP_payloadAddr, 0, 1
0x2094	0x0103      	MOVLB       3
0x2096	0x6F32      	MOVWF       FARG_SPI_Ethernet_writeAddr_v, 1
0x2098	0x0E00      	MOVLW       0
0x209A	0x0102      	MOVLB       2
0x209C	0x21D4      	ADDWFC      FARG_SPI_Ethernet_doUDP_payloadAddr+1, 0, 1
0x209E	0x0103      	MOVLB       3
0x20A0	0x6F33      	MOVWF       FARG_SPI_Ethernet_writeAddr_v+1, 1
0x20A2	0xF000ECA2  	CALL        _SPI_Ethernet_writeAddr, 0
;__Lib_EthEnc28j60.c,1390 :: 		
0x20A6	0x0E0E      	MOVLW       14
0x20A8	0x0102      	MOVLB       2
0x20AA	0x25D0      	ADDWF       FARG_SPI_Ethernet_doUDP_start, 0, 1
0x20AC	0x6FFD      	MOVWF       FARG_SPI_Ethernet_setRxReadAddress_addr, 1
0x20AE	0x0E00      	MOVLW       0
0x20B0	0x21D1      	ADDWFC      FARG_SPI_Ethernet_doUDP_start+1, 0, 1
0x20B2	0x6FFE      	MOVWF       FARG_SPI_Ethernet_setRxReadAddress_addr+1, 1
0x20B4	0x51D2      	MOVF        FARG_SPI_Ethernet_doUDP_ipHeaderLen, 0, 1
0x20B6	0x27FD      	ADDWF       FARG_SPI_Ethernet_setRxReadAddress_addr, 1, 1
0x20B8	0x0E00      	MOVLW       0
0x20BA	0x23FE      	ADDWFC      FARG_SPI_Ethernet_setRxReadAddress_addr+1, 1, 1
0x20BC	0x0E08      	MOVLW       8
0x20BE	0x27FD      	ADDWF       FARG_SPI_Ethernet_setRxReadAddress_addr, 1, 1
0x20C0	0x0E00      	MOVLW       0
0x20C2	0x23FE      	ADDWFC      FARG_SPI_Ethernet_setRxReadAddress_addr+1, 1, 1
0x20C4	0xF009ECB9  	CALL        _SPI_Ethernet_setRxReadAddress, 0
;__Lib_EthEnc28j60.c,1398 :: 		
0x20C8	0x0E00      	MOVLW       0
0x20CA	0x0102      	MOVLB       2
0x20CC	0x19DE      	XORWF       SPI_Ethernet_doUDP_remotePort_L0+1, 0, 1
0x20CE	0xE102      	BNZ         L__SPI_Ethernet_doUDP323
0x20D0	0x0E35      	MOVLW       53
0x20D2	0x19DD      	XORWF       SPI_Ethernet_doUDP_remotePort_L0, 0, 1
L__SPI_Ethernet_doUDP323:
0x20D4	0xE103      	BNZ         L_SPI_Ethernet_doUDP85
;__Lib_EthEnc28j60.c,1400 :: 		
0x20D6	0xF00AEC97  	CALL        _SPI_Ethernet_doDNS, 0
;__Lib_EthEnc28j60.c,1401 :: 		
0x20DA	0xD051      	BRA         L_SPI_Ethernet_doUDP86
L_SPI_Ethernet_doUDP85:
;__Lib_EthEnc28j60.c,1402 :: 		
0x20DC	0x0E00      	MOVLW       0
0x20DE	0x0102      	MOVLB       2
0x20E0	0x19DC      	XORWF       SPI_Ethernet_doUDP_dport_L0+1, 0, 1
0x20E2	0xE102      	BNZ         L__SPI_Ethernet_doUDP324
0x20E4	0x0E44      	MOVLW       68
0x20E6	0x19DB      	XORWF       SPI_Ethernet_doUDP_dport_L0, 0, 1
L__SPI_Ethernet_doUDP324:
0x20E8	0xE103      	BNZ         L_SPI_Ethernet_doUDP87
;__Lib_EthEnc28j60.c,1404 :: 		
0x20EA	0xF009ECCD  	CALL        _SPI_Ethernet_doDHCP, 0
;__Lib_EthEnc28j60.c,1405 :: 		
0x20EE	0xD047      	BRA         L_SPI_Ethernet_doUDP88
L_SPI_Ethernet_doUDP87:
;__Lib_EthEnc28j60.c,1406 :: 		
0x20F0	0x0EE1      	MOVLW       SPI_Ethernet_doUDP_remoteIpAddr_L0
0x20F2	0x0102      	MOVLB       2
0x20F4	0x6FFD      	MOVWF       FARG_SPI_Ethernet_UserUDP_remoteHost, 1
0x20F6	0x0E02      	MOVLW       hi_addr(SPI_Ethernet_doUDP_remoteIpAddr_L0)
0x20F8	0x6FFE      	MOVWF       FARG_SPI_Ethernet_UserUDP_remoteHost+1, 1
0x20FA	0xF2FFC2DD  	MOVFF       SPI_Ethernet_doUDP_remotePort_L0, FARG_SPI_Ethernet_UserUDP_remotePort
0x20FE	0xF300C2DE  	MOVFF       SPI_Ethernet_doUDP_remotePort_L0+1, FARG_SPI_Ethernet_UserUDP_remotePort+1
0x2102	0xF301C2DB  	MOVFF       SPI_Ethernet_doUDP_dport_L0, FARG_SPI_Ethernet_UserUDP_destPort
0x2106	0xF302C2DC  	MOVFF       SPI_Ethernet_doUDP_dport_L0+1, FARG_SPI_Ethernet_UserUDP_destPort+1
0x210A	0x0E08      	MOVLW       8
0x210C	0x5DDF      	SUBWF       SPI_Ethernet_doUDP_len_L0, 0, 1
0x210E	0x0103      	MOVLB       3
0x2110	0x6F03      	MOVWF       FARG_SPI_Ethernet_UserUDP_reqLength, 1
0x2112	0x0E00      	MOVLW       0
0x2114	0x0102      	MOVLB       2
0x2116	0x59E0      	SUBWFB      SPI_Ethernet_doUDP_len_L0+1, 0, 1
0x2118	0x0103      	MOVLB       3
0x211A	0x6F04      	MOVWF       FARG_SPI_Ethernet_UserUDP_reqLength+1, 1
0x211C	0x0E4A      	MOVLW       __Lib_EthEnc28j60_flags
0x211E	0x6F05      	MOVWF       FARG_SPI_Ethernet_UserUDP_flags, 1
0x2120	0x0E01      	MOVLW       hi_addr(__Lib_EthEnc28j60_flags)
0x2122	0x6F06      	MOVWF       FARG_SPI_Ethernet_UserUDP_flags+1, 1
0x2124	0xF00CEC1B  	CALL        _SPI_Ethernet_UserUDP, 0
0x2128	0xF2DFC000  	MOVFF       R0, SPI_Ethernet_doUDP_len_L0
0x212C	0xF2E0C001  	MOVFF       R1, SPI_Ethernet_doUDP_len_L0+1
0x2130	0x5000      	MOVF        R0, 0 
0x2132	0x1001      	IORWF       R1, 0 
0x2134	0xE024      	BZ          L_SPI_Ethernet_doUDP89
;__Lib_EthEnc28j60.c,1410 :: 		
0x2136	0x0ED5      	MOVLW       SPI_Ethernet_doUDP_rmtMAC_L1
0x2138	0x6F16      	MOVWF       FARG_SPI_Ethernet_getBytes_ptr, 1
0x213A	0x0E02      	MOVLW       hi_addr(SPI_Ethernet_doUDP_rmtMAC_L1)
0x213C	0x6F17      	MOVWF       FARG_SPI_Ethernet_getBytes_ptr+1, 1
0x213E	0x0EB5      	MOVLW       181
0x2140	0x6F18      	MOVWF       FARG_SPI_Ethernet_getBytes_addr, 1
0x2142	0x0E19      	MOVLW       25
0x2144	0x6F19      	MOVWF       FARG_SPI_Ethernet_getBytes_addr+1, 1
0x2146	0x0E06      	MOVLW       6
0x2148	0x6F1A      	MOVWF       FARG_SPI_Ethernet_getBytes_n, 1
0x214A	0x0E00      	MOVLW       0
0x214C	0x6F1B      	MOVWF       FARG_SPI_Ethernet_getBytes_n+1, 1
0x214E	0xF005EC5D  	CALL        _SPI_Ethernet_getBytes, 0
;__Lib_EthEnc28j60.c,1412 :: 		
0x2152	0x0ED5      	MOVLW       SPI_Ethernet_doUDP_rmtMAC_L1
0x2154	0x6F16      	MOVWF       FARG_SPI_Ethernet_sendUDP2_destMac, 1
0x2156	0x0E02      	MOVLW       hi_addr(SPI_Ethernet_doUDP_rmtMAC_L1)
0x2158	0x6F17      	MOVWF       FARG_SPI_Ethernet_sendUDP2_destMac+1, 1
0x215A	0x0EE1      	MOVLW       SPI_Ethernet_doUDP_remoteIpAddr_L0
0x215C	0x6F18      	MOVWF       FARG_SPI_Ethernet_sendUDP2_destIP, 1
0x215E	0x0E02      	MOVLW       hi_addr(SPI_Ethernet_doUDP_remoteIpAddr_L0)
0x2160	0x6F19      	MOVWF       FARG_SPI_Ethernet_sendUDP2_destIP+1, 1
0x2162	0xF31AC2DB  	MOVFF       SPI_Ethernet_doUDP_dport_L0, FARG_SPI_Ethernet_sendUDP2_sourcePort
0x2166	0xF31BC2DC  	MOVFF       SPI_Ethernet_doUDP_dport_L0+1, FARG_SPI_Ethernet_sendUDP2_sourcePort+1
0x216A	0xF31CC2DD  	MOVFF       SPI_Ethernet_doUDP_remotePort_L0, FARG_SPI_Ethernet_sendUDP2_destPort
0x216E	0xF31DC2DE  	MOVFF       SPI_Ethernet_doUDP_remotePort_L0+1, FARG_SPI_Ethernet_sendUDP2_destPort+1
0x2172	0xF31EC2DF  	MOVFF       SPI_Ethernet_doUDP_len_L0, FARG_SPI_Ethernet_sendUDP2_pktLen
0x2176	0xF31FC2E0  	MOVFF       SPI_Ethernet_doUDP_len_L0+1, FARG_SPI_Ethernet_sendUDP2_pktLen+1
0x217A	0xF004EC65  	CALL        _SPI_Ethernet_sendUDP2, 0
;__Lib_EthEnc28j60.c,1413 :: 		
L_SPI_Ethernet_doUDP89:
L_SPI_Ethernet_doUDP88:
L_SPI_Ethernet_doUDP86:
;__Lib_EthEnc28j60.c,1414 :: 		
L_end_SPI_Ethernet_doUDP:
0x217E	0x0012      	RETURN      0
; end of _SPI_Ethernet_doUDP
_Lcd_Out:
;__Lib_Lcd.c,184 :: 		
;__Lib_Lcd.c,187 :: 		
0x2180	0xD010      	BRA         L_Lcd_Out11
;__Lib_Lcd.c,188 :: 		
L_Lcd_Out13:
0x2182	0x0E80      	MOVLW       128
0x2184	0x0102      	MOVLB       2
0x2186	0x6FD0      	MOVWF       FARG_Lcd_Out_row, 1
0x2188	0xD01A      	BRA         L_Lcd_Out12
;__Lib_Lcd.c,189 :: 		
L_Lcd_Out14:
0x218A	0x0EC0      	MOVLW       192
0x218C	0x6FD0      	MOVWF       FARG_Lcd_Out_row, 1
0x218E	0xD017      	BRA         L_Lcd_Out12
;__Lib_Lcd.c,190 :: 		
L_Lcd_Out15:
0x2190	0x0E94      	MOVLW       148
0x2192	0x6FD0      	MOVWF       FARG_Lcd_Out_row, 1
0x2194	0xD014      	BRA         L_Lcd_Out12
;__Lib_Lcd.c,191 :: 		
L_Lcd_Out16:
0x2196	0x0ED4      	MOVLW       212
0x2198	0x6FD0      	MOVWF       FARG_Lcd_Out_row, 1
0x219A	0xD011      	BRA         L_Lcd_Out12
;__Lib_Lcd.c,192 :: 		
L_Lcd_Out17:
0x219C	0x0E80      	MOVLW       128
0x219E	0x6FD0      	MOVWF       FARG_Lcd_Out_row, 1
;__Lib_Lcd.c,193 :: 		
0x21A0	0xD00E      	BRA         L_Lcd_Out12
L_Lcd_Out11:
0x21A2	0x0102      	MOVLB       2
0x21A4	0x51D0      	MOVF        FARG_Lcd_Out_row, 0, 1
0x21A6	0x0A01      	XORLW       1
0x21A8	0xE0EC      	BZ          L_Lcd_Out13
0x21AA	0x51D0      	MOVF        FARG_Lcd_Out_row, 0, 1
0x21AC	0x0A02      	XORLW       2
0x21AE	0xE0ED      	BZ          L_Lcd_Out14
0x21B0	0x51D0      	MOVF        FARG_Lcd_Out_row, 0, 1
0x21B2	0x0A03      	XORLW       3
0x21B4	0xE0ED      	BZ          L_Lcd_Out15
0x21B6	0x51D0      	MOVF        FARG_Lcd_Out_row, 0, 1
0x21B8	0x0A04      	XORLW       4
0x21BA	0xE0ED      	BZ          L_Lcd_Out16
0x21BC	0xD7EF      	BRA         L_Lcd_Out17
L_Lcd_Out12:
;__Lib_Lcd.c,194 :: 		
0x21BE	0x05D1      	DECF        FARG_Lcd_Out_column, 0, 1
0x21C0	0x6E00      	MOVWF       R0 
0x21C2	0x51D0      	MOVF        FARG_Lcd_Out_row, 0, 1
0x21C4	0x2600      	ADDWF       R0, 1 
0x21C6	0xF2D0C000  	MOVFF       R0, FARG_Lcd_Out_row
;__Lib_Lcd.c,196 :: 		
0x21CA	0xF30EC000  	MOVFF       R0, FARG_Lcd_Cmd_out_char
0x21CE	0xF009EC73  	CALL        _Lcd_Cmd, 0
;__Lib_Lcd.c,197 :: 		
0x21D2	0x912A      	BCF         __Lib_Lcd_cmd_status, BitPos(__Lib_Lcd_cmd_status+0), 1
;__Lib_Lcd.c,198 :: 		
0x21D4	0x0102      	MOVLB       2
0x21D6	0x6BD4      	CLRF        Lcd_Out_i_L0, 1
;__Lib_Lcd.c,199 :: 		
L_Lcd_Out18:
0x21D8	0x51D4      	MOVF        Lcd_Out_i_L0, 0, 1
0x21DA	0x25D2      	ADDWF       FARG_Lcd_Out_text, 0, 1
0x21DC	0x6EE9      	MOVWF       FSR0L 
0x21DE	0x0E00      	MOVLW       0
0x21E0	0x21D3      	ADDWFC      FARG_Lcd_Out_text+1, 0, 1
0x21E2	0x6EEA      	MOVWF       FSR0H 
0x21E4	0x52EE      	MOVF        POSTINC0, 1 
0x21E6	0xE00D      	BZ          L_Lcd_Out19
;__Lib_Lcd.c,200 :: 		
0x21E8	0x51D4      	MOVF        Lcd_Out_i_L0, 0, 1
0x21EA	0x25D2      	ADDWF       FARG_Lcd_Out_text, 0, 1
0x21EC	0x6EE9      	MOVWF       FSR0L 
0x21EE	0x0E00      	MOVLW       0
0x21F0	0x21D3      	ADDWFC      FARG_Lcd_Out_text+1, 0, 1
0x21F2	0x6EEA      	MOVWF       FSR0H 
0x21F4	0xF2FDCFEE  	MOVFF       POSTINC0, FARG_Lcd_Chr_CP_out_char
0x21F8	0xF00CEC1E  	CALL        _Lcd_Chr_CP, 0
0x21FC	0x0102      	MOVLB       2
0x21FE	0x2BD4      	INCF        Lcd_Out_i_L0, 1, 1
0x2200	0xD7EB      	BRA         L_Lcd_Out18
L_Lcd_Out19:
;__Lib_Lcd.c,201 :: 		
0x2202	0x0101      	MOVLB       1
0x2204	0x812A      	BSF         __Lib_Lcd_cmd_status, BitPos(__Lib_Lcd_cmd_status+0), 1
;__Lib_Lcd.c,202 :: 		
L_end_Lcd_Out:
0x2206	0x0012      	RETURN      0
; end of _Lcd_Out
_SPI_Ethernet_doTCP:
;__Lib_EthEnc28j60.c,1102 :: 		
;__Lib_EthEnc28j60.c,1117 :: 		
0x2208	0xF32EC2D4  	MOVFF       FARG_SPI_Ethernet_doTCP_payloadAddr, FARG_SPI_Ethernet_readMem_addr
0x220C	0xF32FC2D5  	MOVFF       FARG_SPI_Ethernet_doTCP_payloadAddr+1, FARG_SPI_Ethernet_readMem_addr+1
0x2210	0xF001EC39  	CALL        _SPI_Ethernet_readMem, 0
0x2214	0xF2E4C000  	MOVFF       R0, SPI_Ethernet_doTCP_remotePort_L0+1
;__Lib_EthEnc28j60.c,1118 :: 		
0x2218	0xF003ECC4  	CALL        _SPI_Ethernet_getByte, 0
0x221C	0xF2E3C000  	MOVFF       R0, SPI_Ethernet_doTCP_remotePort_L0
;__Lib_EthEnc28j60.c,1121 :: 		
0x2220	0xF003ECC4  	CALL        _SPI_Ethernet_getByte, 0
0x2224	0xF2E2C000  	MOVFF       R0, SPI_Ethernet_doTCP_port_L0+1
;__Lib_EthEnc28j60.c,1122 :: 		
0x2228	0xF003ECC4  	CALL        _SPI_Ethernet_getByte, 0
0x222C	0xF2E1C000  	MOVFF       R0, SPI_Ethernet_doTCP_port_L0
;__Lib_EthEnc28j60.c,1125 :: 		
0x2230	0x0102      	MOVLB       2
0x2232	0x6BE9      	CLRF        SPI_Ethernet_doTCP_tx_L0, 1
;__Lib_EthEnc28j60.c,1126 :: 		
0x2234	0x6BEE      	CLRF        SPI_Ethernet_doTCP_transmit_L0, 1
;__Lib_EthEnc28j60.c,1127 :: 		
0x2236	0x0E01      	MOVLW       1
0x2238	0x6FEF      	MOVWF       SPI_Ethernet_doTCP_swap_L0, 1
;__Lib_EthEnc28j60.c,1128 :: 		
0x223A	0x6BEC      	CLRF        SPI_Ethernet_doTCP_replen_L0, 1
0x223C	0x6BED      	CLRF        SPI_Ethernet_doTCP_replen_L0+1, 1
;__Lib_EthEnc28j60.c,1131 :: 		
0x223E	0x0E0C      	MOVLW       12
0x2240	0x25D4      	ADDWF       FARG_SPI_Ethernet_doTCP_payloadAddr, 0, 1
0x2242	0x0103      	MOVLB       3
0x2244	0x6F2E      	MOVWF       FARG_SPI_Ethernet_readMem_addr, 1
0x2246	0x0E00      	MOVLW       0
0x2248	0x0102      	MOVLB       2
0x224A	0x21D5      	ADDWFC      FARG_SPI_Ethernet_doTCP_payloadAddr+1, 0, 1
0x224C	0x0103      	MOVLB       3
0x224E	0x6F2F      	MOVWF       FARG_SPI_Ethernet_readMem_addr+1, 1
0x2250	0xF001EC39  	CALL        _SPI_Ethernet_readMem, 0
0x2254	0xF2E7C000  	MOVFF       R0, SPI_Ethernet_doTCP_len_L0
0x2258	0x0E00      	MOVLW       0
0x225A	0x0102      	MOVLB       2
0x225C	0x6FE8      	MOVWF       SPI_Ethernet_doTCP_len_L0+1, 1
0x225E	0x33E7      	RRCF        SPI_Ethernet_doTCP_len_L0, 1, 1
0x2260	0x9FE7      	BCF         SPI_Ethernet_doTCP_len_L0, 7, 1
0x2262	0x33E7      	RRCF        SPI_Ethernet_doTCP_len_L0, 1, 1
0x2264	0x9FE7      	BCF         SPI_Ethernet_doTCP_len_L0, 7, 1
0x2266	0x0E00      	MOVLW       0
0x2268	0x6FE8      	MOVWF       SPI_Ethernet_doTCP_len_L0+1, 1
0x226A	0x0EFC      	MOVLW       252
0x226C	0x17E7      	ANDWF       SPI_Ethernet_doTCP_len_L0, 1, 1
0x226E	0x0EFF      	MOVLW       255
0x2270	0x17E8      	ANDWF       SPI_Ethernet_doTCP_len_L0+1, 1, 1
;__Lib_EthEnc28j60.c,1134 :: 		
0x2272	0x0EF8      	MOVLW       SPI_Ethernet_doTCP_remoteIpAddr_L0
0x2274	0x0103      	MOVLB       3
0x2276	0x6F16      	MOVWF       FARG_SPI_Ethernet_getBytes_ptr, 1
0x2278	0x0E02      	MOVLW       hi_addr(SPI_Ethernet_doTCP_remoteIpAddr_L0)
0x227A	0x6F17      	MOVWF       FARG_SPI_Ethernet_getBytes_ptr+1, 1
0x227C	0x0EC9      	MOVLW       201
0x227E	0x6F18      	MOVWF       FARG_SPI_Ethernet_getBytes_addr, 1
0x2280	0x0E19      	MOVLW       25
0x2282	0x6F19      	MOVWF       FARG_SPI_Ethernet_getBytes_addr+1, 1
0x2284	0x0E04      	MOVLW       4
0x2286	0x6F1A      	MOVWF       FARG_SPI_Ethernet_getBytes_n, 1
0x2288	0x0E00      	MOVLW       0
0x228A	0x6F1B      	MOVWF       FARG_SPI_Ethernet_getBytes_n+1, 1
0x228C	0xF005EC5D  	CALL        _SPI_Ethernet_getBytes, 0
;__Lib_EthEnc28j60.c,1137 :: 		
0x2290	0x0E0D      	MOVLW       13
0x2292	0x0102      	MOVLB       2
0x2294	0x25D4      	ADDWF       FARG_SPI_Ethernet_doTCP_payloadAddr, 0, 1
0x2296	0x0103      	MOVLB       3
0x2298	0x6F2E      	MOVWF       FARG_SPI_Ethernet_readMem_addr, 1
0x229A	0x0E00      	MOVLW       0
0x229C	0x0102      	MOVLB       2
0x229E	0x21D5      	ADDWFC      FARG_SPI_Ethernet_doTCP_payloadAddr+1, 0, 1
0x22A0	0x0103      	MOVLB       3
0x22A2	0x6F2F      	MOVWF       FARG_SPI_Ethernet_readMem_addr+1, 1
0x22A4	0xF001EC39  	CALL        _SPI_Ethernet_readMem, 0
0x22A8	0x0E3F      	MOVLW       63
0x22AA	0x1400      	ANDWF       R0, 0 
0x22AC	0x0102      	MOVLB       2
0x22AE	0x6FE5      	MOVWF       SPI_Ethernet_doTCP_tcpFlags_L0, 1
0x22B0	0x6BE6      	CLRF        SPI_Ethernet_doTCP_tcpFlags_L0+1, 1
0x22B2	0x0E00      	MOVLW       0
0x22B4	0x17E6      	ANDWF       SPI_Ethernet_doTCP_tcpFlags_L0+1, 1, 1
0x22B6	0x0E00      	MOVLW       0
0x22B8	0x6FE6      	MOVWF       SPI_Ethernet_doTCP_tcpFlags_L0+1, 1
;__Lib_EthEnc28j60.c,1140 :: 		
0x22BA	0x0E0E      	MOVLW       14
0x22BC	0x0101      	MOVLB       1
0x22BE	0x5D53      	SUBWF       _SPI_Ethernet_pktLen, 0, 1
0x22C0	0x0102      	MOVLB       2
0x22C2	0x6FEA      	MOVWF       SPI_Ethernet_doTCP_datalen_L0, 1
0x22C4	0x0E00      	MOVLW       0
0x22C6	0x0101      	MOVLB       1
0x22C8	0x5954      	SUBWFB      _SPI_Ethernet_pktLen+1, 0, 1
0x22CA	0x0102      	MOVLB       2
0x22CC	0x6FEB      	MOVWF       SPI_Ethernet_doTCP_datalen_L0+1, 1
0x22CE	0x51D2      	MOVF        FARG_SPI_Ethernet_doTCP_ipHeaderLen, 0, 1
0x22D0	0x5FEA      	SUBWF       SPI_Ethernet_doTCP_datalen_L0, 1, 1
0x22D2	0x51D3      	MOVF        FARG_SPI_Ethernet_doTCP_ipHeaderLen+1, 0, 1
0x22D4	0x5BEB      	SUBWFB      SPI_Ethernet_doTCP_datalen_L0+1, 1, 1
0x22D6	0x51E7      	MOVF        SPI_Ethernet_doTCP_len_L0, 0, 1
0x22D8	0x5FEA      	SUBWF       SPI_Ethernet_doTCP_datalen_L0, 1, 1
0x22DA	0x51E8      	MOVF        SPI_Ethernet_doTCP_len_L0+1, 0, 1
0x22DC	0x5BEB      	SUBWFB      SPI_Ethernet_doTCP_datalen_L0+1, 1, 1
;__Lib_EthEnc28j60.c,1143 :: 		
0x22DE	0x0E02      	MOVLW       2
0x22E0	0x25D4      	ADDWF       FARG_SPI_Ethernet_doTCP_payloadAddr, 0, 1
0x22E2	0x0103      	MOVLB       3
0x22E4	0x6F2E      	MOVWF       FARG_SPI_Ethernet_readMem_addr, 1
0x22E6	0x0E00      	MOVLW       0
0x22E8	0x0102      	MOVLB       2
0x22EA	0x21D5      	ADDWFC      FARG_SPI_Ethernet_doTCP_payloadAddr+1, 0, 1
0x22EC	0x0103      	MOVLB       3
0x22EE	0x6F2F      	MOVWF       FARG_SPI_Ethernet_readMem_addr+1, 1
0x22F0	0xF001EC39  	CALL        _SPI_Ethernet_readMem, 0
0x22F4	0xF330C000  	MOVFF       R0, FARG_SPI_Ethernet_writeMem_v1
0x22F8	0xF32EC2D4  	MOVFF       FARG_SPI_Ethernet_doTCP_payloadAddr, FARG_SPI_Ethernet_writeMem_addr
0x22FC	0xF32FC2D5  	MOVFF       FARG_SPI_Ethernet_doTCP_payloadAddr+1, FARG_SPI_Ethernet_writeMem_addr+1
0x2300	0xF000ECCA  	CALL        _SPI_Ethernet_writeMem, 0
;__Lib_EthEnc28j60.c,1144 :: 		
0x2304	0x0E03      	MOVLW       3
0x2306	0x0102      	MOVLB       2
0x2308	0x25D4      	ADDWF       FARG_SPI_Ethernet_doTCP_payloadAddr, 0, 1
0x230A	0x0103      	MOVLB       3
0x230C	0x6F2E      	MOVWF       FARG_SPI_Ethernet_readMem_addr, 1
0x230E	0x0E00      	MOVLW       0
0x2310	0x0102      	MOVLB       2
0x2312	0x21D5      	ADDWFC      FARG_SPI_Ethernet_doTCP_payloadAddr+1, 0, 1
0x2314	0x0103      	MOVLB       3
0x2316	0x6F2F      	MOVWF       FARG_SPI_Ethernet_readMem_addr+1, 1
0x2318	0xF001EC39  	CALL        _SPI_Ethernet_readMem, 0
0x231C	0xF32EC000  	MOVFF       R0, FARG_SPI_Ethernet_putByte_v
0x2320	0xF001EC03  	CALL        _SPI_Ethernet_putByte, 0
;__Lib_EthEnc28j60.c,1147 :: 		
0x2324	0xF324C2E3  	MOVFF       SPI_Ethernet_doTCP_remotePort_L0, FARG_SPI_Ethernet_writeMemory2_v
0x2328	0xF325C2E4  	MOVFF       SPI_Ethernet_doTCP_remotePort_L0+1, FARG_SPI_Ethernet_writeMemory2_v+1
0x232C	0xF003EC8A  	CALL        _SPI_Ethernet_writeMemory2, 0
;__Lib_EthEnc28j60.c,1150 :: 		
0x2330	0x0E04      	MOVLW       4
0x2332	0x0102      	MOVLB       2
0x2334	0x25D4      	ADDWF       FARG_SPI_Ethernet_doTCP_payloadAddr, 0, 1
0x2336	0x0103      	MOVLB       3
0x2338	0x6F2E      	MOVWF       FARG_SPI_Ethernet_readMem_addr, 1
0x233A	0x0E00      	MOVLW       0
0x233C	0x0102      	MOVLB       2
0x233E	0x21D5      	ADDWFC      FARG_SPI_Ethernet_doTCP_payloadAddr+1, 0, 1
0x2340	0x0103      	MOVLB       3
0x2342	0x6F2F      	MOVWF       FARG_SPI_Ethernet_readMem_addr+1, 1
0x2344	0xF001EC39  	CALL        _SPI_Ethernet_readMem, 0
0x2348	0xF2F3C000  	MOVFF       R0, SPI_Ethernet_doTCP_syn_L0+3
;__Lib_EthEnc28j60.c,1151 :: 		
0x234C	0xF003ECC4  	CALL        _SPI_Ethernet_getByte, 0
0x2350	0xF2F2C000  	MOVFF       R0, SPI_Ethernet_doTCP_syn_L0+2
;__Lib_EthEnc28j60.c,1152 :: 		
0x2354	0xF003ECC4  	CALL        _SPI_Ethernet_getByte, 0
0x2358	0xF2F1C000  	MOVFF       R0, SPI_Ethernet_doTCP_syn_L0+1
;__Lib_EthEnc28j60.c,1153 :: 		
0x235C	0xF003ECC4  	CALL        _SPI_Ethernet_getByte, 0
0x2360	0xF2F0C000  	MOVFF       R0, SPI_Ethernet_doTCP_syn_L0
;__Lib_EthEnc28j60.c,1156 :: 		
0x2364	0xF003ECC4  	CALL        _SPI_Ethernet_getByte, 0
0x2368	0xF2F7C000  	MOVFF       R0, SPI_Ethernet_doTCP_ack_L0+3
;__Lib_EthEnc28j60.c,1157 :: 		
0x236C	0xF003ECC4  	CALL        _SPI_Ethernet_getByte, 0
0x2370	0xF2F6C000  	MOVFF       R0, SPI_Ethernet_doTCP_ack_L0+2
;__Lib_EthEnc28j60.c,1158 :: 		
0x2374	0xF003ECC4  	CALL        _SPI_Ethernet_getByte, 0
0x2378	0xF2F5C000  	MOVFF       R0, SPI_Ethernet_doTCP_ack_L0+1
;__Lib_EthEnc28j60.c,1159 :: 		
0x237C	0xF003ECC4  	CALL        _SPI_Ethernet_getByte, 0
0x2380	0xF2F4C000  	MOVFF       R0, SPI_Ethernet_doTCP_ack_L0
;__Lib_EthEnc28j60.c,1161 :: 		
0x2384	0x0E00      	MOVLW       0
0x2386	0x0102      	MOVLB       2
0x2388	0x19E6      	XORWF       SPI_Ethernet_doTCP_tcpFlags_L0+1, 0, 1
0x238A	0xE102      	BNZ         L__SPI_Ethernet_doTCP317
0x238C	0x0E02      	MOVLW       2
0x238E	0x19E5      	XORWF       SPI_Ethernet_doTCP_tcpFlags_L0, 0, 1
L__SPI_Ethernet_doTCP317:
0x2390	0xE13E      	BNZ         L_SPI_Ethernet_doTCP72
;__Lib_EthEnc28j60.c,1164 :: 		
0x2392	0x0E01      	MOVLW       1
0x2394	0x25F0      	ADDWF       SPI_Ethernet_doTCP_syn_L0, 0, 1
0x2396	0x6E00      	MOVWF       R0 
0x2398	0x0E00      	MOVLW       0
0x239A	0x21F1      	ADDWFC      SPI_Ethernet_doTCP_syn_L0+1, 0, 1
0x239C	0x6E01      	MOVWF       R1 
0x239E	0x0E00      	MOVLW       0
0x23A0	0x21F2      	ADDWFC      SPI_Ethernet_doTCP_syn_L0+2, 0, 1
0x23A2	0x6E02      	MOVWF       R2 
0x23A4	0x0E00      	MOVLW       0
0x23A6	0x21F3      	ADDWFC      SPI_Ethernet_doTCP_syn_L0+3, 0, 1
0x23A8	0x6E03      	MOVWF       R3 
0x23AA	0xF2F4C000  	MOVFF       R0, SPI_Ethernet_doTCP_ack_L0
0x23AE	0xF2F5C001  	MOVFF       R1, SPI_Ethernet_doTCP_ack_L0+1
0x23B2	0xF2F6C002  	MOVFF       R2, SPI_Ethernet_doTCP_ack_L0+2
0x23B6	0xF2F7C003  	MOVFF       R3, SPI_Ethernet_doTCP_ack_L0+3
;__Lib_EthEnc28j60.c,1165 :: 		
0x23BA	0x0E12      	MOVLW       18
0x23BC	0x6FE5      	MOVWF       SPI_Ethernet_doTCP_tcpFlags_L0, 1
0x23BE	0x0E00      	MOVLW       0
0x23C0	0x6FE6      	MOVWF       SPI_Ethernet_doTCP_tcpFlags_L0+1, 1
;__Lib_EthEnc28j60.c,1168 :: 		
0x23C2	0x0E0C      	MOVLW       12
0x23C4	0x0103      	MOVLB       3
0x23C6	0x6F2E      	MOVWF       FARG_SPI_Ethernet_readReg_addr, 1
0x23C8	0xF000ECEB  	CALL        _SPI_Ethernet_readReg, 0
0x23CC	0xF2F0C000  	MOVFF       R0, SPI_Ethernet_doTCP_syn_L0
;__Lib_EthEnc28j60.c,1169 :: 		
0x23D0	0x0E0D      	MOVLW       13
0x23D2	0x0103      	MOVLB       3
0x23D4	0x6F2E      	MOVWF       FARG_SPI_Ethernet_readReg_addr, 1
0x23D6	0xF000ECEB  	CALL        _SPI_Ethernet_readReg, 0
0x23DA	0xF2F1C000  	MOVFF       R0, SPI_Ethernet_doTCP_syn_L0+1
;__Lib_EthEnc28j60.c,1170 :: 		
0x23DE	0x0103      	MOVLB       3
0x23E0	0x6B2E      	CLRF        FARG_SPI_Ethernet_readReg_addr, 1
0x23E2	0xF000ECEB  	CALL        _SPI_Ethernet_readReg, 0
0x23E6	0xF2F2C000  	MOVFF       R0, SPI_Ethernet_doTCP_syn_L0+2
;__Lib_EthEnc28j60.c,1171 :: 		
0x23EA	0x0E01      	MOVLW       1
0x23EC	0x0103      	MOVLB       3
0x23EE	0x6F2E      	MOVWF       FARG_SPI_Ethernet_readReg_addr, 1
0x23F0	0xF000ECEB  	CALL        _SPI_Ethernet_readReg, 0
0x23F4	0xF2F3C000  	MOVFF       R0, SPI_Ethernet_doTCP_syn_L0+3
;__Lib_EthEnc28j60.c,1173 :: 		
0x23F8	0x0102      	MOVLB       2
0x23FA	0x2BE9      	INCF        SPI_Ethernet_doTCP_tx_L0, 1, 1
;__Lib_EthEnc28j60.c,1175 :: 		
0x23FC	0x0E18      	MOVLW       24
0x23FE	0x6FE7      	MOVWF       SPI_Ethernet_doTCP_len_L0, 1
0x2400	0x0E00      	MOVLW       0
0x2402	0x6FE8      	MOVWF       SPI_Ethernet_doTCP_len_L0+1, 1
;__Lib_EthEnc28j60.c,1176 :: 		
0x2404	0x6BEC      	CLRF        SPI_Ethernet_doTCP_replen_L0, 1
0x2406	0x6BED      	CLRF        SPI_Ethernet_doTCP_replen_L0+1, 1
;__Lib_EthEnc28j60.c,1178 :: 		
0x2408	0x0100      	MOVLB       0
0x240A	0x6BE0      	CLRF        __Lib_EthEnc28j60_closeTCP, 1
;__Lib_EthEnc28j60.c,1179 :: 		
0x240C	0xD070      	BRA         L_SPI_Ethernet_doTCP73
L_SPI_Ethernet_doTCP72:
;__Lib_EthEnc28j60.c,1180 :: 		
0x240E	0x0E00      	MOVLW       0
0x2410	0x0102      	MOVLB       2
0x2412	0x19E6      	XORWF       SPI_Ethernet_doTCP_tcpFlags_L0+1, 0, 1
0x2414	0xE102      	BNZ         L__SPI_Ethernet_doTCP318
0x2416	0x0E18      	MOVLW       24
0x2418	0x19E5      	XORWF       SPI_Ethernet_doTCP_tcpFlags_L0, 0, 1
L__SPI_Ethernet_doTCP318:
0x241A	0xE12F      	BNZ         L_SPI_Ethernet_doTCP74
;__Lib_EthEnc28j60.c,1185 :: 		
0x241C	0xF2D6C2F0  	MOVFF       SPI_Ethernet_doTCP_syn_L0, SPI_Ethernet_doTCP_s_L1
0x2420	0xF2D7C2F1  	MOVFF       SPI_Ethernet_doTCP_syn_L0+1, SPI_Ethernet_doTCP_s_L1+1
0x2424	0xF2D8C2F2  	MOVFF       SPI_Ethernet_doTCP_syn_L0+2, SPI_Ethernet_doTCP_s_L1+2
0x2428	0xF2D9C2F3  	MOVFF       SPI_Ethernet_doTCP_syn_L0+3, SPI_Ethernet_doTCP_s_L1+3
;__Lib_EthEnc28j60.c,1186 :: 		
0x242C	0xF2F0C2F4  	MOVFF       SPI_Ethernet_doTCP_ack_L0, SPI_Ethernet_doTCP_syn_L0
0x2430	0xF2F1C2F5  	MOVFF       SPI_Ethernet_doTCP_ack_L0+1, SPI_Ethernet_doTCP_syn_L0+1
0x2434	0xF2F2C2F6  	MOVFF       SPI_Ethernet_doTCP_ack_L0+2, SPI_Ethernet_doTCP_syn_L0+2
0x2438	0xF2F3C2F7  	MOVFF       SPI_Ethernet_doTCP_ack_L0+3, SPI_Ethernet_doTCP_syn_L0+3
;__Lib_EthEnc28j60.c,1187 :: 		
0x243C	0x51EA      	MOVF        SPI_Ethernet_doTCP_datalen_L0, 0, 1
0x243E	0x25D6      	ADDWF       SPI_Ethernet_doTCP_s_L1, 0, 1
0x2440	0x6E00      	MOVWF       R0 
0x2442	0x51EB      	MOVF        SPI_Ethernet_doTCP_datalen_L0+1, 0, 1
0x2444	0x21D7      	ADDWFC      SPI_Ethernet_doTCP_s_L1+1, 0, 1
0x2446	0x6E01      	MOVWF       R1 
0x2448	0x0E00      	MOVLW       0
0x244A	0x21D8      	ADDWFC      SPI_Ethernet_doTCP_s_L1+2, 0, 1
0x244C	0x6E02      	MOVWF       R2 
0x244E	0x0E00      	MOVLW       0
0x2450	0x21D9      	ADDWFC      SPI_Ethernet_doTCP_s_L1+3, 0, 1
0x2452	0x6E03      	MOVWF       R3 
0x2454	0xF2F4C000  	MOVFF       R0, SPI_Ethernet_doTCP_ack_L0
0x2458	0xF2F5C001  	MOVFF       R1, SPI_Ethernet_doTCP_ack_L0+1
0x245C	0xF2F6C002  	MOVFF       R2, SPI_Ethernet_doTCP_ack_L0+2
0x2460	0xF2F7C003  	MOVFF       R3, SPI_Ethernet_doTCP_ack_L0+3
;__Lib_EthEnc28j60.c,1189 :: 		
0x2464	0x0E10      	MOVLW       16
0x2466	0x6FE5      	MOVWF       SPI_Ethernet_doTCP_tcpFlags_L0, 1
0x2468	0x0E00      	MOVLW       0
0x246A	0x6FE6      	MOVWF       SPI_Ethernet_doTCP_tcpFlags_L0+1, 1
;__Lib_EthEnc28j60.c,1191 :: 		
0x246C	0x2BE9      	INCF        SPI_Ethernet_doTCP_tx_L0, 1, 1
;__Lib_EthEnc28j60.c,1193 :: 		
0x246E	0x0E14      	MOVLW       20
0x2470	0x6FE7      	MOVWF       SPI_Ethernet_doTCP_len_L0, 1
0x2472	0x0E00      	MOVLW       0
0x2474	0x6FE8      	MOVWF       SPI_Ethernet_doTCP_len_L0+1, 1
;__Lib_EthEnc28j60.c,1194 :: 		
0x2476	0x2BEE      	INCF        SPI_Ethernet_doTCP_transmit_L0, 1, 1
;__Lib_EthEnc28j60.c,1195 :: 		
0x2478	0xD03A      	BRA         L_SPI_Ethernet_doTCP75
L_SPI_Ethernet_doTCP74:
;__Lib_EthEnc28j60.c,1196 :: 		
0x247A	0x0E00      	MOVLW       0
0x247C	0x19E6      	XORWF       SPI_Ethernet_doTCP_tcpFlags_L0+1, 0, 1
0x247E	0xE102      	BNZ         L__SPI_Ethernet_doTCP319
0x2480	0x0E11      	MOVLW       17
0x2482	0x19E5      	XORWF       SPI_Ethernet_doTCP_tcpFlags_L0, 0, 1
L__SPI_Ethernet_doTCP319:
0x2484	0xE134      	BNZ         L_SPI_Ethernet_doTCP76
;__Lib_EthEnc28j60.c,1201 :: 		
0x2486	0xF2DAC2F0  	MOVFF       SPI_Ethernet_doTCP_syn_L0, SPI_Ethernet_doTCP_l_L1
0x248A	0xF2DBC2F1  	MOVFF       SPI_Ethernet_doTCP_syn_L0+1, SPI_Ethernet_doTCP_l_L1+1
0x248E	0xF2DCC2F2  	MOVFF       SPI_Ethernet_doTCP_syn_L0+2, SPI_Ethernet_doTCP_l_L1+2
0x2492	0xF2DDC2F3  	MOVFF       SPI_Ethernet_doTCP_syn_L0+3, SPI_Ethernet_doTCP_l_L1+3
;__Lib_EthEnc28j60.c,1202 :: 		
0x2496	0xF2F0C2F4  	MOVFF       SPI_Ethernet_doTCP_ack_L0, SPI_Ethernet_doTCP_syn_L0
0x249A	0xF2F1C2F5  	MOVFF       SPI_Ethernet_doTCP_ack_L0+1, SPI_Ethernet_doTCP_syn_L0+1
0x249E	0xF2F2C2F6  	MOVFF       SPI_Ethernet_doTCP_ack_L0+2, SPI_Ethernet_doTCP_syn_L0+2
0x24A2	0xF2F3C2F7  	MOVFF       SPI_Ethernet_doTCP_ack_L0+3, SPI_Ethernet_doTCP_syn_L0+3
;__Lib_EthEnc28j60.c,1203 :: 		
0x24A6	0x0E01      	MOVLW       1
0x24A8	0x25DA      	ADDWF       SPI_Ethernet_doTCP_l_L1, 0, 1
0x24AA	0x6E00      	MOVWF       R0 
0x24AC	0x0E00      	MOVLW       0
0x24AE	0x21DB      	ADDWFC      SPI_Ethernet_doTCP_l_L1+1, 0, 1
0x24B0	0x6E01      	MOVWF       R1 
0x24B2	0x0E00      	MOVLW       0
0x24B4	0x21DC      	ADDWFC      SPI_Ethernet_doTCP_l_L1+2, 0, 1
0x24B6	0x6E02      	MOVWF       R2 
0x24B8	0x0E00      	MOVLW       0
0x24BA	0x21DD      	ADDWFC      SPI_Ethernet_doTCP_l_L1+3, 0, 1
0x24BC	0x6E03      	MOVWF       R3 
0x24BE	0xF2F4C000  	MOVFF       R0, SPI_Ethernet_doTCP_ack_L0
0x24C2	0xF2F5C001  	MOVFF       R1, SPI_Ethernet_doTCP_ack_L0+1
0x24C6	0xF2F6C002  	MOVFF       R2, SPI_Ethernet_doTCP_ack_L0+2
0x24CA	0xF2F7C003  	MOVFF       R3, SPI_Ethernet_doTCP_ack_L0+3
;__Lib_EthEnc28j60.c,1204 :: 		
0x24CE	0x0E10      	MOVLW       16
0x24D0	0x6FE5      	MOVWF       SPI_Ethernet_doTCP_tcpFlags_L0, 1
0x24D2	0x0E00      	MOVLW       0
0x24D4	0x6FE6      	MOVWF       SPI_Ethernet_doTCP_tcpFlags_L0+1, 1
;__Lib_EthEnc28j60.c,1206 :: 		
0x24D6	0x2BE9      	INCF        SPI_Ethernet_doTCP_tx_L0, 1, 1
;__Lib_EthEnc28j60.c,1208 :: 		
0x24D8	0x0E14      	MOVLW       20
0x24DA	0x6FE7      	MOVWF       SPI_Ethernet_doTCP_len_L0, 1
0x24DC	0x0E00      	MOVLW       0
0x24DE	0x6FE8      	MOVWF       SPI_Ethernet_doTCP_len_L0+1, 1
;__Lib_EthEnc28j60.c,1209 :: 		
0x24E0	0x6BEC      	CLRF        SPI_Ethernet_doTCP_replen_L0, 1
0x24E2	0x6BED      	CLRF        SPI_Ethernet_doTCP_replen_L0+1, 1
;__Lib_EthEnc28j60.c,1212 :: 		
0x24E4	0x0100      	MOVLB       0
0x24E6	0x53DF      	MOVF        __Lib_EthEnc28j60_waitTcp4FIN, 1, 1
0x24E8	0xE102      	BNZ         L_SPI_Ethernet_doTCP77
;__Lib_EthEnc28j60.c,1213 :: 		
0x24EA	0x2BE0      	INCF        __Lib_EthEnc28j60_closeTCP, 1, 1
;__Lib_EthEnc28j60.c,1214 :: 		
0x24EC	0x6BDF      	CLRF        __Lib_EthEnc28j60_waitTcp4FIN, 1
;__Lib_EthEnc28j60.c,1215 :: 		
L_SPI_Ethernet_doTCP77:
;__Lib_EthEnc28j60.c,1216 :: 		
L_SPI_Ethernet_doTCP76:
L_SPI_Ethernet_doTCP75:
L_SPI_Ethernet_doTCP73:
;__Lib_EthEnc28j60.c,1217 :: 		
0x24EE	0x0102      	MOVLB       2
0x24F0	0x53E9      	MOVF        SPI_Ethernet_doTCP_tx_L0, 1, 1
0x24F2	0xB4D8      	BTFSC       STATUS, 2 
0x24F4	0xD21C      	BRA         L_SPI_Ethernet_doTCP78
;__Lib_EthEnc28j60.c,1222 :: 		
___SPI_Ethernet_doTCP_MORE2SEND:
0x24F6	0x0102      	MOVLB       2
;__Lib_EthEnc28j60.c,1224 :: 		
0x24F8	0x0E04      	MOVLW       4
0x24FA	0x25D4      	ADDWF       FARG_SPI_Ethernet_doTCP_payloadAddr, 0, 1
0x24FC	0x0103      	MOVLB       3
0x24FE	0x6F24      	MOVWF       FARG_SPI_Ethernet_writeMemory_addr, 1
0x2500	0x0E00      	MOVLW       0
0x2502	0x0102      	MOVLB       2
0x2504	0x21D5      	ADDWFC      FARG_SPI_Ethernet_doTCP_payloadAddr+1, 0, 1
0x2506	0x0103      	MOVLB       3
0x2508	0x6F25      	MOVWF       FARG_SPI_Ethernet_writeMemory_addr+1, 1
0x250A	0xF326C2F3  	MOVFF       SPI_Ethernet_doTCP_syn_L0+3, FARG_SPI_Ethernet_writeMemory_v1
0x250E	0xF327C2F2  	MOVFF       SPI_Ethernet_doTCP_syn_L0+2, FARG_SPI_Ethernet_writeMemory_v2
0x2512	0xF002ECF8  	CALL        _SPI_Ethernet_writeMemory, 0
;__Lib_EthEnc28j60.c,1225 :: 		
0x2516	0xF32EC2F1  	MOVFF       SPI_Ethernet_doTCP_syn_L0+1, FARG_SPI_Ethernet_putByte_v
0x251A	0xF001EC03  	CALL        _SPI_Ethernet_putByte, 0
;__Lib_EthEnc28j60.c,1226 :: 		
0x251E	0xF32EC2F0  	MOVFF       SPI_Ethernet_doTCP_syn_L0, FARG_SPI_Ethernet_putByte_v
0x2522	0xF001EC03  	CALL        _SPI_Ethernet_putByte, 0
;__Lib_EthEnc28j60.c,1230 :: 		
0x2526	0xF32EC2F7  	MOVFF       SPI_Ethernet_doTCP_ack_L0+3, FARG_SPI_Ethernet_putByte_v
0x252A	0xF001EC03  	CALL        _SPI_Ethernet_putByte, 0
;__Lib_EthEnc28j60.c,1231 :: 		
0x252E	0xF32EC2F6  	MOVFF       SPI_Ethernet_doTCP_ack_L0+2, FARG_SPI_Ethernet_putByte_v
0x2532	0xF001EC03  	CALL        _SPI_Ethernet_putByte, 0
;__Lib_EthEnc28j60.c,1232 :: 		
0x2536	0xF32EC2F5  	MOVFF       SPI_Ethernet_doTCP_ack_L0+1, FARG_SPI_Ethernet_putByte_v
0x253A	0xF001EC03  	CALL        _SPI_Ethernet_putByte, 0
;__Lib_EthEnc28j60.c,1233 :: 		
0x253E	0xF32EC2F4  	MOVFF       SPI_Ethernet_doTCP_ack_L0, FARG_SPI_Ethernet_putByte_v
0x2542	0xF001EC03  	CALL        _SPI_Ethernet_putByte, 0
;__Lib_EthEnc28j60.c,1236 :: 		
0x2546	0x0E0C      	MOVLW       12
0x2548	0x0102      	MOVLB       2
0x254A	0x25D4      	ADDWF       FARG_SPI_Ethernet_doTCP_payloadAddr, 0, 1
0x254C	0x0103      	MOVLB       3
0x254E	0x6F2E      	MOVWF       FARG_SPI_Ethernet_readMem_addr, 1
0x2550	0x0E00      	MOVLW       0
0x2552	0x0102      	MOVLB       2
0x2554	0x21D5      	ADDWFC      FARG_SPI_Ethernet_doTCP_payloadAddr+1, 0, 1
0x2556	0x0103      	MOVLB       3
0x2558	0x6F2F      	MOVWF       FARG_SPI_Ethernet_readMem_addr+1, 1
0x255A	0xF001EC39  	CALL        _SPI_Ethernet_readMem, 0
0x255E	0x0E0F      	MOVLW       15
0x2560	0x1400      	ANDWF       R0, 0 
0x2562	0x0103      	MOVLB       3
0x2564	0x6F30      	MOVWF       FARG_SPI_Ethernet_writeMem_v1, 1
;__Lib_EthEnc28j60.c,1237 :: 		
0x2566	0xF000C2E7  	MOVFF       SPI_Ethernet_doTCP_len_L0, R0
0x256A	0x3600      	RLCF        R0, 1 
0x256C	0x9000      	BCF         R0, 0 
0x256E	0x3600      	RLCF        R0, 1 
0x2570	0x9000      	BCF         R0, 0 
0x2572	0x5000      	MOVF        R0, 0 
0x2574	0x1330      	IORWF       FARG_SPI_Ethernet_writeMem_v1, 1, 1
;__Lib_EthEnc28j60.c,1238 :: 		
0x2576	0x0E0C      	MOVLW       12
0x2578	0x0102      	MOVLB       2
0x257A	0x25D4      	ADDWF       FARG_SPI_Ethernet_doTCP_payloadAddr, 0, 1
0x257C	0x0103      	MOVLB       3
0x257E	0x6F2E      	MOVWF       FARG_SPI_Ethernet_writeMem_addr, 1
0x2580	0x0E00      	MOVLW       0
0x2582	0x0102      	MOVLB       2
0x2584	0x21D5      	ADDWFC      FARG_SPI_Ethernet_doTCP_payloadAddr+1, 0, 1
0x2586	0x0103      	MOVLB       3
0x2588	0x6F2F      	MOVWF       FARG_SPI_Ethernet_writeMem_addr+1, 1
0x258A	0xF000ECCA  	CALL        _SPI_Ethernet_writeMem, 0
;__Lib_EthEnc28j60.c,1241 :: 		
0x258E	0x0E0D      	MOVLW       13
0x2590	0x0102      	MOVLB       2
0x2592	0x25D4      	ADDWF       FARG_SPI_Ethernet_doTCP_payloadAddr, 0, 1
0x2594	0x0103      	MOVLB       3
0x2596	0x6F2E      	MOVWF       FARG_SPI_Ethernet_readMem_addr, 1
0x2598	0x0E00      	MOVLW       0
0x259A	0x0102      	MOVLB       2
0x259C	0x21D5      	ADDWFC      FARG_SPI_Ethernet_doTCP_payloadAddr+1, 0, 1
0x259E	0x0103      	MOVLB       3
0x25A0	0x6F2F      	MOVWF       FARG_SPI_Ethernet_readMem_addr+1, 1
0x25A2	0xF001EC39  	CALL        _SPI_Ethernet_readMem, 0
0x25A6	0x0EC0      	MOVLW       192
0x25A8	0x1400      	ANDWF       R0, 0 
0x25AA	0x0103      	MOVLB       3
0x25AC	0x6F30      	MOVWF       FARG_SPI_Ethernet_writeMem_v1, 1
;__Lib_EthEnc28j60.c,1242 :: 		
0x25AE	0x0102      	MOVLB       2
0x25B0	0x51E5      	MOVF        SPI_Ethernet_doTCP_tcpFlags_L0, 0, 1
0x25B2	0x0103      	MOVLB       3
0x25B4	0x1330      	IORWF       FARG_SPI_Ethernet_writeMem_v1, 1, 1
;__Lib_EthEnc28j60.c,1243 :: 		
0x25B6	0x0E0D      	MOVLW       13
0x25B8	0x0102      	MOVLB       2
0x25BA	0x25D4      	ADDWF       FARG_SPI_Ethernet_doTCP_payloadAddr, 0, 1
0x25BC	0x0103      	MOVLB       3
0x25BE	0x6F2E      	MOVWF       FARG_SPI_Ethernet_writeMem_addr, 1
0x25C0	0x0E00      	MOVLW       0
0x25C2	0x0102      	MOVLB       2
0x25C4	0x21D5      	ADDWFC      FARG_SPI_Ethernet_doTCP_payloadAddr+1, 0, 1
0x25C6	0x0103      	MOVLB       3
0x25C8	0x6F2F      	MOVWF       FARG_SPI_Ethernet_writeMem_addr+1, 1
0x25CA	0xF000ECCA  	CALL        _SPI_Ethernet_writeMem, 0
;__Lib_EthEnc28j60.c,1246 :: 		
0x25CE	0x0E00      	MOVLW       0
0x25D0	0x0102      	MOVLB       2
0x25D2	0x19E6      	XORWF       SPI_Ethernet_doTCP_tcpFlags_L0+1, 0, 1
0x25D4	0xE102      	BNZ         L__SPI_Ethernet_doTCP320
0x25D6	0x0E12      	MOVLW       18
0x25D8	0x19E5      	XORWF       SPI_Ethernet_doTCP_tcpFlags_L0, 0, 1
L__SPI_Ethernet_doTCP320:
0x25DA	0xE129      	BNZ         L_SPI_Ethernet_doTCP79
;__Lib_EthEnc28j60.c,1248 :: 		
0x25DC	0x0E0E      	MOVLW       14
0x25DE	0x25D4      	ADDWF       FARG_SPI_Ethernet_doTCP_payloadAddr, 0, 1
0x25E0	0x0103      	MOVLB       3
0x25E2	0x6F24      	MOVWF       FARG_SPI_Ethernet_writeMemory_addr, 1
0x25E4	0x0E00      	MOVLW       0
0x25E6	0x0102      	MOVLB       2
0x25E8	0x21D5      	ADDWFC      FARG_SPI_Ethernet_doTCP_payloadAddr+1, 0, 1
0x25EA	0x0103      	MOVLB       3
0x25EC	0x6F25      	MOVWF       FARG_SPI_Ethernet_writeMemory_addr+1, 1
0x25EE	0x0E05      	MOVLW       5
0x25F0	0x6F26      	MOVWF       FARG_SPI_Ethernet_writeMemory_v1, 1
0x25F2	0x0EEE      	MOVLW       238
0x25F4	0x6F27      	MOVWF       FARG_SPI_Ethernet_writeMemory_v2, 1
0x25F6	0xF002ECF8  	CALL        _SPI_Ethernet_writeMemory, 0
;__Lib_EthEnc28j60.c,1252 :: 		
0x25FA	0x0E14      	MOVLW       20
0x25FC	0x0102      	MOVLB       2
0x25FE	0x25D4      	ADDWF       FARG_SPI_Ethernet_doTCP_payloadAddr, 0, 1
0x2600	0x0103      	MOVLB       3
0x2602	0x6F24      	MOVWF       FARG_SPI_Ethernet_writeMemory_addr, 1
0x2604	0x0E00      	MOVLW       0
0x2606	0x0102      	MOVLB       2
0x2608	0x21D5      	ADDWFC      FARG_SPI_Ethernet_doTCP_payloadAddr+1, 0, 1
0x260A	0x0103      	MOVLB       3
0x260C	0x6F25      	MOVWF       FARG_SPI_Ethernet_writeMemory_addr+1, 1
0x260E	0x0E02      	MOVLW       2
0x2610	0x6F26      	MOVWF       FARG_SPI_Ethernet_writeMemory_v1, 1
0x2612	0x0E04      	MOVLW       4
0x2614	0x6F27      	MOVWF       FARG_SPI_Ethernet_writeMemory_v2, 1
0x2616	0xF002ECF8  	CALL        _SPI_Ethernet_writeMemory, 0
;__Lib_EthEnc28j60.c,1253 :: 		
0x261A	0x0E05      	MOVLW       5
0x261C	0x0103      	MOVLB       3
0x261E	0x6F2E      	MOVWF       FARG_SPI_Ethernet_putByte_v, 1
0x2620	0xF001EC03  	CALL        _SPI_Ethernet_putByte, 0
;__Lib_EthEnc28j60.c,1254 :: 		
0x2624	0x0E78      	MOVLW       120
0x2626	0x0103      	MOVLB       3
0x2628	0x6F2E      	MOVWF       FARG_SPI_Ethernet_putByte_v, 1
0x262A	0xF001EC03  	CALL        _SPI_Ethernet_putByte, 0
;__Lib_EthEnc28j60.c,1255 :: 		
L_SPI_Ethernet_doTCP79:
;__Lib_EthEnc28j60.c,1258 :: 		
0x262E	0x0102      	MOVLB       2
0x2630	0x51D2      	MOVF        FARG_SPI_Ethernet_doTCP_ipHeaderLen, 0, 1
0x2632	0x25EC      	ADDWF       SPI_Ethernet_doTCP_replen_L0, 0, 1
0x2634	0x6FEA      	MOVWF       SPI_Ethernet_doTCP_datalen_L0, 1
0x2636	0x51D3      	MOVF        FARG_SPI_Ethernet_doTCP_ipHeaderLen+1, 0, 1
0x2638	0x21ED      	ADDWFC      SPI_Ethernet_doTCP_replen_L0+1, 0, 1
0x263A	0x6FEB      	MOVWF       SPI_Ethernet_doTCP_datalen_L0+1, 1
0x263C	0x51E7      	MOVF        SPI_Ethernet_doTCP_len_L0, 0, 1
0x263E	0x27EA      	ADDWF       SPI_Ethernet_doTCP_datalen_L0, 1, 1
0x2640	0x51E8      	MOVF        SPI_Ethernet_doTCP_len_L0+1, 0, 1
0x2642	0x23EB      	ADDWFC      SPI_Ethernet_doTCP_datalen_L0+1, 1, 1
;__Lib_EthEnc28j60.c,1261 :: 		
0x2644	0x53EF      	MOVF        SPI_Ethernet_doTCP_swap_L0, 1, 1
0x2646	0xE004      	BZ          L_SPI_Ethernet_doTCP80
;__Lib_EthEnc28j60.c,1263 :: 		
0x2648	0xF00BECFC  	CALL        _SPI_Ethernet_MACswap, 0
;__Lib_EthEnc28j60.c,1264 :: 		
0x264C	0xF00CEC55  	CALL        _SPI_Ethernet_IPswap, 0
;__Lib_EthEnc28j60.c,1265 :: 		
L_SPI_Ethernet_doTCP80:
0x2650	0x0103      	MOVLB       3
;__Lib_EthEnc28j60.c,1268 :: 		
0x2652	0x0EBF      	MOVLW       191
0x2654	0x6F24      	MOVWF       FARG_SPI_Ethernet_writeMemory_addr, 1
0x2656	0x0E19      	MOVLW       25
0x2658	0x6F25      	MOVWF       FARG_SPI_Ethernet_writeMemory_addr+1, 1
0x265A	0xF326C2EB  	MOVFF       SPI_Ethernet_doTCP_datalen_L0+1, FARG_SPI_Ethernet_writeMemory_v1
0x265E	0xF327C2EA  	MOVFF       SPI_Ethernet_doTCP_datalen_L0, FARG_SPI_Ethernet_writeMemory_v2
0x2662	0xF002ECF8  	CALL        _SPI_Ethernet_writeMemory, 0
;__Lib_EthEnc28j60.c,1271 :: 		
0x2666	0x0EC7      	MOVLW       199
0x2668	0x0103      	MOVLB       3
0x266A	0x6F24      	MOVWF       FARG_SPI_Ethernet_writeMemory_addr, 1
0x266C	0x0E19      	MOVLW       25
0x266E	0x6F25      	MOVWF       FARG_SPI_Ethernet_writeMemory_addr+1, 1
0x2670	0x6B26      	CLRF        FARG_SPI_Ethernet_writeMemory_v1, 1
0x2672	0x6B27      	CLRF        FARG_SPI_Ethernet_writeMemory_v2, 1
0x2674	0xF002ECF8  	CALL        _SPI_Ethernet_writeMemory, 0
;__Lib_EthEnc28j60.c,1272 :: 		
0x2678	0x0EBD      	MOVLW       189
0x267A	0x0103      	MOVLB       3
0x267C	0x6F24      	MOVWF       FARG_SPI_Ethernet_checksum_start, 1
0x267E	0x0E19      	MOVLW       25
0x2680	0x6F25      	MOVWF       FARG_SPI_Ethernet_checksum_start+1, 1
0x2682	0xF326C2D2  	MOVFF       FARG_SPI_Ethernet_doTCP_ipHeaderLen, FARG_SPI_Ethernet_checksum_l
0x2686	0xF327C2D3  	MOVFF       FARG_SPI_Ethernet_doTCP_ipHeaderLen+1, FARG_SPI_Ethernet_checksum_l+1
0x268A	0xF002ECD0  	CALL        _SPI_Ethernet_checksum, 0
;__Lib_EthEnc28j60.c,1273 :: 		
0x268E	0x0E16      	MOVLW       22
0x2690	0x0103      	MOVLB       3
0x2692	0x6F2E      	MOVWF       FARG_SPI_Ethernet_readReg_addr, 1
0x2694	0xF000ECEB  	CALL        _SPI_Ethernet_readReg, 0
0x2698	0xF2FCC000  	MOVFF       R0, FLOC__SPI_Ethernet_doTCP
0x269C	0x0E17      	MOVLW       23
0x269E	0x0103      	MOVLB       3
0x26A0	0x6F2E      	MOVWF       FARG_SPI_Ethernet_readReg_addr, 1
0x26A2	0xF000ECEB  	CALL        _SPI_Ethernet_readReg, 0
0x26A6	0xF326C000  	MOVFF       R0, FARG_SPI_Ethernet_writeMemory_v1
0x26AA	0x0EC7      	MOVLW       199
0x26AC	0x0103      	MOVLB       3
0x26AE	0x6F24      	MOVWF       FARG_SPI_Ethernet_writeMemory_addr, 1
0x26B0	0x0E19      	MOVLW       25
0x26B2	0x6F25      	MOVWF       FARG_SPI_Ethernet_writeMemory_addr+1, 1
0x26B4	0xF327C2FC  	MOVFF       FLOC__SPI_Ethernet_doTCP, FARG_SPI_Ethernet_writeMemory_v2
0x26B8	0xF002ECF8  	CALL        _SPI_Ethernet_writeMemory, 0
;__Lib_EthEnc28j60.c,1276 :: 		
0x26BC	0x0EBD      	MOVLW       189
0x26BE	0x0102      	MOVLB       2
0x26C0	0x25EA      	ADDWF       SPI_Ethernet_doTCP_datalen_L0, 0, 1
0x26C2	0x6FDF      	MOVWF       SPI_Ethernet_doTCP_packetEndAddr_L1, 1
0x26C4	0x0E19      	MOVLW       25
0x26C6	0x21EB      	ADDWFC      SPI_Ethernet_doTCP_datalen_L0+1, 0, 1
0x26C8	0x6FE0      	MOVWF       SPI_Ethernet_doTCP_packetEndAddr_L1+1, 1
;__Lib_EthEnc28j60.c,1278 :: 		
0x26CA	0x0E10      	MOVLW       16
0x26CC	0x25D4      	ADDWF       FARG_SPI_Ethernet_doTCP_payloadAddr, 0, 1
0x26CE	0x0103      	MOVLB       3
0x26D0	0x6F24      	MOVWF       FARG_SPI_Ethernet_writeMemory_addr, 1
0x26D2	0x0E00      	MOVLW       0
0x26D4	0x0102      	MOVLB       2
0x26D6	0x21D5      	ADDWFC      FARG_SPI_Ethernet_doTCP_payloadAddr+1, 0, 1
0x26D8	0x0103      	MOVLB       3
0x26DA	0x6F25      	MOVWF       FARG_SPI_Ethernet_writeMemory_addr+1, 1
0x26DC	0x6B26      	CLRF        FARG_SPI_Ethernet_writeMemory_v1, 1
0x26DE	0x6B27      	CLRF        FARG_SPI_Ethernet_writeMemory_v2, 1
0x26E0	0xF002ECF8  	CALL        _SPI_Ethernet_writeMemory, 0
;__Lib_EthEnc28j60.c,1281 :: 		
0x26E4	0x0E01      	MOVLW       1
0x26E6	0x0102      	MOVLB       2
0x26E8	0x15EA      	ANDWF       SPI_Ethernet_doTCP_datalen_L0, 0, 1
0x26EA	0x6FDE      	MOVWF       SPI_Ethernet_doTCP_align_L1, 1
;__Lib_EthEnc28j60.c,1282 :: 		
0x26EC	0xF32EC2DF  	MOVFF       SPI_Ethernet_doTCP_packetEndAddr_L1, FARG_SPI_Ethernet_writeMem_addr
0x26F0	0xF32FC2E0  	MOVFF       SPI_Ethernet_doTCP_packetEndAddr_L1+1, FARG_SPI_Ethernet_writeMem_addr+1
0x26F4	0x0103      	MOVLB       3
0x26F6	0x6B30      	CLRF        FARG_SPI_Ethernet_writeMem_v1, 1
0x26F8	0xF000ECCA  	CALL        _SPI_Ethernet_writeMem, 0
;__Lib_EthEnc28j60.c,1285 :: 		
0x26FC	0x0EC9      	MOVLW       201
0x26FE	0x0103      	MOVLB       3
0x2700	0x6F24      	MOVWF       FARG_SPI_Ethernet_RAMcopy_start, 1
0x2702	0x0E19      	MOVLW       25
0x2704	0x6F25      	MOVWF       FARG_SPI_Ethernet_RAMcopy_start+1, 1
0x2706	0x0ED1      	MOVLW       209
0x2708	0x6F26      	MOVWF       FARG_SPI_Ethernet_RAMcopy_stop, 1
0x270A	0x0E19      	MOVLW       25
0x270C	0x6F27      	MOVWF       FARG_SPI_Ethernet_RAMcopy_stop+1, 1
0x270E	0x0102      	MOVLB       2
0x2710	0x51DE      	MOVF        SPI_Ethernet_doTCP_align_L1, 0, 1
0x2712	0x25DF      	ADDWF       SPI_Ethernet_doTCP_packetEndAddr_L1, 0, 1
0x2714	0x0103      	MOVLB       3
0x2716	0x6F28      	MOVWF       FARG_SPI_Ethernet_RAMcopy_dest, 1
0x2718	0x0E00      	MOVLW       0
0x271A	0x0102      	MOVLB       2
0x271C	0x21E0      	ADDWFC      SPI_Ethernet_doTCP_packetEndAddr_L1+1, 0, 1
0x271E	0x0103      	MOVLB       3
0x2720	0x6F29      	MOVWF       FARG_SPI_Ethernet_RAMcopy_dest+1, 1
0x2722	0x6B2A      	CLRF        FARG_SPI_Ethernet_RAMcopy_w, 1
0x2724	0xF003EC03  	CALL        _SPI_Ethernet_RAMcopy, 0
;__Lib_EthEnc28j60.c,1287 :: 		
0x2728	0x0E08      	MOVLW       8
0x272A	0x0102      	MOVLB       2
0x272C	0x25DF      	ADDWF       SPI_Ethernet_doTCP_packetEndAddr_L1, 0, 1
0x272E	0x0103      	MOVLB       3
0x2730	0x6F24      	MOVWF       FARG_SPI_Ethernet_writeMemory_addr, 1
0x2732	0x0E00      	MOVLW       0
0x2734	0x0102      	MOVLB       2
0x2736	0x21E0      	ADDWFC      SPI_Ethernet_doTCP_packetEndAddr_L1+1, 0, 1
0x2738	0x0103      	MOVLB       3
0x273A	0x6F25      	MOVWF       FARG_SPI_Ethernet_writeMemory_addr+1, 1
0x273C	0x0102      	MOVLB       2
0x273E	0x51DE      	MOVF        SPI_Ethernet_doTCP_align_L1, 0, 1
0x2740	0x0103      	MOVLB       3
0x2742	0x2724      	ADDWF       FARG_SPI_Ethernet_writeMemory_addr, 1, 1
0x2744	0x0E00      	MOVLW       0
0x2746	0x2325      	ADDWFC      FARG_SPI_Ethernet_writeMemory_addr+1, 1, 1
0x2748	0x6B26      	CLRF        FARG_SPI_Ethernet_writeMemory_v1, 1
0x274A	0x0E06      	MOVLW       6
0x274C	0x6F27      	MOVWF       FARG_SPI_Ethernet_writeMemory_v2, 1
0x274E	0xF002ECF8  	CALL        _SPI_Ethernet_writeMemory, 0
;__Lib_EthEnc28j60.c,1289 :: 		
0x2752	0x0E0A      	MOVLW       10
0x2754	0x0102      	MOVLB       2
0x2756	0x25DF      	ADDWF       SPI_Ethernet_doTCP_packetEndAddr_L1, 0, 1
0x2758	0x0103      	MOVLB       3
0x275A	0x6F24      	MOVWF       FARG_SPI_Ethernet_writeMemory_addr, 1
0x275C	0x0E00      	MOVLW       0
0x275E	0x0102      	MOVLB       2
0x2760	0x21E0      	ADDWFC      SPI_Ethernet_doTCP_packetEndAddr_L1+1, 0, 1
0x2762	0x0103      	MOVLB       3
0x2764	0x6F25      	MOVWF       FARG_SPI_Ethernet_writeMemory_addr+1, 1
0x2766	0x0102      	MOVLB       2
0x2768	0x51DE      	MOVF        SPI_Ethernet_doTCP_align_L1, 0, 1
0x276A	0x0103      	MOVLB       3
0x276C	0x2724      	ADDWF       FARG_SPI_Ethernet_writeMemory_addr, 1, 1
0x276E	0x0E00      	MOVLW       0
0x2770	0x2325      	ADDWFC      FARG_SPI_Ethernet_writeMemory_addr+1, 1, 1
0x2772	0x0102      	MOVLB       2
0x2774	0x51EC      	MOVF        SPI_Ethernet_doTCP_replen_L0, 0, 1
0x2776	0x25E7      	ADDWF       SPI_Ethernet_doTCP_len_L0, 0, 1
0x2778	0x6E03      	MOVWF       R3 
0x277A	0x51ED      	MOVF        SPI_Ethernet_doTCP_replen_L0+1, 0, 1
0x277C	0x21E8      	ADDWFC      SPI_Ethernet_doTCP_len_L0+1, 0, 1
0x277E	0x6E04      	MOVWF       R4 
0x2780	0xF000C004  	MOVFF       R4, R0
0x2784	0x6A01      	CLRF        R1 
0x2786	0xF326C000  	MOVFF       R0, FARG_SPI_Ethernet_writeMemory_v1
0x278A	0xF327C003  	MOVFF       R3, FARG_SPI_Ethernet_writeMemory_v2
0x278E	0xF002ECF8  	CALL        _SPI_Ethernet_writeMemory, 0
;__Lib_EthEnc28j60.c,1292 :: 		
0x2792	0xF324C2D4  	MOVFF       FARG_SPI_Ethernet_doTCP_payloadAddr, FARG_SPI_Ethernet_checksum_start
0x2796	0xF325C2D5  	MOVFF       FARG_SPI_Ethernet_doTCP_payloadAddr+1, FARG_SPI_Ethernet_checksum_start+1
0x279A	0x0102      	MOVLB       2
0x279C	0x51EC      	MOVF        SPI_Ethernet_doTCP_replen_L0, 0, 1
0x279E	0x25E7      	ADDWF       SPI_Ethernet_doTCP_len_L0, 0, 1
0x27A0	0x0103      	MOVLB       3
0x27A2	0x6F26      	MOVWF       FARG_SPI_Ethernet_checksum_l, 1
0x27A4	0x0102      	MOVLB       2
0x27A6	0x51ED      	MOVF        SPI_Ethernet_doTCP_replen_L0+1, 0, 1
0x27A8	0x21E8      	ADDWFC      SPI_Ethernet_doTCP_len_L0+1, 0, 1
0x27AA	0x0103      	MOVLB       3
0x27AC	0x6F27      	MOVWF       FARG_SPI_Ethernet_checksum_l+1, 1
0x27AE	0x0E0C      	MOVLW       12
0x27B0	0x2726      	ADDWF       FARG_SPI_Ethernet_checksum_l, 1, 1
0x27B2	0x0E00      	MOVLW       0
0x27B4	0x2327      	ADDWFC      FARG_SPI_Ethernet_checksum_l+1, 1, 1
0x27B6	0x0102      	MOVLB       2
0x27B8	0x51DE      	MOVF        SPI_Ethernet_doTCP_align_L1, 0, 1
0x27BA	0x0103      	MOVLB       3
0x27BC	0x2726      	ADDWF       FARG_SPI_Ethernet_checksum_l, 1, 1
0x27BE	0x0E00      	MOVLW       0
0x27C0	0x2327      	ADDWFC      FARG_SPI_Ethernet_checksum_l+1, 1, 1
0x27C2	0xF002ECD0  	CALL        _SPI_Ethernet_checksum, 0
;__Lib_EthEnc28j60.c,1293 :: 		
0x27C6	0x0E16      	MOVLW       22
0x27C8	0x0103      	MOVLB       3
0x27CA	0x6F2E      	MOVWF       FARG_SPI_Ethernet_readReg_addr, 1
0x27CC	0xF000ECEB  	CALL        _SPI_Ethernet_readReg, 0
0x27D0	0xF2FCC000  	MOVFF       R0, FLOC__SPI_Ethernet_doTCP
0x27D4	0x0E17      	MOVLW       23
0x27D6	0x0103      	MOVLB       3
0x27D8	0x6F2E      	MOVWF       FARG_SPI_Ethernet_readReg_addr, 1
0x27DA	0xF000ECEB  	CALL        _SPI_Ethernet_readReg, 0
0x27DE	0xF326C000  	MOVFF       R0, FARG_SPI_Ethernet_writeMemory_v1
0x27E2	0x0E10      	MOVLW       16
0x27E4	0x0102      	MOVLB       2
0x27E6	0x25D4      	ADDWF       FARG_SPI_Ethernet_doTCP_payloadAddr, 0, 1
0x27E8	0x0103      	MOVLB       3
0x27EA	0x6F24      	MOVWF       FARG_SPI_Ethernet_writeMemory_addr, 1
0x27EC	0x0E00      	MOVLW       0
0x27EE	0x0102      	MOVLB       2
0x27F0	0x21D5      	ADDWFC      FARG_SPI_Ethernet_doTCP_payloadAddr+1, 0, 1
0x27F2	0x0103      	MOVLB       3
0x27F4	0x6F25      	MOVWF       FARG_SPI_Ethernet_writeMemory_addr+1, 1
0x27F6	0xF327C2FC  	MOVFF       FLOC__SPI_Ethernet_doTCP, FARG_SPI_Ethernet_writeMemory_v2
0x27FA	0xF002ECF8  	CALL        _SPI_Ethernet_writeMemory, 0
;__Lib_EthEnc28j60.c,1295 :: 		
0x27FE	0x0E0E      	MOVLW       14
0x2800	0x0102      	MOVLB       2
0x2802	0x25EA      	ADDWF       SPI_Ethernet_doTCP_datalen_L0, 0, 1
0x2804	0x0103      	MOVLB       3
0x2806	0x6F24      	MOVWF       FARG_SPI_Ethernet_TXpacket_l, 1
0x2808	0x0E00      	MOVLW       0
0x280A	0x0102      	MOVLB       2
0x280C	0x21EB      	ADDWFC      SPI_Ethernet_doTCP_datalen_L0+1, 0, 1
0x280E	0x0103      	MOVLB       3
0x2810	0x6F25      	MOVWF       FARG_SPI_Ethernet_TXpacket_l+1, 1
0x2812	0xF001ECFB  	CALL        _SPI_Ethernet_TXpacket, 0
;__Lib_EthEnc28j60.c,1297 :: 		
0x2816	0x0102      	MOVLB       2
0x2818	0x53EE      	MOVF        SPI_Ethernet_doTCP_transmit_L0, 1, 1
0x281A	0xE05F      	BZ          L_SPI_Ethernet_doTCP81
;__Lib_EthEnc28j60.c,1299 :: 		
0x281C	0x0E10      	MOVLW       16
0x281E	0x6FE5      	MOVWF       SPI_Ethernet_doTCP_tcpFlags_L0, 1
0x2820	0x0E00      	MOVLW       0
0x2822	0x6FE6      	MOVWF       SPI_Ethernet_doTCP_tcpFlags_L0+1, 1
;__Lib_EthEnc28j60.c,1301 :: 		
0x2824	0x6BEE      	CLRF        SPI_Ethernet_doTCP_transmit_L0, 1
;__Lib_EthEnc28j60.c,1305 :: 		
0x2826	0x6BEF      	CLRF        SPI_Ethernet_doTCP_swap_L0, 1
;__Lib_EthEnc28j60.c,1308 :: 		
0x2828	0x0E02      	MOVLW       2
0x282A	0x0103      	MOVLB       3
0x282C	0x6F31      	MOVWF       FARG_SPI_Ethernet_writeAddr_addr, 1
0x282E	0x0102      	MOVLB       2
0x2830	0x51E7      	MOVF        SPI_Ethernet_doTCP_len_L0, 0, 1
0x2832	0x25D4      	ADDWF       FARG_SPI_Ethernet_doTCP_payloadAddr, 0, 1
0x2834	0x0103      	MOVLB       3
0x2836	0x6F32      	MOVWF       FARG_SPI_Ethernet_writeAddr_v, 1
0x2838	0x0102      	MOVLB       2
0x283A	0x51E8      	MOVF        SPI_Ethernet_doTCP_len_L0+1, 0, 1
0x283C	0x21D5      	ADDWFC      FARG_SPI_Ethernet_doTCP_payloadAddr+1, 0, 1
0x283E	0x0103      	MOVLB       3
0x2840	0x6F33      	MOVWF       FARG_SPI_Ethernet_writeAddr_v+1, 1
0x2842	0xF000ECA2  	CALL        _SPI_Ethernet_writeAddr, 0
;__Lib_EthEnc28j60.c,1311 :: 		
0x2846	0x0E0E      	MOVLW       14
0x2848	0x0102      	MOVLB       2
0x284A	0x25D0      	ADDWF       FARG_SPI_Ethernet_doTCP_start, 0, 1
0x284C	0x6FFD      	MOVWF       FARG_SPI_Ethernet_setRxReadAddress_addr, 1
0x284E	0x0E00      	MOVLW       0
0x2850	0x21D1      	ADDWFC      FARG_SPI_Ethernet_doTCP_start+1, 0, 1
0x2852	0x6FFE      	MOVWF       FARG_SPI_Ethernet_setRxReadAddress_addr+1, 1
0x2854	0x51D2      	MOVF        FARG_SPI_Ethernet_doTCP_ipHeaderLen, 0, 1
0x2856	0x27FD      	ADDWF       FARG_SPI_Ethernet_setRxReadAddress_addr, 1, 1
0x2858	0x51D3      	MOVF        FARG_SPI_Ethernet_doTCP_ipHeaderLen+1, 0, 1
0x285A	0x23FE      	ADDWFC      FARG_SPI_Ethernet_setRxReadAddress_addr+1, 1, 1
0x285C	0x51E7      	MOVF        SPI_Ethernet_doTCP_len_L0, 0, 1
0x285E	0x27FD      	ADDWF       FARG_SPI_Ethernet_setRxReadAddress_addr, 1, 1
0x2860	0x51E8      	MOVF        SPI_Ethernet_doTCP_len_L0+1, 0, 1
0x2862	0x23FE      	ADDWFC      FARG_SPI_Ethernet_setRxReadAddress_addr+1, 1, 1
0x2864	0xF009ECB9  	CALL        _SPI_Ethernet_setRxReadAddress, 0
;__Lib_EthEnc28j60.c,1313 :: 		
0x2868	0x0100      	MOVLB       0
0x286A	0x2BE0      	INCF        __Lib_EthEnc28j60_closeTCP, 1, 1
;__Lib_EthEnc28j60.c,1316 :: 		
0x286C	0x0EF8      	MOVLW       SPI_Ethernet_doTCP_remoteIpAddr_L0
0x286E	0x0102      	MOVLB       2
0x2870	0x6FFD      	MOVWF       FARG_SPI_Ethernet_UserTCP_remoteHost, 1
0x2872	0x0E02      	MOVLW       hi_addr(SPI_Ethernet_doTCP_remoteIpAddr_L0)
0x2874	0x6FFE      	MOVWF       FARG_SPI_Ethernet_UserTCP_remoteHost+1, 1
0x2876	0xF2FFC2E3  	MOVFF       SPI_Ethernet_doTCP_remotePort_L0, FARG_SPI_Ethernet_UserTCP_remotePort
0x287A	0xF300C2E4  	MOVFF       SPI_Ethernet_doTCP_remotePort_L0+1, FARG_SPI_Ethernet_UserTCP_remotePort+1
0x287E	0xF301C2E1  	MOVFF       SPI_Ethernet_doTCP_port_L0, FARG_SPI_Ethernet_UserTCP_localPort
0x2882	0xF302C2E2  	MOVFF       SPI_Ethernet_doTCP_port_L0+1, FARG_SPI_Ethernet_UserTCP_localPort+1
0x2886	0x0E0E      	MOVLW       14
0x2888	0x0101      	MOVLB       1
0x288A	0x5D53      	SUBWF       _SPI_Ethernet_pktLen, 0, 1
0x288C	0x0103      	MOVLB       3
0x288E	0x6F03      	MOVWF       FARG_SPI_Ethernet_UserTCP_reqLength, 1
0x2890	0x0E00      	MOVLW       0
0x2892	0x0101      	MOVLB       1
0x2894	0x5954      	SUBWFB      _SPI_Ethernet_pktLen+1, 0, 1
0x2896	0x0103      	MOVLB       3
0x2898	0x6F04      	MOVWF       FARG_SPI_Ethernet_UserTCP_reqLength+1, 1
0x289A	0x0102      	MOVLB       2
0x289C	0x51D2      	MOVF        FARG_SPI_Ethernet_doTCP_ipHeaderLen, 0, 1
0x289E	0x0103      	MOVLB       3
0x28A0	0x5F03      	SUBWF       FARG_SPI_Ethernet_UserTCP_reqLength, 1, 1
0x28A2	0x0102      	MOVLB       2
0x28A4	0x51D3      	MOVF        FARG_SPI_Ethernet_doTCP_ipHeaderLen+1, 0, 1
0x28A6	0x0103      	MOVLB       3
0x28A8	0x5B04      	SUBWFB      FARG_SPI_Ethernet_UserTCP_reqLength+1, 1, 1
0x28AA	0x0102      	MOVLB       2
0x28AC	0x51E7      	MOVF        SPI_Ethernet_doTCP_len_L0, 0, 1
0x28AE	0x0103      	MOVLB       3
0x28B0	0x5F03      	SUBWF       FARG_SPI_Ethernet_UserTCP_reqLength, 1, 1
0x28B2	0x0102      	MOVLB       2
0x28B4	0x51E8      	MOVF        SPI_Ethernet_doTCP_len_L0+1, 0, 1
0x28B6	0x0103      	MOVLB       3
0x28B8	0x5B04      	SUBWFB      FARG_SPI_Ethernet_UserTCP_reqLength+1, 1, 1
0x28BA	0x0E4A      	MOVLW       __Lib_EthEnc28j60_flags
0x28BC	0x6F05      	MOVWF       FARG_SPI_Ethernet_UserTCP_canCloseTCP, 1
0x28BE	0x0E01      	MOVLW       hi_addr(__Lib_EthEnc28j60_flags)
0x28C0	0x6F06      	MOVWF       FARG_SPI_Ethernet_UserTCP_canCloseTCP+1, 1
0x28C2	0xF00CEC74  	CALL        _SPI_Ethernet_UserTCP, 0
0x28C6	0xF2ECC000  	MOVFF       R0, SPI_Ethernet_doTCP_replen_L0
0x28CA	0xF2EDC001  	MOVFF       R1, SPI_Ethernet_doTCP_replen_L0+1
;__Lib_EthEnc28j60.c,1318 :: 		
0x28CE	0x0101      	MOVLB       1
0x28D0	0xB14A      	BTFSC       __Lib_EthEnc28j60_flags, 0, 1
0x28D2	0xD002      	BRA         L_SPI_Ethernet_doTCP82
;__Lib_EthEnc28j60.c,1319 :: 		
0x28D4	0x0100      	MOVLB       0
0x28D6	0x6BE0      	CLRF        __Lib_EthEnc28j60_closeTCP, 1
L_SPI_Ethernet_doTCP82:
;__Lib_EthEnc28j60.c,1321 :: 		
0x28D8	0xD60E      	BRA         ___SPI_Ethernet_doTCP_MORE2SEND
;__Lib_EthEnc28j60.c,1322 :: 		
L_SPI_Ethernet_doTCP81:
0x28DA	0x0100      	MOVLB       0
;__Lib_EthEnc28j60.c,1323 :: 		
0x28DC	0x53E0      	MOVF        __Lib_EthEnc28j60_closeTCP, 1, 1
0x28DE	0xE027      	BZ          L_SPI_Ethernet_doTCP83
;__Lib_EthEnc28j60.c,1325 :: 		
0x28E0	0x0102      	MOVLB       2
0x28E2	0x51EC      	MOVF        SPI_Ethernet_doTCP_replen_L0, 0, 1
0x28E4	0x25F0      	ADDWF       SPI_Ethernet_doTCP_syn_L0, 0, 1
0x28E6	0x6E00      	MOVWF       R0 
0x28E8	0x51ED      	MOVF        SPI_Ethernet_doTCP_replen_L0+1, 0, 1
0x28EA	0x21F1      	ADDWFC      SPI_Ethernet_doTCP_syn_L0+1, 0, 1
0x28EC	0x6E01      	MOVWF       R1 
0x28EE	0x0E00      	MOVLW       0
0x28F0	0x21F2      	ADDWFC      SPI_Ethernet_doTCP_syn_L0+2, 0, 1
0x28F2	0x6E02      	MOVWF       R2 
0x28F4	0x0E00      	MOVLW       0
0x28F6	0x21F3      	ADDWFC      SPI_Ethernet_doTCP_syn_L0+3, 0, 1
0x28F8	0x6E03      	MOVWF       R3 
0x28FA	0xF2F0C000  	MOVFF       R0, SPI_Ethernet_doTCP_syn_L0
0x28FE	0xF2F1C001  	MOVFF       R1, SPI_Ethernet_doTCP_syn_L0+1
0x2902	0xF2F2C002  	MOVFF       R2, SPI_Ethernet_doTCP_syn_L0+2
0x2906	0xF2F3C003  	MOVFF       R3, SPI_Ethernet_doTCP_syn_L0+3
;__Lib_EthEnc28j60.c,1326 :: 		
0x290A	0x0E11      	MOVLW       17
0x290C	0x6FE5      	MOVWF       SPI_Ethernet_doTCP_tcpFlags_L0, 1
0x290E	0x0E00      	MOVLW       0
0x2910	0x6FE6      	MOVWF       SPI_Ethernet_doTCP_tcpFlags_L0+1, 1
;__Lib_EthEnc28j60.c,1328 :: 		
0x2912	0x0100      	MOVLB       0
0x2914	0x6BE0      	CLRF        __Lib_EthEnc28j60_closeTCP, 1
;__Lib_EthEnc28j60.c,1329 :: 		
0x2916	0x0102      	MOVLB       2
0x2918	0x6BEF      	CLRF        SPI_Ethernet_doTCP_swap_L0, 1
;__Lib_EthEnc28j60.c,1331 :: 		
0x291A	0x0E14      	MOVLW       20
0x291C	0x6FE7      	MOVWF       SPI_Ethernet_doTCP_len_L0, 1
0x291E	0x0E00      	MOVLW       0
0x2920	0x6FE8      	MOVWF       SPI_Ethernet_doTCP_len_L0+1, 1
;__Lib_EthEnc28j60.c,1332 :: 		
0x2922	0x6BEC      	CLRF        SPI_Ethernet_doTCP_replen_L0, 1
0x2924	0x6BED      	CLRF        SPI_Ethernet_doTCP_replen_L0+1, 1
;__Lib_EthEnc28j60.c,1334 :: 		
0x2926	0x0E01      	MOVLW       1
0x2928	0x0100      	MOVLB       0
0x292A	0x6FDF      	MOVWF       __Lib_EthEnc28j60_waitTcp4FIN, 1
;__Lib_EthEnc28j60.c,1336 :: 		
0x292C	0xD5E4      	BRA         ___SPI_Ethernet_doTCP_MORE2SEND
;__Lib_EthEnc28j60.c,1337 :: 		
L_SPI_Ethernet_doTCP83:
;__Lib_EthEnc28j60.c,1338 :: 		
L_SPI_Ethernet_doTCP78:
;__Lib_EthEnc28j60.c,1339 :: 		
L_end_SPI_Ethernet_doTCP:
0x292E	0x0012      	RETURN      0
; end of _SPI_Ethernet_doTCP
_UART1_Init:
;__Lib_UART_c67.c,15 :: 		
;__Lib_UART_c67.c,18 :: 		
0x2930	0x0EFF      	MOVLW       _UART1_Write
0x2932	0x0101      	MOVLB       1
0x2934	0x6F37      	MOVWF       _UART_Wr_Ptr, 1
0x2936	0x0EFF      	MOVLW       hi_addr(_UART1_Write)
0x2938	0x6F38      	MOVWF       _UART_Wr_Ptr+1, 1
0x293A	0x0EFF      	MOVLW       FARG_UART1_Write_data_
0x293C	0x6F39      	MOVWF       _UART_Wr_Ptr+2, 1
0x293E	0x0EFF      	MOVLW       hi_addr(FARG_UART1_Write_data_)
0x2940	0x6F3A      	MOVWF       _UART_Wr_Ptr+3, 1
;__Lib_UART_c67.c,19 :: 		
0x2942	0x0EFF      	MOVLW       _UART1_Read
0x2944	0x6F3E      	MOVWF       _UART_Rd_Ptr, 1
0x2946	0x0EFF      	MOVLW       hi_addr(_UART1_Read)
0x2948	0x6F3F      	MOVWF       _UART_Rd_Ptr+1, 1
0x294A	0x0E00      	MOVLW       0
0x294C	0x6F40      	MOVWF       _UART_Rd_Ptr+2, 1
0x294E	0x0E00      	MOVLW       0
0x2950	0x6F41      	MOVWF       _UART_Rd_Ptr+3, 1
;__Lib_UART_c67.c,20 :: 		
0x2952	0x0EFF      	MOVLW       _UART1_Data_Ready
0x2954	0x6F42      	MOVWF       _UART_Rdy_Ptr, 1
0x2956	0x0EFF      	MOVLW       hi_addr(_UART1_Data_Ready)
0x2958	0x6F43      	MOVWF       _UART_Rdy_Ptr+1, 1
0x295A	0x0E00      	MOVLW       0
0x295C	0x6F44      	MOVWF       _UART_Rdy_Ptr+2, 1
0x295E	0x0E00      	MOVLW       0
0x2960	0x6F45      	MOVWF       _UART_Rdy_Ptr+3, 1
;__Lib_UART_c67.c,21 :: 		
0x2962	0x0EFF      	MOVLW       _UART1_Tx_Idle
0x2964	0x6F46      	MOVWF       _UART_Tx_Idle_Ptr, 1
0x2966	0x0EFF      	MOVLW       hi_addr(_UART1_Tx_Idle)
0x2968	0x6F47      	MOVWF       _UART_Tx_Idle_Ptr+1, 1
0x296A	0x0E00      	MOVLW       0
0x296C	0x6F48      	MOVWF       _UART_Tx_Idle_Ptr+2, 1
0x296E	0x0E00      	MOVLW       0
0x2970	0x6F49      	MOVWF       _UART_Tx_Idle_Ptr+3, 1
;__Lib_UART_c67.c,23 :: 		
0x2972	0x8AAC      	BSF         TXSTA, 5 
;__Lib_UART_c67.c,24 :: 		
0x2974	0x0E90      	MOVLW       144
0x2976	0x6EAB      	MOVWF       RCSTA 
;__Lib_UART_c67.c,25 :: 		
0x2978	0x8E94      	BSF         TRISC7_bit, BitPos(TRISC7_bit+0) 
;__Lib_UART_c67.c,26 :: 		
0x297A	0x9C94      	BCF         TRISC6_bit, BitPos(TRISC6_bit+0) 
;__Lib_UART_c67.c,28 :: 		
L_UART1_Init0:
0x297C	0xAA9E      	BTFSS       PIR1, 5 
0x297E	0xD003      	BRA         L_UART1_Init1
;__Lib_UART_c67.c,29 :: 		
0x2980	0xF000CFAE  	MOVFF       RCREG, R0
0x2984	0xD7FB      	BRA         L_UART1_Init0
L_UART1_Init1:
;__Lib_UART_c67.c,30 :: 		
L_end_UART1_Init:
0x2986	0x0012      	RETURN      0
; end of _UART1_Init
_SPI1_Init_Advanced:
;__Lib_SPI_c345.c,40 :: 		
;__Lib_SPI_c345.c,41 :: 		
0x2988	0x0E1A      	MOVLW       _SPI1_Read
0x298A	0x0101      	MOVLB       1
0x298C	0x6F04      	MOVWF       _SPI_Rd_Ptr, 1
0x298E	0x0E01      	MOVLW       hi_addr(_SPI1_Read)
0x2990	0x6F05      	MOVWF       _SPI_Rd_Ptr+1, 1
0x2992	0x0E34      	MOVLW       FARG_SPI1_Read_buffer
0x2994	0x6F06      	MOVWF       _SPI_Rd_Ptr+2, 1
0x2996	0x0E03      	MOVLW       hi_addr(FARG_SPI1_Read_buffer)
0x2998	0x6F07      	MOVWF       _SPI_Rd_Ptr+3, 1
;__Lib_SPI_c345.c,42 :: 		
0x299A	0x0EFF      	MOVLW       _SPI1_Write
0x299C	0x6F2B      	MOVWF       _SPI_Wr_Ptr, 1
0x299E	0x0EFF      	MOVLW       hi_addr(_SPI1_Write)
0x29A0	0x6F2C      	MOVWF       _SPI_Wr_Ptr+1, 1
0x29A2	0x0EFF      	MOVLW       FARG_SPI1_Write_data_
0x29A4	0x6F2D      	MOVWF       _SPI_Wr_Ptr+2, 1
0x29A6	0x0EFF      	MOVLW       hi_addr(FARG_SPI1_Write_data_)
0x29A8	0x6F2E      	MOVWF       _SPI_Wr_Ptr+3, 1
;__Lib_SPI_c345.c,44 :: 		
0x29AA	0x9A94      	BCF         TRISC5_bit, BitPos(TRISC5_bit+0) 
;__Lib_SPI_c345.c,45 :: 		
0x29AC	0x0102      	MOVLB       2
0x29AE	0x51C4      	MOVF        FARG_SPI1_Init_Advanced_master, 0, 1
0x29B0	0x0A04      	XORLW       4
0x29B2	0xE102      	BNZ         L_SPI1_Init_Advanced0
0x29B4	0x8694      	BSF         TRISC3_bit, BitPos(TRISC3_bit+0) 
0x29B6	0xD001      	BRA         L_SPI1_Init_Advanced1
L_SPI1_Init_Advanced0:
;__Lib_SPI_c345.c,46 :: 		
0x29B8	0x9694      	BCF         TRISC3_bit, BitPos(TRISC3_bit+0) 
L_SPI1_Init_Advanced1:
;__Lib_SPI_c345.c,47 :: 		
0x29BA	0x8894      	BSF         TRISC4_bit, BitPos(TRISC4_bit+0) 
;__Lib_SPI_c345.c,49 :: 		
0x29BC	0x6AC6      	CLRF        SSPCON1 
;__Lib_SPI_c345.c,50 :: 		
0x29BE	0x51C4      	MOVF        FARG_SPI1_Init_Advanced_master, 0, 1
0x29C0	0x12C6      	IORWF       SSPCON1, 1 
;__Lib_SPI_c345.c,51 :: 		
0x29C2	0x51C6      	MOVF        FARG_SPI1_Init_Advanced_clock_idle, 0, 1
0x29C4	0x12C6      	IORWF       SSPCON1, 1 
;__Lib_SPI_c345.c,52 :: 		
0x29C6	0x51C5      	MOVF        FARG_SPI1_Init_Advanced_data_sample, 0, 1
0x29C8	0x12C7      	IORWF       SSPSTAT, 1 
;__Lib_SPI_c345.c,54 :: 		
0x29CA	0x53C6      	MOVF        FARG_SPI1_Init_Advanced_clock_idle, 1, 1
0x29CC	0xE005      	BZ          L_SPI1_Init_Advanced2
;__Lib_SPI_c345.c,55 :: 		
0x29CE	0x51C7      	MOVF        FARG_SPI1_Init_Advanced_transmit_edge, 0, 1
0x29D0	0x0A00      	XORLW       0
0x29D2	0xE101      	BNZ         L_SPI1_Init_Advanced3
;__Lib_SPI_c345.c,56 :: 		
0x29D4	0x8CC7      	BSF         SSPSTAT, 6 
L_SPI1_Init_Advanced3:
;__Lib_SPI_c345.c,57 :: 		
0x29D6	0xD003      	BRA         L_SPI1_Init_Advanced4
L_SPI1_Init_Advanced2:
;__Lib_SPI_c345.c,59 :: 		
0x29D8	0x53C7      	MOVF        FARG_SPI1_Init_Advanced_transmit_edge, 1, 1
0x29DA	0xE001      	BZ          L_SPI1_Init_Advanced5
;__Lib_SPI_c345.c,60 :: 		
0x29DC	0x8CC7      	BSF         SSPSTAT, 6 
L_SPI1_Init_Advanced5:
;__Lib_SPI_c345.c,61 :: 		
L_SPI1_Init_Advanced4:
;__Lib_SPI_c345.c,62 :: 		
0x29DE	0x8AC6      	BSF         SSPCON1, 5 
;__Lib_SPI_c345.c,63 :: 		
L_end_SPI1_Init_Advanced:
0x29E0	0x0012      	RETURN      0
; end of _SPI1_Init_Advanced
_SPI_Ethernet_Init:
;__Lib_EthEnc28j60.c,271 :: 		
;__Lib_EthEnc28j60.c,274 :: 		
0x29E2	0x9292      	BCF         SPI_Ethernet_Rst_Direction, BitPos(SPI_Ethernet_Rst_Direction+0) 
;__Lib_EthEnc28j60.c,275 :: 		
0x29E4	0x8280      	BSF         SPI_Ethernet_Rst, BitPos(SPI_Ethernet_Rst+0) 
;__Lib_EthEnc28j60.c,277 :: 		
0x29E6	0x9092      	BCF         SPI_Ethernet_CS_Direction, BitPos(SPI_Ethernet_CS_Direction+0) 
;__Lib_EthEnc28j60.c,278 :: 		
0x29E8	0x8080      	BSF         SPI_Ethernet_CS, BitPos(SPI_Ethernet_CS+0) 
;__Lib_EthEnc28j60.c,280 :: 		
0x29EA	0xF007EC02  	CALL        _SPI_Ethernet_delay, 0
;__Lib_EthEnc28j60.c,282 :: 		
0x29EE	0x8280      	BSF         SPI_Ethernet_Rst, BitPos(SPI_Ethernet_Rst+0) 
;__Lib_EthEnc28j60.c,283 :: 		
0x29F0	0xF007EC02  	CALL        _SPI_Ethernet_delay, 0
;__Lib_EthEnc28j60.c,284 :: 		
0x29F4	0x9280      	BCF         SPI_Ethernet_Rst, BitPos(SPI_Ethernet_Rst+0) 
;__Lib_EthEnc28j60.c,285 :: 		
0x29F6	0xF007EC02  	CALL        _SPI_Ethernet_delay, 0
;__Lib_EthEnc28j60.c,286 :: 		
0x29FA	0x8280      	BSF         SPI_Ethernet_Rst, BitPos(SPI_Ethernet_Rst+0) 
;__Lib_EthEnc28j60.c,287 :: 		
0x29FC	0xF007EC02  	CALL        _SPI_Ethernet_delay, 0
;__Lib_EthEnc28j60.c,289 :: 		
0x2A00	0x9080      	BCF         SPI_Ethernet_CS, BitPos(SPI_Ethernet_CS+0) 
;__Lib_EthEnc28j60.c,290 :: 		
0x2A02	0xFFE1C106  	MOVFF       _SPI_Rd_Ptr+2, FSR1L
0x2A06	0xFFE2C107  	MOVFF       _SPI_Rd_Ptr+3, FSR1H
0x2A0A	0x0EFF      	MOVLW       255
0x2A0C	0x6EE6      	MOVWF       POSTINC1 
0x2A0E	0xF000C104  	MOVFF       _SPI_Rd_Ptr, R0
0x2A12	0xF001C105  	MOVFF       _SPI_Rd_Ptr+1, R1
0x2A16	0xF000EC96  	CALL        _____DoIFC, 0
;__Lib_EthEnc28j60.c,291 :: 		
0x2A1A	0x8080      	BSF         SPI_Ethernet_CS, BitPos(SPI_Ethernet_CS+0) 
;__Lib_EthEnc28j60.c,292 :: 		
0x2A1C	0xF007EC02  	CALL        _SPI_Ethernet_delay, 0
;__Lib_EthEnc28j60.c,294 :: 		
0x2A20	0x0E1C      	MOVLW       _SPI_Ethernet_macAddr
0x2A22	0x6F24      	MOVWF       FARG_memcpy_d1, 1
0x2A24	0x0E01      	MOVLW       hi_addr(_SPI_Ethernet_macAddr)
0x2A26	0x6F25      	MOVWF       FARG_memcpy_d1+1, 1
0x2A28	0xF326C2C4  	MOVFF       FARG_SPI_Ethernet_Init_mac, FARG_memcpy_s1
0x2A2C	0xF327C2C5  	MOVFF       FARG_SPI_Ethernet_Init_mac+1, FARG_memcpy_s1+1
0x2A30	0x0E06      	MOVLW       6
0x2A32	0x6F28      	MOVWF       FARG_memcpy_n, 1
0x2A34	0x0E00      	MOVLW       0
0x2A36	0x6F29      	MOVWF       FARG_memcpy_n+1, 1
0x2A38	0xF001ECD3  	CALL        _memcpy, 0
;__Lib_EthEnc28j60.c,295 :: 		
0x2A3C	0x0E18      	MOVLW       _SPI_Ethernet_ipAddr
0x2A3E	0x6F24      	MOVWF       FARG_memcpy_d1, 1
0x2A40	0x0E01      	MOVLW       hi_addr(_SPI_Ethernet_ipAddr)
0x2A42	0x6F25      	MOVWF       FARG_memcpy_d1+1, 1
0x2A44	0xF326C2C6  	MOVFF       FARG_SPI_Ethernet_Init_ip, FARG_memcpy_s1
0x2A48	0xF327C2C7  	MOVFF       FARG_SPI_Ethernet_Init_ip+1, FARG_memcpy_s1+1
0x2A4C	0x0E04      	MOVLW       4
0x2A4E	0x6F28      	MOVWF       FARG_memcpy_n, 1
0x2A50	0x0E00      	MOVLW       0
0x2A52	0x6F29      	MOVWF       FARG_memcpy_n+1, 1
0x2A54	0xF001ECD3  	CALL        _memcpy, 0
;__Lib_EthEnc28j60.c,298 :: 		
0x2A58	0x0E1F      	MOVLW       31
0x2A5A	0x6F2E      	MOVWF       FARG_SPI_Ethernet_clearBitReg_addr, 1
0x2A5C	0x0E01      	MOVLW       1
0x2A5E	0x6F2F      	MOVWF       FARG_SPI_Ethernet_clearBitReg_mask, 1
0x2A60	0xF001EC1C  	CALL        _SPI_Ethernet_clearBitReg, 0
0x2A64	0x0E1F      	MOVLW       31
0x2A66	0x0103      	MOVLB       3
0x2A68	0x6F2E      	MOVWF       FARG_SPI_Ethernet_clearBitReg_addr, 1
0x2A6A	0x0E02      	MOVLW       2
0x2A6C	0x6F2F      	MOVWF       FARG_SPI_Ethernet_clearBitReg_mask, 1
0x2A6E	0xF001EC1C  	CALL        _SPI_Ethernet_clearBitReg, 0
;__Lib_EthEnc28j60.c,301 :: 		
0x2A72	0x0E08      	MOVLW       8
0x2A74	0x0103      	MOVLB       3
0x2A76	0x6F31      	MOVWF       FARG_SPI_Ethernet_writeAddr_addr, 1
0x2A78	0x6B32      	CLRF        FARG_SPI_Ethernet_writeAddr_v, 1
0x2A7A	0x6B33      	CLRF        FARG_SPI_Ethernet_writeAddr_v+1, 1
0x2A7C	0xF000ECA2  	CALL        _SPI_Ethernet_writeAddr, 0
;__Lib_EthEnc28j60.c,302 :: 		
0x2A80	0x0E0A      	MOVLW       10
0x2A82	0x0103      	MOVLB       3
0x2A84	0x6F31      	MOVWF       FARG_SPI_Ethernet_writeAddr_addr, 1
0x2A86	0x0EAD      	MOVLW       173
0x2A88	0x6F32      	MOVWF       FARG_SPI_Ethernet_writeAddr_v, 1
0x2A8A	0x0E19      	MOVLW       25
0x2A8C	0x6F33      	MOVWF       FARG_SPI_Ethernet_writeAddr_v+1, 1
0x2A8E	0xF000ECA2  	CALL        _SPI_Ethernet_writeAddr, 0
;__Lib_EthEnc28j60.c,303 :: 		
0x2A92	0x0E0C      	MOVLW       12
0x2A94	0x0103      	MOVLB       3
0x2A96	0x6F31      	MOVWF       FARG_SPI_Ethernet_writeAddr_addr, 1
0x2A98	0x0EAD      	MOVLW       173
0x2A9A	0x6F32      	MOVWF       FARG_SPI_Ethernet_writeAddr_v, 1
0x2A9C	0x0E19      	MOVLW       25
0x2A9E	0x6F33      	MOVWF       FARG_SPI_Ethernet_writeAddr_v+1, 1
0x2AA0	0xF000ECA2  	CALL        _SPI_Ethernet_writeAddr, 0
;__Lib_EthEnc28j60.c,306 :: 		
0x2AA4	0x0103      	MOVLB       3
0x2AA6	0x6B31      	CLRF        FARG_SPI_Ethernet_writeAddr_addr, 1
0x2AA8	0x6B32      	CLRF        FARG_SPI_Ethernet_writeAddr_v, 1
0x2AAA	0x6B33      	CLRF        FARG_SPI_Ethernet_writeAddr_v+1, 1
0x2AAC	0xF000ECA2  	CALL        _SPI_Ethernet_writeAddr, 0
;__Lib_EthEnc28j60.c,309 :: 		
0x2AB0	0x0E04      	MOVLW       4
0x2AB2	0x0103      	MOVLB       3
0x2AB4	0x6F31      	MOVWF       FARG_SPI_Ethernet_writeAddr_addr, 1
0x2AB6	0x0EAE      	MOVLW       174
0x2AB8	0x6F32      	MOVWF       FARG_SPI_Ethernet_writeAddr_v, 1
0x2ABA	0x0E19      	MOVLW       25
0x2ABC	0x6F33      	MOVWF       FARG_SPI_Ethernet_writeAddr_v+1, 1
0x2ABE	0xF000ECA2  	CALL        _SPI_Ethernet_writeAddr, 0
;__Lib_EthEnc28j60.c,318 :: 		
0x2AC2	0x0E1F      	MOVLW       31
0x2AC4	0x0103      	MOVLB       3
0x2AC6	0x6F2E      	MOVWF       FARG_SPI_Ethernet_clearBitReg_addr, 1
0x2AC8	0x0E01      	MOVLW       1
0x2ACA	0x6F2F      	MOVWF       FARG_SPI_Ethernet_clearBitReg_mask, 1
0x2ACC	0xF001EC1C  	CALL        _SPI_Ethernet_clearBitReg, 0
0x2AD0	0x0E1F      	MOVLW       31
0x2AD2	0x0103      	MOVLB       3
0x2AD4	0x6F2E      	MOVWF       FARG_SPI_Ethernet_setBitReg_addr, 1
0x2AD6	0x0E02      	MOVLW       2
0x2AD8	0x6F2F      	MOVWF       FARG_SPI_Ethernet_setBitReg_mask, 1
0x2ADA	0xF001EC58  	CALL        _SPI_Ethernet_setBitReg, 0
;__Lib_EthEnc28j60.c,327 :: 		
0x2ADE	0xF2D0C2C8  	MOVFF       FARG_SPI_Ethernet_Init_fullDuplex, FARG_SPI_Ethernet_Init2_fullDuplex
0x2AE2	0xF00FEC37  	CALL        _SPI_Ethernet_Init2, 0
;__Lib_EthEnc28j60.c,328 :: 		
L_end_SPI_Ethernet_Init:
0x2AE6	0x0012      	RETURN      0
; end of _SPI_Ethernet_Init
_lcdDisplayBit:
;Master.c,465 :: 		void lcdDisplayBit(unsigned char mask)
;Master.c,467 :: 		int i = 0;
0x2AE8	0x0102      	MOVLB       2
0x2AEA	0x6BC5      	CLRF        lcdDisplayBit_i_L0, 1
0x2AEC	0x6BC6      	CLRF        lcdDisplayBit_i_L0+1, 1
;Master.c,469 :: 		for (i = 0; i <= 15; i++)
0x2AEE	0x6BC5      	CLRF        lcdDisplayBit_i_L0, 1
0x2AF0	0x6BC6      	CLRF        lcdDisplayBit_i_L0+1, 1
L_lcdDisplayBit71:
0x2AF2	0x0E80      	MOVLW       128
0x2AF4	0x6E00      	MOVWF       R0 
0x2AF6	0x0E80      	MOVLW       128
0x2AF8	0x19C6      	XORWF       lcdDisplayBit_i_L0+1, 0, 1
0x2AFA	0x5C00      	SUBWF       R0, 0 
0x2AFC	0xE102      	BNZ         L__lcdDisplayBit105
0x2AFE	0x51C5      	MOVF        lcdDisplayBit_i_L0, 0, 1
0x2B00	0x080F      	SUBLW       15
L__lcdDisplayBit105:
0x2B02	0xE324      	BNC         L_lcdDisplayBit72
;Master.c,471 :: 		if ((Status1[i] & mask) == mask)
0x2B04	0x0E90      	MOVLW       _Status1
0x2B06	0x25C5      	ADDWF       lcdDisplayBit_i_L0, 0, 1
0x2B08	0x6EE9      	MOVWF       FSR0L 
0x2B0A	0x0E01      	MOVLW       hi_addr(_Status1)
0x2B0C	0x21C6      	ADDWFC      lcdDisplayBit_i_L0+1, 0, 1
0x2B0E	0x6EEA      	MOVWF       FSR0H 
0x2B10	0x51C4      	MOVF        FARG_lcdDisplayBit_mask, 0, 1
0x2B12	0x14EE      	ANDWF       POSTINC0, 0 
0x2B14	0x6E01      	MOVWF       R1 
0x2B16	0x5001      	MOVF        R1, 0 
0x2B18	0x19C4      	XORWF       FARG_lcdDisplayBit_mask, 0, 1
0x2B1A	0xE10A      	BNZ         L_lcdDisplayBit74
;Master.c,473 :: 		Lcd_Chr(2, 16 - i, '1');
0x2B1C	0x0E02      	MOVLW       2
0x2B1E	0x6FFD      	MOVWF       FARG_Lcd_Chr_row, 1
0x2B20	0x51C5      	MOVF        lcdDisplayBit_i_L0, 0, 1
0x2B22	0x0810      	SUBLW       16
0x2B24	0x6FFE      	MOVWF       FARG_Lcd_Chr_column, 1
0x2B26	0x0E31      	MOVLW       49
0x2B28	0x6FFF      	MOVWF       FARG_Lcd_Chr_out_char, 1
0x2B2A	0xF00CEC25  	CALL        _Lcd_Chr, 0
;Master.c,474 :: 		}
0x2B2E	0xD00A      	BRA         L_lcdDisplayBit75
L_lcdDisplayBit74:
;Master.c,477 :: 		Lcd_Chr(2, 16 - i, '0');
0x2B30	0x0E02      	MOVLW       2
0x2B32	0x0102      	MOVLB       2
0x2B34	0x6FFD      	MOVWF       FARG_Lcd_Chr_row, 1
0x2B36	0x51C5      	MOVF        lcdDisplayBit_i_L0, 0, 1
0x2B38	0x0810      	SUBLW       16
0x2B3A	0x6FFE      	MOVWF       FARG_Lcd_Chr_column, 1
0x2B3C	0x0E30      	MOVLW       48
0x2B3E	0x6FFF      	MOVWF       FARG_Lcd_Chr_out_char, 1
0x2B40	0xF00CEC25  	CALL        _Lcd_Chr, 0
;Master.c,478 :: 		}
L_lcdDisplayBit75:
;Master.c,469 :: 		for (i = 0; i <= 15; i++)
0x2B44	0x0102      	MOVLB       2
0x2B46	0x4BC5      	INFSNZ      lcdDisplayBit_i_L0, 1, 1
0x2B48	0x2BC6      	INCF        lcdDisplayBit_i_L0+1, 1, 1
;Master.c,479 :: 		}
0x2B4A	0xD7D3      	BRA         L_lcdDisplayBit71
L_lcdDisplayBit72:
;Master.c,480 :: 		}
0x2B4C	0x0012      	RETURN      0
; end of _lcdDisplayBit
_SPI_Ethernet_readPacket:
;__Lib_EthEnc28j60.c,730 :: 		
;__Lib_EthEnc28j60.c,732 :: 		
0x2B4E	0x0102      	MOVLB       2
0x2B50	0x6BCD      	CLRF        SPI_Ethernet_readPacket_res_L0, 1
;__Lib_EthEnc28j60.c,739 :: 		
0x2B52	0x0101      	MOVLB       1
0x2B54	0x814A      	BSF         __Lib_EthEnc28j60_flags, 0, 1
;__Lib_EthEnc28j60.c,740 :: 		
0x2B56	0x934A      	BCF         __Lib_EthEnc28j60_flags, 1, 1
;__Lib_EthEnc28j60.c,742 :: 		
0x2B58	0x0E1F      	MOVLW       31
0x2B5A	0x0103      	MOVLB       3
0x2B5C	0x6F2E      	MOVWF       FARG_SPI_Ethernet_clearBitReg_addr, 1
0x2B5E	0x0E01      	MOVLW       1
0x2B60	0x6F2F      	MOVWF       FARG_SPI_Ethernet_clearBitReg_mask, 1
0x2B62	0xF001EC1C  	CALL        _SPI_Ethernet_clearBitReg, 0
0x2B66	0x0E1F      	MOVLW       31
0x2B68	0x0103      	MOVLB       3
0x2B6A	0x6F2E      	MOVWF       FARG_SPI_Ethernet_clearBitReg_addr, 1
0x2B6C	0x0E02      	MOVLW       2
0x2B6E	0x6F2F      	MOVWF       FARG_SPI_Ethernet_clearBitReg_mask, 1
0x2B70	0xF001EC1C  	CALL        _SPI_Ethernet_clearBitReg, 0
;__Lib_EthEnc28j60.c,744 :: 		
0x2B74	0x0103      	MOVLB       3
0x2B76	0x6B31      	CLRF        FARG_SPI_Ethernet_writeAddr_addr, 1
0x2B78	0xF332C0D7  	MOVFF       SPI_Ethernet_readPacket_nextPtr_L0, FARG_SPI_Ethernet_writeAddr_v
0x2B7C	0xF333C0D8  	MOVFF       SPI_Ethernet_readPacket_nextPtr_L0+1, FARG_SPI_Ethernet_writeAddr_v+1
0x2B80	0xF000ECA2  	CALL        _SPI_Ethernet_writeAddr, 0
;__Lib_EthEnc28j60.c,746 :: 		
0x2B84	0x9080      	BCF         SPI_Ethernet_CS, BitPos(SPI_Ethernet_CS+0) 
;__Lib_EthEnc28j60.c,747 :: 		
0x2B86	0xFFE1C106  	MOVFF       _SPI_Rd_Ptr+2, FSR1L
0x2B8A	0xFFE2C107  	MOVFF       _SPI_Rd_Ptr+3, FSR1H
0x2B8E	0x0E3A      	MOVLW       58
0x2B90	0x6EE6      	MOVWF       POSTINC1 
0x2B92	0xF000C104  	MOVFF       _SPI_Rd_Ptr, R0
0x2B96	0xF001C105  	MOVFF       _SPI_Rd_Ptr+1, R1
0x2B9A	0xF000EC96  	CALL        _____DoIFC, 0
;__Lib_EthEnc28j60.c,748 :: 		
0x2B9E	0xFFE1C106  	MOVFF       _SPI_Rd_Ptr+2, FSR1L
0x2BA2	0xFFE2C107  	MOVFF       _SPI_Rd_Ptr+3, FSR1H
0x2BA6	0x6AE6      	CLRF        POSTINC1 
0x2BA8	0xF000C104  	MOVFF       _SPI_Rd_Ptr, R0
0x2BAC	0xF001C105  	MOVFF       _SPI_Rd_Ptr+1, R1
0x2BB0	0xF000EC96  	CALL        _____DoIFC, 0
0x2BB4	0xF0D7C000  	MOVFF       R0, SPI_Ethernet_readPacket_nextPtr_L0
;__Lib_EthEnc28j60.c,749 :: 		
0x2BB8	0xFFE1C106  	MOVFF       _SPI_Rd_Ptr+2, FSR1L
0x2BBC	0xFFE2C107  	MOVFF       _SPI_Rd_Ptr+3, FSR1H
0x2BC0	0x6AE6      	CLRF        POSTINC1 
0x2BC2	0xF000C104  	MOVFF       _SPI_Rd_Ptr, R0
0x2BC6	0xF001C105  	MOVFF       _SPI_Rd_Ptr+1, R1
0x2BCA	0xF000EC96  	CALL        _____DoIFC, 0
0x2BCE	0xF0D8C000  	MOVFF       R0, SPI_Ethernet_readPacket_nextPtr_L0+1
;__Lib_EthEnc28j60.c,750 :: 		
0x2BD2	0xFFE1C106  	MOVFF       _SPI_Rd_Ptr+2, FSR1L
0x2BD6	0xFFE2C107  	MOVFF       _SPI_Rd_Ptr+3, FSR1H
0x2BDA	0x6AE6      	CLRF        POSTINC1 
0x2BDC	0xF000C104  	MOVFF       _SPI_Rd_Ptr, R0
0x2BE0	0xF001C105  	MOVFF       _SPI_Rd_Ptr+1, R1
0x2BE4	0xF000EC96  	CALL        _____DoIFC, 0
0x2BE8	0xF153C000  	MOVFF       R0, _SPI_Ethernet_pktLen
;__Lib_EthEnc28j60.c,751 :: 		
0x2BEC	0xFFE1C106  	MOVFF       _SPI_Rd_Ptr+2, FSR1L
0x2BF0	0xFFE2C107  	MOVFF       _SPI_Rd_Ptr+3, FSR1H
0x2BF4	0x6AE6      	CLRF        POSTINC1 
0x2BF6	0xF000C104  	MOVFF       _SPI_Rd_Ptr, R0
0x2BFA	0xF001C105  	MOVFF       _SPI_Rd_Ptr+1, R1
0x2BFE	0xF000EC96  	CALL        _____DoIFC, 0
0x2C02	0xF154C000  	MOVFF       R0, _SPI_Ethernet_pktLen+1
;__Lib_EthEnc28j60.c,752 :: 		
0x2C06	0xFFE1C106  	MOVFF       _SPI_Rd_Ptr+2, FSR1L
0x2C0A	0xFFE2C107  	MOVFF       _SPI_Rd_Ptr+3, FSR1H
0x2C0E	0x6AE6      	CLRF        POSTINC1 
0x2C10	0xF000C104  	MOVFF       _SPI_Rd_Ptr, R0
0x2C14	0xF001C105  	MOVFF       _SPI_Rd_Ptr+1, R1
0x2C18	0xF000EC96  	CALL        _____DoIFC, 0
0x2C1C	0xF2CBC000  	MOVFF       R0, SPI_Ethernet_readPacket_frameType_L0
;__Lib_EthEnc28j60.c,753 :: 		
0x2C20	0xFFE1C106  	MOVFF       _SPI_Rd_Ptr+2, FSR1L
0x2C24	0xFFE2C107  	MOVFF       _SPI_Rd_Ptr+3, FSR1H
0x2C28	0x6AE6      	CLRF        POSTINC1 
0x2C2A	0xF000C104  	MOVFF       _SPI_Rd_Ptr, R0
0x2C2E	0xF001C105  	MOVFF       _SPI_Rd_Ptr+1, R1
0x2C32	0xF000EC96  	CALL        _____DoIFC, 0
0x2C36	0xF2CCC000  	MOVFF       R0, SPI_Ethernet_readPacket_frameType_L0+1
;__Lib_EthEnc28j60.c,754 :: 		
0x2C3A	0x8080      	BSF         SPI_Ethernet_CS, BitPos(SPI_Ethernet_CS+0) 
;__Lib_EthEnc28j60.c,756 :: 		
0x2C3C	0x0E04      	MOVLW       4
0x2C3E	0x0101      	MOVLB       1
0x2C40	0x5F53      	SUBWF       _SPI_Ethernet_pktLen, 1, 1
0x2C42	0x0E00      	MOVLW       0
0x2C44	0x5B54      	SUBWFB      _SPI_Ethernet_pktLen+1, 1, 1
;__Lib_EthEnc28j60.c,767 :: 		
0x2C46	0x0100      	MOVLB       0
0x2C48	0x51D8      	MOVF        SPI_Ethernet_readPacket_nextPtr_L0+1, 0, 1
0x2C4A	0x0819      	SUBLW       25
0x2C4C	0xE102      	BNZ         L__SPI_Ethernet_readPacket302
0x2C4E	0x51D7      	MOVF        SPI_Ethernet_readPacket_nextPtr_L0, 0, 1
0x2C50	0x08AD      	SUBLW       173
L__SPI_Ethernet_readPacket302:
0x2C52	0xE310      	BNC         L__SPI_Ethernet_readPacket273
0x2C54	0xB1D7      	BTFSC       SPI_Ethernet_readPacket_nextPtr_L0, 0, 1
0x2C56	0xD00E      	BRA         L__SPI_Ethernet_readPacket273
;__Lib_EthEnc28j60.c,768 :: 		
0x2C58	0x0102      	MOVLB       2
0x2C5A	0xBFCC      	BTFSC       SPI_Ethernet_readPacket_frameType_L0+1, 7, 1
0x2C5C	0xD00B      	BRA         L__SPI_Ethernet_readPacket273
;__Lib_EthEnc28j60.c,769 :: 		
0x2C5E	0x0101      	MOVLB       1
0x2C60	0x5154      	MOVF        _SPI_Ethernet_pktLen+1, 0, 1
0x2C62	0x0805      	SUBLW       5
0x2C64	0xE102      	BNZ         L__SPI_Ethernet_readPacket303
0x2C66	0x5153      	MOVF        _SPI_Ethernet_pktLen, 0, 1
0x2C68	0x08EE      	SUBLW       238
L__SPI_Ethernet_readPacket303:
0x2C6A	0xE304      	BNC         L__SPI_Ethernet_readPacket273
;__Lib_EthEnc28j60.c,770 :: 		
0x2C6C	0x0102      	MOVLB       2
0x2C6E	0xAFCB      	BTFSS       SPI_Ethernet_readPacket_frameType_L0, 7, 1
0x2C70	0xD001      	BRA         L__SPI_Ethernet_readPacket273
0x2C72	0xD003      	BRA         L_SPI_Ethernet_readPacket19
L__SPI_Ethernet_readPacket273:
;__Lib_EthEnc28j60.c,773 :: 		
0x2C74	0x0E01      	MOVLW       1
0x2C76	0x6E00      	MOVWF       R0 
0x2C78	0xD1EC      	BRA         L_end_SPI_Ethernet_readPacket
;__Lib_EthEnc28j60.c,774 :: 		
L_SPI_Ethernet_readPacket19:
;__Lib_EthEnc28j60.c,777 :: 		
0x2C7A	0x0103      	MOVLB       3
0x2C7C	0x6B2E      	CLRF        FARG_SPI_Ethernet_readReg_addr, 1
0x2C7E	0xF000ECEB  	CALL        _SPI_Ethernet_readReg, 0
0x2C82	0xF2C9C000  	MOVFF       R0, SPI_Ethernet_readPacket_start_L0
;__Lib_EthEnc28j60.c,778 :: 		
0x2C86	0x0E01      	MOVLW       1
0x2C88	0x0103      	MOVLB       3
0x2C8A	0x6F2E      	MOVWF       FARG_SPI_Ethernet_readReg_addr, 1
0x2C8C	0xF000ECEB  	CALL        _SPI_Ethernet_readReg, 0
0x2C90	0xF2CAC000  	MOVFF       R0, SPI_Ethernet_readPacket_start_L0+1
;__Lib_EthEnc28j60.c,781 :: 		
0x2C94	0xF324C2C9  	MOVFF       SPI_Ethernet_readPacket_start_L0, FARG_SPI_Ethernet_RAMcopy_start
0x2C98	0xF325C2CA  	MOVFF       SPI_Ethernet_readPacket_start_L0+1, FARG_SPI_Ethernet_RAMcopy_start+1
0x2C9C	0x0101      	MOVLB       1
0x2C9E	0x5153      	MOVF        _SPI_Ethernet_pktLen, 0, 1
0x2CA0	0x0102      	MOVLB       2
0x2CA2	0x25C9      	ADDWF       SPI_Ethernet_readPacket_start_L0, 0, 1
0x2CA4	0x0103      	MOVLB       3
0x2CA6	0x6F26      	MOVWF       FARG_SPI_Ethernet_RAMcopy_stop, 1
0x2CA8	0x0101      	MOVLB       1
0x2CAA	0x5154      	MOVF        _SPI_Ethernet_pktLen+1, 0, 1
0x2CAC	0x0102      	MOVLB       2
0x2CAE	0x21CA      	ADDWFC      SPI_Ethernet_readPacket_start_L0+1, 0, 1
0x2CB0	0x0103      	MOVLB       3
0x2CB2	0x6F27      	MOVWF       FARG_SPI_Ethernet_RAMcopy_stop+1, 1
0x2CB4	0x0EAF      	MOVLW       175
0x2CB6	0x6F28      	MOVWF       FARG_SPI_Ethernet_RAMcopy_dest, 1
0x2CB8	0x0E19      	MOVLW       25
0x2CBA	0x6F29      	MOVWF       FARG_SPI_Ethernet_RAMcopy_dest+1, 1
0x2CBC	0x0E01      	MOVLW       1
0x2CBE	0x6F2A      	MOVWF       FARG_SPI_Ethernet_RAMcopy_w, 1
0x2CC0	0xF003EC03  	CALL        _SPI_Ethernet_RAMcopy, 0
;__Lib_EthEnc28j60.c,784 :: 		
0x2CC4	0x0EBB      	MOVLW       187
0x2CC6	0x6F2E      	MOVWF       FARG_SPI_Ethernet_readMem_addr, 1
0x2CC8	0x0E19      	MOVLW       25
0x2CCA	0x6F2F      	MOVWF       FARG_SPI_Ethernet_readMem_addr+1, 1
0x2CCC	0xF001EC39  	CALL        _SPI_Ethernet_readMem, 0
0x2CD0	0xF2CCC000  	MOVFF       R0, SPI_Ethernet_readPacket_frameType_L0+1
;__Lib_EthEnc28j60.c,785 :: 		
0x2CD4	0xF003ECC4  	CALL        _SPI_Ethernet_getByte, 0
0x2CD8	0xF2CBC000  	MOVFF       R0, SPI_Ethernet_readPacket_frameType_L0
;__Lib_EthEnc28j60.c,790 :: 		
0x2CDC	0x0102      	MOVLB       2
0x2CDE	0x51CC      	MOVF        SPI_Ethernet_readPacket_frameType_L0+1, 0, 1
0x2CE0	0x0A08      	XORLW       8
0x2CE2	0xE102      	BNZ         L__SPI_Ethernet_readPacket304
0x2CE4	0x0E06      	MOVLW       6
0x2CE6	0x19CB      	XORWF       SPI_Ethernet_readPacket_frameType_L0, 0, 1
L__SPI_Ethernet_readPacket304:
0x2CE8	0xE113      	BNZ         L_SPI_Ethernet_readPacket20
;__Lib_EthEnc28j60.c,792 :: 		
0x2CEA	0x0EBD      	MOVLW       189
0x2CEC	0x6FFD      	MOVWF       FARG_SPI_Ethernet_memcmp_addr, 1
0x2CEE	0x0E19      	MOVLW       25
0x2CF0	0x6FFE      	MOVWF       FARG_SPI_Ethernet_memcmp_addr+1, 1
0x2CF2	0x0EE6      	MOVLW       ?lstr1___Lib_EthEnc28j60
0x2CF4	0x6FFF      	MOVWF       FARG_SPI_Ethernet_memcmp_s, 1
0x2CF6	0x0E00      	MOVLW       hi_addr(?lstr1___Lib_EthEnc28j60)
0x2CF8	0x0103      	MOVLB       3
0x2CFA	0x6F00      	MOVWF       FARG_SPI_Ethernet_memcmp_s+1, 1
0x2CFC	0x0E07      	MOVLW       7
0x2CFE	0x6F01      	MOVWF       FARG_SPI_Ethernet_memcmp_l, 1
0x2D00	0xF00BEC89  	CALL        _SPI_Ethernet_memcmp, 0
0x2D04	0x5000      	MOVF        R0, 0 
0x2D06	0x0A00      	XORLW       0
0x2D08	0xE102      	BNZ         L_SPI_Ethernet_readPacket21
;__Lib_EthEnc28j60.c,794 :: 		
0x2D0A	0xF00EEC22  	CALL        _SPI_Ethernet_doARP, 0
;__Lib_EthEnc28j60.c,795 :: 		
L_SPI_Ethernet_readPacket21:
;__Lib_EthEnc28j60.c,796 :: 		
0x2D0E	0xD172      	BRA         L_SPI_Ethernet_readPacket22
L_SPI_Ethernet_readPacket20:
;__Lib_EthEnc28j60.c,797 :: 		
0x2D10	0x0102      	MOVLB       2
0x2D12	0x51CC      	MOVF        SPI_Ethernet_readPacket_frameType_L0+1, 0, 1
0x2D14	0x0A08      	XORLW       8
0x2D16	0xE102      	BNZ         L__SPI_Ethernet_readPacket305
0x2D18	0x0E00      	MOVLW       0
0x2D1A	0x19CB      	XORWF       SPI_Ethernet_readPacket_frameType_L0, 0, 1
L__SPI_Ethernet_readPacket305:
0x2D1C	0xA4D8      	BTFSS       STATUS, 2 
0x2D1E	0xD167      	BRA         L_SPI_Ethernet_readPacket23
;__Lib_EthEnc28j60.c,799 :: 		
0x2D20	0x0ECD      	MOVLW       205
0x2D22	0x6FFD      	MOVWF       FARG_SPI_Ethernet_memcmp_addr, 1
0x2D24	0x0E19      	MOVLW       25
0x2D26	0x6FFE      	MOVWF       FARG_SPI_Ethernet_memcmp_addr+1, 1
0x2D28	0x0E59      	MOVLW       _SPI_Ethernet_subNetBroadCast
0x2D2A	0x6FFF      	MOVWF       FARG_SPI_Ethernet_memcmp_s, 1
0x2D2C	0x0E01      	MOVLW       hi_addr(_SPI_Ethernet_subNetBroadCast)
0x2D2E	0x0103      	MOVLB       3
0x2D30	0x6F00      	MOVWF       FARG_SPI_Ethernet_memcmp_s+1, 1
0x2D32	0x0E04      	MOVLW       4
0x2D34	0x6F01      	MOVWF       FARG_SPI_Ethernet_memcmp_l, 1
0x2D36	0xF00BEC89  	CALL        _SPI_Ethernet_memcmp, 0
0x2D3A	0x5200      	MOVF        R0, 1 
0x2D3C	0xE102      	BNZ         L_SPI_Ethernet_readPacket24
;__Lib_EthEnc28j60.c,800 :: 		
0x2D3E	0x0101      	MOVLB       1
0x2D40	0x834A      	BSF         __Lib_EthEnc28j60_flags, 1, 1
L_SPI_Ethernet_readPacket24:
;__Lib_EthEnc28j60.c,802 :: 		
0x2D42	0x0ECD      	MOVLW       205
0x2D44	0x0102      	MOVLB       2
0x2D46	0x6FFD      	MOVWF       FARG_SPI_Ethernet_memcmp_addr, 1
0x2D48	0x0E19      	MOVLW       25
0x2D4A	0x6FFE      	MOVWF       FARG_SPI_Ethernet_memcmp_addr+1, 1
0x2D4C	0x0ED9      	MOVLW       _SPI_Ethernet_ff
0x2D4E	0x6FFF      	MOVWF       FARG_SPI_Ethernet_memcmp_s, 1
0x2D50	0x0E00      	MOVLW       hi_addr(_SPI_Ethernet_ff)
0x2D52	0x0103      	MOVLB       3
0x2D54	0x6F00      	MOVWF       FARG_SPI_Ethernet_memcmp_s+1, 1
0x2D56	0x0E04      	MOVLW       4
0x2D58	0x6F01      	MOVWF       FARG_SPI_Ethernet_memcmp_l, 1
0x2D5A	0xF00BEC89  	CALL        _SPI_Ethernet_memcmp, 0
0x2D5E	0x5200      	MOVF        R0, 1 
0x2D60	0xE102      	BNZ         L_SPI_Ethernet_readPacket25
;__Lib_EthEnc28j60.c,803 :: 		
0x2D62	0x0101      	MOVLB       1
0x2D64	0x834A      	BSF         __Lib_EthEnc28j60_flags, 1, 1
L_SPI_Ethernet_readPacket25:
;__Lib_EthEnc28j60.c,805 :: 		
0x2D66	0x0ECD      	MOVLW       205
0x2D68	0x0102      	MOVLB       2
0x2D6A	0x6FFD      	MOVWF       FARG_SPI_Ethernet_memcmp_addr, 1
0x2D6C	0x0E19      	MOVLW       25
0x2D6E	0x6FFE      	MOVWF       FARG_SPI_Ethernet_memcmp_addr+1, 1
0x2D70	0x0E18      	MOVLW       _SPI_Ethernet_ipAddr
0x2D72	0x6FFF      	MOVWF       FARG_SPI_Ethernet_memcmp_s, 1
0x2D74	0x0E01      	MOVLW       hi_addr(_SPI_Ethernet_ipAddr)
0x2D76	0x0103      	MOVLB       3
0x2D78	0x6F00      	MOVWF       FARG_SPI_Ethernet_memcmp_s+1, 1
0x2D7A	0x0E04      	MOVLW       4
0x2D7C	0x6F01      	MOVWF       FARG_SPI_Ethernet_memcmp_l, 1
0x2D7E	0xF00BEC89  	CALL        _SPI_Ethernet_memcmp, 0
;__Lib_EthEnc28j60.c,806 :: 		
0x2D82	0x5200      	MOVF        R0, 1 
0x2D84	0xE007      	BZ          L_SPI_Ethernet_readPacket28
0x2D86	0x0101      	MOVLB       1
0x2D88	0xB34A      	BTFSC       __Lib_EthEnc28j60_flags, 1, 1
0x2D8A	0xD004      	BRA         L_SPI_Ethernet_readPacket28
L__SPI_Ethernet_readPacket272:
;__Lib_EthEnc28j60.c,809 :: 		
0x2D8C	0x0E02      	MOVLW       2
0x2D8E	0x0102      	MOVLB       2
0x2D90	0x6FCD      	MOVWF       SPI_Ethernet_readPacket_res_L0, 1
;__Lib_EthEnc28j60.c,810 :: 		
0x2D92	0xD12C      	BRA         L_SPI_Ethernet_readPacket29
L_SPI_Ethernet_readPacket28:
;__Lib_EthEnc28j60.c,811 :: 		
0x2D94	0x0EBD      	MOVLW       189
0x2D96	0x0103      	MOVLB       3
0x2D98	0x6F2E      	MOVWF       FARG_SPI_Ethernet_readMem_addr, 1
0x2D9A	0x0E19      	MOVLW       25
0x2D9C	0x6F2F      	MOVWF       FARG_SPI_Ethernet_readMem_addr+1, 1
0x2D9E	0xF001EC39  	CALL        _SPI_Ethernet_readMem, 0
0x2DA2	0x0EF0      	MOVLW       240
0x2DA4	0x1400      	ANDWF       R0, 0 
0x2DA6	0x6E01      	MOVWF       R1 
0x2DA8	0x5001      	MOVF        R1, 0 
0x2DAA	0x0A40      	XORLW       64
0x2DAC	0xE004      	BZ          L_SPI_Ethernet_readPacket30
;__Lib_EthEnc28j60.c,814 :: 		
0x2DAE	0x0E03      	MOVLW       3
0x2DB0	0x0102      	MOVLB       2
0x2DB2	0x6FCD      	MOVWF       SPI_Ethernet_readPacket_res_L0, 1
;__Lib_EthEnc28j60.c,815 :: 		
0x2DB4	0xD11B      	BRA         L_SPI_Ethernet_readPacket31
L_SPI_Ethernet_readPacket30:
;__Lib_EthEnc28j60.c,821 :: 		
0x2DB6	0x0EBD      	MOVLW       189
0x2DB8	0x0103      	MOVLB       3
0x2DBA	0x6F2E      	MOVWF       FARG_SPI_Ethernet_readMem_addr, 1
0x2DBC	0x0E19      	MOVLW       25
0x2DBE	0x6F2F      	MOVWF       FARG_SPI_Ethernet_readMem_addr+1, 1
0x2DC0	0xF001EC39  	CALL        _SPI_Ethernet_readMem, 0
0x2DC4	0xF2C7C000  	MOVFF       R0, SPI_Ethernet_readPacket_ipHeaderLen_L2
0x2DC8	0x0E00      	MOVLW       0
0x2DCA	0x0102      	MOVLB       2
0x2DCC	0x6FC8      	MOVWF       SPI_Ethernet_readPacket_ipHeaderLen_L2+1, 1
;__Lib_EthEnc28j60.c,822 :: 		
0x2DCE	0x0E0F      	MOVLW       15
0x2DD0	0x17C7      	ANDWF       SPI_Ethernet_readPacket_ipHeaderLen_L2, 1, 1
0x2DD2	0x0E00      	MOVLW       0
0x2DD4	0x17C8      	ANDWF       SPI_Ethernet_readPacket_ipHeaderLen_L2+1, 1, 1
;__Lib_EthEnc28j60.c,823 :: 		
0x2DD6	0x37C7      	RLCF        SPI_Ethernet_readPacket_ipHeaderLen_L2, 1, 1
0x2DD8	0x91C7      	BCF         SPI_Ethernet_readPacket_ipHeaderLen_L2, 0, 1
0x2DDA	0x37C8      	RLCF        SPI_Ethernet_readPacket_ipHeaderLen_L2+1, 1, 1
0x2DDC	0x37C7      	RLCF        SPI_Ethernet_readPacket_ipHeaderLen_L2, 1, 1
0x2DDE	0x91C7      	BCF         SPI_Ethernet_readPacket_ipHeaderLen_L2, 0, 1
0x2DE0	0x37C8      	RLCF        SPI_Ethernet_readPacket_ipHeaderLen_L2+1, 1, 1
;__Lib_EthEnc28j60.c,826 :: 		
0x2DE2	0x0EC3      	MOVLW       195
0x2DE4	0x0103      	MOVLB       3
0x2DE6	0x6F2E      	MOVWF       FARG_SPI_Ethernet_readMem_addr, 1
0x2DE8	0x0E19      	MOVLW       25
0x2DEA	0x6F2F      	MOVWF       FARG_SPI_Ethernet_readMem_addr+1, 1
0x2DEC	0xF001EC39  	CALL        _SPI_Ethernet_readMem, 0
0x2DF0	0x0EBF      	MOVLW       191
0x2DF2	0x1400      	ANDWF       R0, 0 
0x2DF4	0x6E01      	MOVWF       R1 
0x2DF6	0x5001      	MOVF        R1, 0 
0x2DF8	0x0A00      	XORLW       0
0x2DFA	0xA4D8      	BTFSS       STATUS, 2 
0x2DFC	0xD0F7      	BRA         L_SPI_Ethernet_readPacket34
0x2DFE	0x0EC4      	MOVLW       196
0x2E00	0x0103      	MOVLB       3
0x2E02	0x6F2E      	MOVWF       FARG_SPI_Ethernet_readMem_addr, 1
0x2E04	0x0E19      	MOVLW       25
0x2E06	0x6F2F      	MOVWF       FARG_SPI_Ethernet_readMem_addr+1, 1
0x2E08	0xF001EC39  	CALL        _SPI_Ethernet_readMem, 0
0x2E0C	0x5000      	MOVF        R0, 0 
0x2E0E	0x0A00      	XORLW       0
0x2E10	0xA4D8      	BTFSS       STATUS, 2 
0x2E12	0xD0EC      	BRA         L_SPI_Ethernet_readPacket34
L__SPI_Ethernet_readPacket271:
;__Lib_EthEnc28j60.c,831 :: 		
0x2E14	0x0EBD      	MOVLW       189
0x2E16	0x0102      	MOVLB       2
0x2E18	0x25C7      	ADDWF       SPI_Ethernet_readPacket_ipHeaderLen_L2, 0, 1
0x2E1A	0x6FC5      	MOVWF       SPI_Ethernet_readPacket_payloadAddr_L3, 1
0x2E1C	0x0E19      	MOVLW       25
0x2E1E	0x21C8      	ADDWFC      SPI_Ethernet_readPacket_ipHeaderLen_L2+1, 0, 1
0x2E20	0x6FC6      	MOVWF       SPI_Ethernet_readPacket_payloadAddr_L3+1, 1
;__Lib_EthEnc28j60.c,833 :: 		
0x2E22	0x0EC6      	MOVLW       198
0x2E24	0x0103      	MOVLB       3
0x2E26	0x6F2E      	MOVWF       FARG_SPI_Ethernet_readMem_addr, 1
0x2E28	0x0E19      	MOVLW       25
0x2E2A	0x6F2F      	MOVWF       FARG_SPI_Ethernet_readMem_addr+1, 1
0x2E2C	0xF001EC39  	CALL        _SPI_Ethernet_readMem, 0
0x2E30	0xF2C4C000  	MOVFF       R0, SPI_Ethernet_readPacket_proto_L3
;__Lib_EthEnc28j60.c,835 :: 		
0x2E34	0x5000      	MOVF        R0, 0 
0x2E36	0x0A01      	XORLW       1
0x2E38	0xA4D8      	BTFSS       STATUS, 2 
0x2E3A	0xD096      	BRA         L_SPI_Ethernet_readPacket35
;__Lib_EthEnc28j60.c,837 :: 		
0x2E3C	0xF32EC2C5  	MOVFF       SPI_Ethernet_readPacket_payloadAddr_L3, FARG_SPI_Ethernet_readMem_addr
0x2E40	0xF32FC2C6  	MOVFF       SPI_Ethernet_readPacket_payloadAddr_L3+1, FARG_SPI_Ethernet_readMem_addr+1
0x2E44	0xF001EC39  	CALL        _SPI_Ethernet_readMem, 0
0x2E48	0x5000      	MOVF        R0, 0 
0x2E4A	0x0A08      	XORLW       8
0x2E4C	0xA4D8      	BTFSS       STATUS, 2 
0x2E4E	0xD08B      	BRA         L_SPI_Ethernet_readPacket38
0x2E50	0x0E01      	MOVLW       1
0x2E52	0x0102      	MOVLB       2
0x2E54	0x25C5      	ADDWF       SPI_Ethernet_readPacket_payloadAddr_L3, 0, 1
0x2E56	0x0103      	MOVLB       3
0x2E58	0x6F2E      	MOVWF       FARG_SPI_Ethernet_readMem_addr, 1
0x2E5A	0x0E00      	MOVLW       0
0x2E5C	0x0102      	MOVLB       2
0x2E5E	0x21C6      	ADDWFC      SPI_Ethernet_readPacket_payloadAddr_L3+1, 0, 1
0x2E60	0x0103      	MOVLB       3
0x2E62	0x6F2F      	MOVWF       FARG_SPI_Ethernet_readMem_addr+1, 1
0x2E64	0xF001EC39  	CALL        _SPI_Ethernet_readMem, 0
0x2E68	0x5000      	MOVF        R0, 0 
0x2E6A	0x0A00      	XORLW       0
0x2E6C	0xE17C      	BNZ         L_SPI_Ethernet_readPacket38
L__SPI_Ethernet_readPacket270:
;__Lib_EthEnc28j60.c,839 :: 		
0x2E6E	0xF32EC2C5  	MOVFF       SPI_Ethernet_readPacket_payloadAddr_L3, FARG_SPI_Ethernet_writeMem_addr
0x2E72	0xF32FC2C6  	MOVFF       SPI_Ethernet_readPacket_payloadAddr_L3+1, FARG_SPI_Ethernet_writeMem_addr+1
0x2E76	0x0103      	MOVLB       3
0x2E78	0x6B30      	CLRF        FARG_SPI_Ethernet_writeMem_v1, 1
0x2E7A	0xF000ECCA  	CALL        _SPI_Ethernet_writeMem, 0
;__Lib_EthEnc28j60.c,842 :: 		
0x2E7E	0xF00BECFC  	CALL        _SPI_Ethernet_MACswap, 0
;__Lib_EthEnc28j60.c,843 :: 		
0x2E82	0xF00CEC55  	CALL        _SPI_Ethernet_IPswap, 0
;__Lib_EthEnc28j60.c,846 :: 		
0x2E86	0x0EC7      	MOVLW       199
0x2E88	0x6F24      	MOVWF       FARG_SPI_Ethernet_writeMemory_addr, 1
0x2E8A	0x0E19      	MOVLW       25
0x2E8C	0x6F25      	MOVWF       FARG_SPI_Ethernet_writeMemory_addr+1, 1
0x2E8E	0x6B26      	CLRF        FARG_SPI_Ethernet_writeMemory_v1, 1
0x2E90	0x6B27      	CLRF        FARG_SPI_Ethernet_writeMemory_v2, 1
0x2E92	0xF002ECF8  	CALL        _SPI_Ethernet_writeMemory, 0
;__Lib_EthEnc28j60.c,847 :: 		
0x2E96	0x0EBD      	MOVLW       189
0x2E98	0x0103      	MOVLB       3
0x2E9A	0x6F24      	MOVWF       FARG_SPI_Ethernet_checksum_start, 1
0x2E9C	0x0E19      	MOVLW       25
0x2E9E	0x6F25      	MOVWF       FARG_SPI_Ethernet_checksum_start+1, 1
0x2EA0	0xF326C2C7  	MOVFF       SPI_Ethernet_readPacket_ipHeaderLen_L2, FARG_SPI_Ethernet_checksum_l
0x2EA4	0xF327C2C8  	MOVFF       SPI_Ethernet_readPacket_ipHeaderLen_L2+1, FARG_SPI_Ethernet_checksum_l+1
0x2EA8	0xF002ECD0  	CALL        _SPI_Ethernet_checksum, 0
;__Lib_EthEnc28j60.c,848 :: 		
0x2EAC	0x0E16      	MOVLW       22
0x2EAE	0x0103      	MOVLB       3
0x2EB0	0x6F2E      	MOVWF       FARG_SPI_Ethernet_readReg_addr, 1
0x2EB2	0xF000ECEB  	CALL        _SPI_Ethernet_readReg, 0
0x2EB6	0xF2CEC000  	MOVFF       R0, FLOC__SPI_Ethernet_readPacket
0x2EBA	0x0E17      	MOVLW       23
0x2EBC	0x0103      	MOVLB       3
0x2EBE	0x6F2E      	MOVWF       FARG_SPI_Ethernet_readReg_addr, 1
0x2EC0	0xF000ECEB  	CALL        _SPI_Ethernet_readReg, 0
0x2EC4	0xF326C000  	MOVFF       R0, FARG_SPI_Ethernet_writeMemory_v1
0x2EC8	0x0EC7      	MOVLW       199
0x2ECA	0x0103      	MOVLB       3
0x2ECC	0x6F24      	MOVWF       FARG_SPI_Ethernet_writeMemory_addr, 1
0x2ECE	0x0E19      	MOVLW       25
0x2ED0	0x6F25      	MOVWF       FARG_SPI_Ethernet_writeMemory_addr+1, 1
0x2ED2	0xF327C2CE  	MOVFF       FLOC__SPI_Ethernet_readPacket, FARG_SPI_Ethernet_writeMemory_v2
0x2ED6	0xF002ECF8  	CALL        _SPI_Ethernet_writeMemory, 0
;__Lib_EthEnc28j60.c,851 :: 		
0x2EDA	0x0E02      	MOVLW       2
0x2EDC	0x0102      	MOVLB       2
0x2EDE	0x25C5      	ADDWF       SPI_Ethernet_readPacket_payloadAddr_L3, 0, 1
0x2EE0	0x0103      	MOVLB       3
0x2EE2	0x6F24      	MOVWF       FARG_SPI_Ethernet_writeMemory_addr, 1
0x2EE4	0x0E00      	MOVLW       0
0x2EE6	0x0102      	MOVLB       2
0x2EE8	0x21C6      	ADDWFC      SPI_Ethernet_readPacket_payloadAddr_L3+1, 0, 1
0x2EEA	0x0103      	MOVLB       3
0x2EEC	0x6F25      	MOVWF       FARG_SPI_Ethernet_writeMemory_addr+1, 1
0x2EEE	0x6B26      	CLRF        FARG_SPI_Ethernet_writeMemory_v1, 1
0x2EF0	0x6B27      	CLRF        FARG_SPI_Ethernet_writeMemory_v2, 1
0x2EF2	0xF002ECF8  	CALL        _SPI_Ethernet_writeMemory, 0
;__Lib_EthEnc28j60.c,852 :: 		
0x2EF6	0xF324C2C5  	MOVFF       SPI_Ethernet_readPacket_payloadAddr_L3, FARG_SPI_Ethernet_checksum_start
0x2EFA	0xF325C2C6  	MOVFF       SPI_Ethernet_readPacket_payloadAddr_L3+1, FARG_SPI_Ethernet_checksum_start+1
0x2EFE	0x0102      	MOVLB       2
0x2F00	0x51C7      	MOVF        SPI_Ethernet_readPacket_ipHeaderLen_L2, 0, 1
0x2F02	0x0101      	MOVLB       1
0x2F04	0x5D53      	SUBWF       _SPI_Ethernet_pktLen, 0, 1
0x2F06	0x0103      	MOVLB       3
0x2F08	0x6F26      	MOVWF       FARG_SPI_Ethernet_checksum_l, 1
0x2F0A	0x0102      	MOVLB       2
0x2F0C	0x51C8      	MOVF        SPI_Ethernet_readPacket_ipHeaderLen_L2+1, 0, 1
0x2F0E	0x0101      	MOVLB       1
0x2F10	0x5954      	SUBWFB      _SPI_Ethernet_pktLen+1, 0, 1
0x2F12	0x0103      	MOVLB       3
0x2F14	0x6F27      	MOVWF       FARG_SPI_Ethernet_checksum_l+1, 1
0x2F16	0x0E0E      	MOVLW       14
0x2F18	0x5F26      	SUBWF       FARG_SPI_Ethernet_checksum_l, 1, 1
0x2F1A	0x0E00      	MOVLW       0
0x2F1C	0x5B27      	SUBWFB      FARG_SPI_Ethernet_checksum_l+1, 1, 1
0x2F1E	0xF002ECD0  	CALL        _SPI_Ethernet_checksum, 0
;__Lib_EthEnc28j60.c,853 :: 		
0x2F22	0x0E16      	MOVLW       22
0x2F24	0x0103      	MOVLB       3
0x2F26	0x6F2E      	MOVWF       FARG_SPI_Ethernet_readReg_addr, 1
0x2F28	0xF000ECEB  	CALL        _SPI_Ethernet_readReg, 0
0x2F2C	0xF2CEC000  	MOVFF       R0, FLOC__SPI_Ethernet_readPacket
0x2F30	0x0E17      	MOVLW       23
0x2F32	0x0103      	MOVLB       3
0x2F34	0x6F2E      	MOVWF       FARG_SPI_Ethernet_readReg_addr, 1
0x2F36	0xF000ECEB  	CALL        _SPI_Ethernet_readReg, 0
0x2F3A	0xF326C000  	MOVFF       R0, FARG_SPI_Ethernet_writeMemory_v1
0x2F3E	0x0E02      	MOVLW       2
0x2F40	0x0102      	MOVLB       2
0x2F42	0x25C5      	ADDWF       SPI_Ethernet_readPacket_payloadAddr_L3, 0, 1
0x2F44	0x0103      	MOVLB       3
0x2F46	0x6F24      	MOVWF       FARG_SPI_Ethernet_writeMemory_addr, 1
0x2F48	0x0E00      	MOVLW       0
0x2F4A	0x0102      	MOVLB       2
0x2F4C	0x21C6      	ADDWFC      SPI_Ethernet_readPacket_payloadAddr_L3+1, 0, 1
0x2F4E	0x0103      	MOVLB       3
0x2F50	0x6F25      	MOVWF       FARG_SPI_Ethernet_writeMemory_addr+1, 1
0x2F52	0xF327C2CE  	MOVFF       FLOC__SPI_Ethernet_readPacket, FARG_SPI_Ethernet_writeMemory_v2
0x2F56	0xF002ECF8  	CALL        _SPI_Ethernet_writeMemory, 0
;__Lib_EthEnc28j60.c,855 :: 		
0x2F5A	0xF324C153  	MOVFF       _SPI_Ethernet_pktLen, FARG_SPI_Ethernet_TXpacket_l
0x2F5E	0xF325C154  	MOVFF       _SPI_Ethernet_pktLen+1, FARG_SPI_Ethernet_TXpacket_l+1
0x2F62	0xF001ECFB  	CALL        _SPI_Ethernet_TXpacket, 0
;__Lib_EthEnc28j60.c,856 :: 		
L_SPI_Ethernet_readPacket38:
;__Lib_EthEnc28j60.c,857 :: 		
0x2F66	0xD042      	BRA         L_SPI_Ethernet_readPacket39
L_SPI_Ethernet_readPacket35:
;__Lib_EthEnc28j60.c,858 :: 		
0x2F68	0x0102      	MOVLB       2
0x2F6A	0x51C4      	MOVF        SPI_Ethernet_readPacket_proto_L3, 0, 1
0x2F6C	0x0A11      	XORLW       17
0x2F6E	0xE10D      	BNZ         L_SPI_Ethernet_readPacket40
;__Lib_EthEnc28j60.c,860 :: 		
0x2F70	0xF2D0C2C9  	MOVFF       SPI_Ethernet_readPacket_start_L0, FARG_SPI_Ethernet_doUDP_start
0x2F74	0xF2D1C2CA  	MOVFF       SPI_Ethernet_readPacket_start_L0+1, FARG_SPI_Ethernet_doUDP_start+1
0x2F78	0xF2D2C2C7  	MOVFF       SPI_Ethernet_readPacket_ipHeaderLen_L2, FARG_SPI_Ethernet_doUDP_ipHeaderLen
0x2F7C	0xF2D3C2C5  	MOVFF       SPI_Ethernet_readPacket_payloadAddr_L3, FARG_SPI_Ethernet_doUDP_payloadAddr
0x2F80	0xF2D4C2C6  	MOVFF       SPI_Ethernet_readPacket_payloadAddr_L3+1, FARG_SPI_Ethernet_doUDP_payloadAddr+1
0x2F84	0xF010EC12  	CALL        _SPI_Ethernet_doUDP, 0
;__Lib_EthEnc28j60.c,861 :: 		
0x2F88	0xD031      	BRA         L_SPI_Ethernet_readPacket41
L_SPI_Ethernet_readPacket40:
;__Lib_EthEnc28j60.c,862 :: 		
0x2F8A	0x0102      	MOVLB       2
0x2F8C	0x51C4      	MOVF        SPI_Ethernet_readPacket_proto_L3, 0, 1
0x2F8E	0x0A06      	XORLW       6
0x2F90	0xE12D      	BNZ         L_SPI_Ethernet_readPacket42
;__Lib_EthEnc28j60.c,864 :: 		
0x2F92	0x0E10      	MOVLW       16
0x2F94	0x25C9      	ADDWF       SPI_Ethernet_readPacket_start_L0, 0, 1
0x2F96	0x0103      	MOVLB       3
0x2F98	0x6F2E      	MOVWF       FARG_SPI_Ethernet_readMem_addr, 1
0x2F9A	0x0E00      	MOVLW       0
0x2F9C	0x0102      	MOVLB       2
0x2F9E	0x21CA      	ADDWFC      SPI_Ethernet_readPacket_start_L0+1, 0, 1
0x2FA0	0x0103      	MOVLB       3
0x2FA2	0x6F2F      	MOVWF       FARG_SPI_Ethernet_readMem_addr+1, 1
0x2FA4	0xF001EC39  	CALL        _SPI_Ethernet_readMem, 0
0x2FA8	0xF2CFC000  	MOVFF       R0, FLOC__SPI_Ethernet_readPacket+1
0x2FAC	0x0102      	MOVLB       2
0x2FAE	0x6BCE      	CLRF        FLOC__SPI_Ethernet_readPacket, 1
0x2FB0	0xF003ECC4  	CALL        _SPI_Ethernet_getByte, 0
0x2FB4	0x5000      	MOVF        R0, 0 
0x2FB6	0x0102      	MOVLB       2
0x2FB8	0x25CE      	ADDWF       FLOC__SPI_Ethernet_readPacket, 0, 1
0x2FBA	0x0101      	MOVLB       1
0x2FBC	0x6F53      	MOVWF       _SPI_Ethernet_pktLen, 1
0x2FBE	0x0E00      	MOVLW       0
0x2FC0	0x0102      	MOVLB       2
0x2FC2	0x21CF      	ADDWFC      FLOC__SPI_Ethernet_readPacket+1, 0, 1
0x2FC4	0x0101      	MOVLB       1
0x2FC6	0x6F54      	MOVWF       _SPI_Ethernet_pktLen+1, 1
0x2FC8	0x0E0E      	MOVLW       14
0x2FCA	0x2753      	ADDWF       _SPI_Ethernet_pktLen, 1, 1
0x2FCC	0x0E00      	MOVLW       0
0x2FCE	0x2354      	ADDWFC      _SPI_Ethernet_pktLen+1, 1, 1
;__Lib_EthEnc28j60.c,865 :: 		
0x2FD0	0xF2D0C2C9  	MOVFF       SPI_Ethernet_readPacket_start_L0, FARG_SPI_Ethernet_doTCP_start
0x2FD4	0xF2D1C2CA  	MOVFF       SPI_Ethernet_readPacket_start_L0+1, FARG_SPI_Ethernet_doTCP_start+1
0x2FD8	0xF2D2C2C7  	MOVFF       SPI_Ethernet_readPacket_ipHeaderLen_L2, FARG_SPI_Ethernet_doTCP_ipHeaderLen
0x2FDC	0xF2D3C2C8  	MOVFF       SPI_Ethernet_readPacket_ipHeaderLen_L2+1, FARG_SPI_Ethernet_doTCP_ipHeaderLen+1
0x2FE0	0xF2D4C2C5  	MOVFF       SPI_Ethernet_readPacket_payloadAddr_L3, FARG_SPI_Ethernet_doTCP_payloadAddr
0x2FE4	0xF2D5C2C6  	MOVFF       SPI_Ethernet_readPacket_payloadAddr_L3+1, FARG_SPI_Ethernet_doTCP_payloadAddr+1
0x2FE8	0xF011EC04  	CALL        _SPI_Ethernet_doTCP, 0
;__Lib_EthEnc28j60.c,866 :: 		
L_SPI_Ethernet_readPacket42:
L_SPI_Ethernet_readPacket41:
L_SPI_Ethernet_readPacket39:
;__Lib_EthEnc28j60.c,867 :: 		
L_SPI_Ethernet_readPacket34:
;__Lib_EthEnc28j60.c,868 :: 		
L_SPI_Ethernet_readPacket31:
L_SPI_Ethernet_readPacket29:
;__Lib_EthEnc28j60.c,869 :: 		
0x2FEC	0xD003      	BRA         L_SPI_Ethernet_readPacket43
L_SPI_Ethernet_readPacket23:
;__Lib_EthEnc28j60.c,871 :: 		
0x2FEE	0x0E04      	MOVLW       4
0x2FF0	0x0102      	MOVLB       2
0x2FF2	0x6FCD      	MOVWF       SPI_Ethernet_readPacket_res_L0, 1
L_SPI_Ethernet_readPacket43:
L_SPI_Ethernet_readPacket22:
;__Lib_EthEnc28j60.c,874 :: 		
0x2FF4	0x0E1E      	MOVLW       30
0x2FF6	0x0103      	MOVLB       3
0x2FF8	0x6F2E      	MOVWF       FARG_SPI_Ethernet_setBitReg_addr, 1
0x2FFA	0x0E40      	MOVLW       64
0x2FFC	0x6F2F      	MOVWF       FARG_SPI_Ethernet_setBitReg_mask, 1
0x2FFE	0xF001EC58  	CALL        _SPI_Ethernet_setBitReg, 0
;__Lib_EthEnc28j60.c,886 :: 		
0x3002	0x0E01      	MOVLW       1
0x3004	0x0100      	MOVLB       0
0x3006	0x5DD7      	SUBWF       SPI_Ethernet_readPacket_nextPtr_L0, 0, 1
0x3008	0x6E01      	MOVWF       R1 
0x300A	0x0E00      	MOVLW       0
0x300C	0x59D8      	SUBWFB      SPI_Ethernet_readPacket_nextPtr_L0+1, 0, 1
0x300E	0x6E02      	MOVWF       R2 
0x3010	0x5002      	MOVF        R2, 0 
0x3012	0x0819      	SUBLW       25
0x3014	0xE102      	BNZ         L__SPI_Ethernet_readPacket306
0x3016	0x5001      	MOVF        R1, 0 
0x3018	0x08AD      	SUBLW       173
L__SPI_Ethernet_readPacket306:
0x301A	0xE20A      	BC          L_SPI_Ethernet_readPacket44
;__Lib_EthEnc28j60.c,888 :: 		
0x301C	0x0E0C      	MOVLW       12
0x301E	0x0103      	MOVLB       3
0x3020	0x6F31      	MOVWF       FARG_SPI_Ethernet_writeAddr_addr, 1
0x3022	0x0EAD      	MOVLW       173
0x3024	0x6F32      	MOVWF       FARG_SPI_Ethernet_writeAddr_v, 1
0x3026	0x0E19      	MOVLW       25
0x3028	0x6F33      	MOVWF       FARG_SPI_Ethernet_writeAddr_v+1, 1
0x302A	0xF000ECA2  	CALL        _SPI_Ethernet_writeAddr, 0
;__Lib_EthEnc28j60.c,889 :: 		
0x302E	0xD00F      	BRA         L_SPI_Ethernet_readPacket45
L_SPI_Ethernet_readPacket44:
;__Lib_EthEnc28j60.c,892 :: 		
0x3030	0x0E0C      	MOVLW       12
0x3032	0x0103      	MOVLB       3
0x3034	0x6F31      	MOVWF       FARG_SPI_Ethernet_writeAddr_addr, 1
0x3036	0x0E01      	MOVLW       1
0x3038	0x0100      	MOVLB       0
0x303A	0x5DD7      	SUBWF       SPI_Ethernet_readPacket_nextPtr_L0, 0, 1
0x303C	0x0103      	MOVLB       3
0x303E	0x6F32      	MOVWF       FARG_SPI_Ethernet_writeAddr_v, 1
0x3040	0x0E00      	MOVLW       0
0x3042	0x0100      	MOVLB       0
0x3044	0x59D8      	SUBWFB      SPI_Ethernet_readPacket_nextPtr_L0+1, 0, 1
0x3046	0x0103      	MOVLB       3
0x3048	0x6F33      	MOVWF       FARG_SPI_Ethernet_writeAddr_v+1, 1
0x304A	0xF000ECA2  	CALL        _SPI_Ethernet_writeAddr, 0
;__Lib_EthEnc28j60.c,893 :: 		
L_SPI_Ethernet_readPacket45:
;__Lib_EthEnc28j60.c,895 :: 		
0x304E	0xF000C2CD  	MOVFF       SPI_Ethernet_readPacket_res_L0, R0
;__Lib_EthEnc28j60.c,896 :: 		
L_end_SPI_Ethernet_readPacket:
0x3052	0x0012      	RETURN      0
; end of _SPI_Ethernet_readPacket
_lcdDisplayProgram:
;Master.c,481 :: 		void lcdDisplayProgram(struct Mode Program, unsigned char ID)
;Master.c,488 :: 		Lcd_Out(1, 1, "Prog:");
0x3054	0x0E01      	MOVLW       1
0x3056	0x0102      	MOVLB       2
0x3058	0x6FD0      	MOVWF       FARG_Lcd_Out_row, 1
0x305A	0x0E01      	MOVLW       1
0x305C	0x6FD1      	MOVWF       FARG_Lcd_Out_column, 1
0x305E	0x0E9C      	MOVLW       ?lstr10_Master
0x3060	0x6FD2      	MOVWF       FARG_Lcd_Out_text, 1
0x3062	0x0E00      	MOVLW       hi_addr(?lstr10_Master)
0x3064	0x6FD3      	MOVWF       FARG_Lcd_Out_text+1, 1
0x3066	0xF010ECC0  	CALL        _Lcd_Out, 0
;Master.c,489 :: 		lcdDisplayUchar(1, 6, ID);
0x306A	0x0E01      	MOVLW       1
0x306C	0x0102      	MOVLB       2
0x306E	0x6FD0      	MOVWF       FARG_lcdDisplayUchar_row, 1
0x3070	0x0E06      	MOVLW       6
0x3072	0x6FD1      	MOVWF       FARG_lcdDisplayUchar_col, 1
0x3074	0xF2D2C2C8  	MOVFF       FARG_lcdDisplayProgram_ID, FARG_lcdDisplayUchar_value
0x3078	0xF00FEC19  	CALL        _lcdDisplayUchar, 0
;Master.c,490 :: 		Lcd_Out(1, 8, "   ");
0x307C	0x0E01      	MOVLW       1
0x307E	0x0102      	MOVLB       2
0x3080	0x6FD0      	MOVWF       FARG_Lcd_Out_row, 1
0x3082	0x0E08      	MOVLW       8
0x3084	0x6FD1      	MOVWF       FARG_Lcd_Out_column, 1
0x3086	0x0E28      	MOVLW       ?lstr11_Master
0x3088	0x6FD2      	MOVWF       FARG_Lcd_Out_text, 1
0x308A	0x0E00      	MOVLW       hi_addr(?lstr11_Master)
0x308C	0x6FD3      	MOVWF       FARG_Lcd_Out_text+1, 1
0x308E	0xF010ECC0  	CALL        _Lcd_Out, 0
;Master.c,491 :: 		Lcd_Out(1, 12, "Total"); // prvi red
0x3092	0x0E01      	MOVLW       1
0x3094	0x0102      	MOVLB       2
0x3096	0x6FD0      	MOVWF       FARG_Lcd_Out_row, 1
0x3098	0x0E0C      	MOVLW       12
0x309A	0x6FD1      	MOVWF       FARG_Lcd_Out_column, 1
0x309C	0x0E1A      	MOVLW       ?lstr12_Master
0x309E	0x6FD2      	MOVWF       FARG_Lcd_Out_text, 1
0x30A0	0x0E00      	MOVLW       hi_addr(?lstr12_Master)
0x30A2	0x6FD3      	MOVWF       FARG_Lcd_Out_text+1, 1
0x30A4	0xF010ECC0  	CALL        _Lcd_Out, 0
;Master.c,493 :: 		lcdDisplayUchar(2, 1, Program.startHour);
0x30A8	0x0E02      	MOVLW       2
0x30AA	0x0102      	MOVLB       2
0x30AC	0x6FD0      	MOVWF       FARG_lcdDisplayUchar_row, 1
0x30AE	0x0E01      	MOVLW       1
0x30B0	0x6FD1      	MOVWF       FARG_lcdDisplayUchar_col, 1
0x30B2	0xF2D2C2C4  	MOVFF       FARG_lcdDisplayProgram_Program, FARG_lcdDisplayUchar_value
0x30B6	0xF00FEC19  	CALL        _lcdDisplayUchar, 0
;Master.c,494 :: 		Lcd_Chr(2, 3, ':');
0x30BA	0x0E02      	MOVLW       2
0x30BC	0x0102      	MOVLB       2
0x30BE	0x6FFD      	MOVWF       FARG_Lcd_Chr_row, 1
0x30C0	0x0E03      	MOVLW       3
0x30C2	0x6FFE      	MOVWF       FARG_Lcd_Chr_column, 1
0x30C4	0x0E3A      	MOVLW       58
0x30C6	0x6FFF      	MOVWF       FARG_Lcd_Chr_out_char, 1
0x30C8	0xF00CEC25  	CALL        _Lcd_Chr, 0
;Master.c,495 :: 		lcdDisplayUchar(2, 4, Program.startMin);
0x30CC	0x0E02      	MOVLW       2
0x30CE	0x0102      	MOVLB       2
0x30D0	0x6FD0      	MOVWF       FARG_lcdDisplayUchar_row, 1
0x30D2	0x0E04      	MOVLW       4
0x30D4	0x6FD1      	MOVWF       FARG_lcdDisplayUchar_col, 1
0x30D6	0xF2D2C2C5  	MOVFF       FARG_lcdDisplayProgram_Program+1, FARG_lcdDisplayUchar_value
0x30DA	0xF00FEC19  	CALL        _lcdDisplayUchar, 0
;Master.c,496 :: 		Lcd_Out(2, 6, "  ");
0x30DE	0x0E02      	MOVLW       2
0x30E0	0x0102      	MOVLB       2
0x30E2	0x6FD0      	MOVWF       FARG_Lcd_Out_row, 1
0x30E4	0x0E06      	MOVLW       6
0x30E6	0x6FD1      	MOVWF       FARG_Lcd_Out_column, 1
0x30E8	0x0E20      	MOVLW       ?lstr13_Master
0x30EA	0x6FD2      	MOVWF       FARG_Lcd_Out_text, 1
0x30EC	0x0E00      	MOVLW       hi_addr(?lstr13_Master)
0x30EE	0x6FD3      	MOVWF       FARG_Lcd_Out_text+1, 1
0x30F0	0xF010ECC0  	CALL        _Lcd_Out, 0
;Master.c,497 :: 		Lcd_Chr(2, 8, '/');
0x30F4	0x0E02      	MOVLW       2
0x30F6	0x0102      	MOVLB       2
0x30F8	0x6FFD      	MOVWF       FARG_Lcd_Chr_row, 1
0x30FA	0x0E08      	MOVLW       8
0x30FC	0x6FFE      	MOVWF       FARG_Lcd_Chr_column, 1
0x30FE	0x0E2F      	MOVLW       47
0x3100	0x6FFF      	MOVWF       FARG_Lcd_Chr_out_char, 1
0x3102	0xF00CEC25  	CALL        _Lcd_Chr, 0
;Master.c,498 :: 		Lcd_Out(2, 9, "    ");
0x3106	0x0E02      	MOVLW       2
0x3108	0x0102      	MOVLB       2
0x310A	0x6FD0      	MOVWF       FARG_Lcd_Out_row, 1
0x310C	0x0E09      	MOVLW       9
0x310E	0x6FD1      	MOVWF       FARG_Lcd_Out_column, 1
0x3110	0x0E23      	MOVLW       ?lstr14_Master
0x3112	0x6FD2      	MOVWF       FARG_Lcd_Out_text, 1
0x3114	0x0E00      	MOVLW       hi_addr(?lstr14_Master)
0x3116	0x6FD3      	MOVWF       FARG_Lcd_Out_text+1, 1
0x3118	0xF010ECC0  	CALL        _Lcd_Out, 0
;Master.c,499 :: 		lcdDisplayUchar(2, 13, Program.durationsH);
0x311C	0x0E02      	MOVLW       2
0x311E	0x0102      	MOVLB       2
0x3120	0x6FD0      	MOVWF       FARG_lcdDisplayUchar_row, 1
0x3122	0x0E0D      	MOVLW       13
0x3124	0x6FD1      	MOVWF       FARG_lcdDisplayUchar_col, 1
0x3126	0xF2D2C2C6  	MOVFF       FARG_lcdDisplayProgram_Program+2, FARG_lcdDisplayUchar_value
0x312A	0xF00FEC19  	CALL        _lcdDisplayUchar, 0
;Master.c,500 :: 		lcdDisplayUchar(2, 15, Program.durationsL);
0x312E	0x0E02      	MOVLW       2
0x3130	0x0102      	MOVLB       2
0x3132	0x6FD0      	MOVWF       FARG_lcdDisplayUchar_row, 1
0x3134	0x0E0F      	MOVLW       15
0x3136	0x6FD1      	MOVWF       FARG_lcdDisplayUchar_col, 1
0x3138	0xF2D2C2C7  	MOVFF       FARG_lcdDisplayProgram_Program+3, FARG_lcdDisplayUchar_value
0x313C	0xF00FEC19  	CALL        _lcdDisplayUchar, 0
;Master.c,501 :: 		}
0x3140	0x0012      	RETURN      0
; end of _lcdDisplayProgram
_Lcd_Init:
;__Lib_Lcd.c,84 :: 		
;__Lib_Lcd.c,86 :: 		
0x3142	0x9494      	BCF         LCD_EN_Direction, BitPos(LCD_EN_Direction+0) 
;__Lib_Lcd.c,87 :: 		
0x3144	0x9094      	BCF         LCD_RS_Direction, BitPos(LCD_RS_Direction+0) 
;__Lib_Lcd.c,88 :: 		
0x3146	0x9893      	BCF         LCD_D4_Direction, BitPos(LCD_D4_Direction+0) 
;__Lib_Lcd.c,89 :: 		
0x3148	0x9A93      	BCF         LCD_D5_Direction, BitPos(LCD_D5_Direction+0) 
;__Lib_Lcd.c,90 :: 		
0x314A	0x9C93      	BCF         LCD_D6_Direction, BitPos(LCD_D6_Direction+0) 
;__Lib_Lcd.c,91 :: 		
0x314C	0x9E93      	BCF         LCD_D7_Direction, BitPos(LCD_D7_Direction+0) 
;__Lib_Lcd.c,93 :: 		
0x314E	0x9482      	BCF         LCD_EN, BitPos(LCD_EN+0) 
;__Lib_Lcd.c,94 :: 		
0x3150	0x9082      	BCF         LCD_RS, BitPos(LCD_RS+0) 
;__Lib_Lcd.c,95 :: 		
0x3152	0x9E81      	BCF         LCD_D7, BitPos(LCD_D7+0) 
;__Lib_Lcd.c,96 :: 		
0x3154	0x9C81      	BCF         LCD_D6, BitPos(LCD_D6+0) 
;__Lib_Lcd.c,97 :: 		
0x3156	0x9A81      	BCF         LCD_D5, BitPos(LCD_D5+0) 
;__Lib_Lcd.c,98 :: 		
0x3158	0x9881      	BCF         LCD_D4, BitPos(LCD_D4+0) 
;__Lib_Lcd.c,100 :: 		
0x315A	0xF004EC16  	CALL        _Delay_5500us, 0
;__Lib_Lcd.c,101 :: 		
0x315E	0xF004EC16  	CALL        _Delay_5500us, 0
;__Lib_Lcd.c,102 :: 		
0x3162	0xF004EC16  	CALL        _Delay_5500us, 0
;__Lib_Lcd.c,105 :: 		
0x3166	0x8A81      	BSF         LCD_D5, BitPos(LCD_D5+0) 
;__Lib_Lcd.c,106 :: 		
0x3168	0x8881      	BSF         LCD_D4, BitPos(LCD_D4+0) 
;__Lib_Lcd.c,107 :: 		
0x316A	0x8482      	BSF         LCD_EN, BitPos(LCD_EN+0) 
;__Lib_Lcd.c,108 :: 		
0x316C	0xF003ECBD  	CALL        _Delay_1us, 0
;__Lib_Lcd.c,109 :: 		
0x3170	0x9482      	BCF         LCD_EN, BitPos(LCD_EN+0) 
;__Lib_Lcd.c,110 :: 		
0x3172	0xF004EC16  	CALL        _Delay_5500us, 0
;__Lib_Lcd.c,112 :: 		
0x3176	0x8482      	BSF         LCD_EN, BitPos(LCD_EN+0) 
;__Lib_Lcd.c,113 :: 		
0x3178	0xF003ECBD  	CALL        _Delay_1us, 0
;__Lib_Lcd.c,114 :: 		
0x317C	0x9482      	BCF         LCD_EN, BitPos(LCD_EN+0) 
;__Lib_Lcd.c,115 :: 		
0x317E	0xF004EC16  	CALL        _Delay_5500us, 0
;__Lib_Lcd.c,117 :: 		
0x3182	0x8482      	BSF         LCD_EN, BitPos(LCD_EN+0) 
;__Lib_Lcd.c,118 :: 		
0x3184	0xF003ECBD  	CALL        _Delay_1us, 0
;__Lib_Lcd.c,119 :: 		
0x3188	0x9482      	BCF         LCD_EN, BitPos(LCD_EN+0) 
;__Lib_Lcd.c,120 :: 		
0x318A	0xF004EC16  	CALL        _Delay_5500us, 0
;__Lib_Lcd.c,123 :: 		
0x318E	0x9881      	BCF         LCD_D4, BitPos(LCD_D4+0) 
;__Lib_Lcd.c,124 :: 		
0x3190	0x8482      	BSF         LCD_EN, BitPos(LCD_EN+0) 
;__Lib_Lcd.c,125 :: 		
0x3192	0xF003ECBD  	CALL        _Delay_1us, 0
;__Lib_Lcd.c,126 :: 		
0x3196	0x9482      	BCF         LCD_EN, BitPos(LCD_EN+0) 
;__Lib_Lcd.c,127 :: 		
0x3198	0xF004EC16  	CALL        _Delay_5500us, 0
;__Lib_Lcd.c,130 :: 		
0x319C	0x8482      	BSF         LCD_EN, BitPos(LCD_EN+0) 
;__Lib_Lcd.c,131 :: 		
0x319E	0xF003ECBD  	CALL        _Delay_1us, 0
;__Lib_Lcd.c,132 :: 		
0x31A2	0x9482      	BCF         LCD_EN, BitPos(LCD_EN+0) 
;__Lib_Lcd.c,134 :: 		
0x31A4	0x9A81      	BCF         LCD_D5, BitPos(LCD_D5+0) 
;__Lib_Lcd.c,135 :: 		
0x31A6	0x8E81      	BSF         LCD_D7, BitPos(LCD_D7+0) 
;__Lib_Lcd.c,136 :: 		
0x31A8	0x8482      	BSF         LCD_EN, BitPos(LCD_EN+0) 
;__Lib_Lcd.c,137 :: 		
0x31AA	0xF003ECBD  	CALL        _Delay_1us, 0
;__Lib_Lcd.c,138 :: 		
0x31AE	0x9482      	BCF         LCD_EN, BitPos(LCD_EN+0) 
;__Lib_Lcd.c,139 :: 		
0x31B0	0xF004EC16  	CALL        _Delay_5500us, 0
;__Lib_Lcd.c,142 :: 		
0x31B4	0x9E81      	BCF         LCD_D7, BitPos(LCD_D7+0) 
;__Lib_Lcd.c,143 :: 		
0x31B6	0x8881      	BSF         LCD_D4, BitPos(LCD_D4+0) 
;__Lib_Lcd.c,144 :: 		
0x31B8	0x8482      	BSF         LCD_EN, BitPos(LCD_EN+0) 
;__Lib_Lcd.c,145 :: 		
0x31BA	0xF003ECBD  	CALL        _Delay_1us, 0
;__Lib_Lcd.c,146 :: 		
0x31BE	0x9482      	BCF         LCD_EN, BitPos(LCD_EN+0) 
;__Lib_Lcd.c,148 :: 		
0x31C0	0x9881      	BCF         LCD_D4, BitPos(LCD_D4+0) 
;__Lib_Lcd.c,149 :: 		
0x31C2	0x8482      	BSF         LCD_EN, BitPos(LCD_EN+0) 
;__Lib_Lcd.c,150 :: 		
0x31C4	0xF003ECBD  	CALL        _Delay_1us, 0
;__Lib_Lcd.c,151 :: 		
0x31C8	0x9482      	BCF         LCD_EN, BitPos(LCD_EN+0) 
;__Lib_Lcd.c,152 :: 		
0x31CA	0xF004EC16  	CALL        _Delay_5500us, 0
;__Lib_Lcd.c,155 :: 		
0x31CE	0x8482      	BSF         LCD_EN, BitPos(LCD_EN+0) 
;__Lib_Lcd.c,156 :: 		
0x31D0	0xF003ECBD  	CALL        _Delay_1us, 0
;__Lib_Lcd.c,157 :: 		
0x31D4	0x9482      	BCF         LCD_EN, BitPos(LCD_EN+0) 
;__Lib_Lcd.c,159 :: 		
0x31D6	0x8881      	BSF         LCD_D4, BitPos(LCD_D4+0) 
;__Lib_Lcd.c,160 :: 		
0x31D8	0x8482      	BSF         LCD_EN, BitPos(LCD_EN+0) 
;__Lib_Lcd.c,161 :: 		
0x31DA	0xF003ECBD  	CALL        _Delay_1us, 0
;__Lib_Lcd.c,162 :: 		
0x31DE	0x9482      	BCF         LCD_EN, BitPos(LCD_EN+0) 
;__Lib_Lcd.c,163 :: 		
0x31E0	0xF004EC16  	CALL        _Delay_5500us, 0
;__Lib_Lcd.c,166 :: 		
0x31E4	0x9881      	BCF         LCD_D4, BitPos(LCD_D4+0) 
;__Lib_Lcd.c,167 :: 		
0x31E6	0x8482      	BSF         LCD_EN, BitPos(LCD_EN+0) 
;__Lib_Lcd.c,168 :: 		
0x31E8	0xF003ECBD  	CALL        _Delay_1us, 0
;__Lib_Lcd.c,169 :: 		
0x31EC	0x9482      	BCF         LCD_EN, BitPos(LCD_EN+0) 
;__Lib_Lcd.c,171 :: 		
0x31EE	0x8E81      	BSF         LCD_D7, BitPos(LCD_D7+0) 
;__Lib_Lcd.c,172 :: 		
0x31F0	0x8C81      	BSF         LCD_D6, BitPos(LCD_D6+0) 
;__Lib_Lcd.c,173 :: 		
0x31F2	0x8A81      	BSF         LCD_D5, BitPos(LCD_D5+0) 
;__Lib_Lcd.c,174 :: 		
0x31F4	0x8881      	BSF         LCD_D4, BitPos(LCD_D4+0) 
;__Lib_Lcd.c,175 :: 		
0x31F6	0x8482      	BSF         LCD_EN, BitPos(LCD_EN+0) 
;__Lib_Lcd.c,176 :: 		
0x31F8	0xF003ECBD  	CALL        _Delay_1us, 0
;__Lib_Lcd.c,177 :: 		
0x31FC	0x9482      	BCF         LCD_EN, BitPos(LCD_EN+0) 
;__Lib_Lcd.c,179 :: 		
0x31FE	0xF004EC16  	CALL        _Delay_5500us, 0
;__Lib_Lcd.c,181 :: 		
0x3202	0x0101      	MOVLB       1
0x3204	0x812A      	BSF         __Lib_Lcd_cmd_status, BitPos(__Lib_Lcd_cmd_status+0), 1
;__Lib_Lcd.c,182 :: 		
L_end_Lcd_Init:
0x3206	0x0012      	RETURN      0
; end of _Lcd_Init
_updateLCD:
;Master.c,502 :: 		void updateLCD()
;Master.c,504 :: 		if (cntDisp < 16)
0x3208	0x0E10      	MOVLW       16
0x320A	0x0101      	MOVLB       1
0x320C	0x5DB1      	SUBWF       _cntDisp, 0, 1
0x320E	0xE21E      	BC          L_updateLCD76
;Master.c,506 :: 		lcdDisplayProgram(Program[cntDisp], cntDisp);
0x3210	0xF000C1B1  	MOVFF       _cntDisp, R0
0x3214	0x0E00      	MOVLW       0
0x3216	0x6E01      	MOVWF       R1 
0x3218	0x3600      	RLCF        R0, 1 
0x321A	0x9000      	BCF         R0, 0 
0x321C	0x3601      	RLCF        R1, 1 
0x321E	0x3600      	RLCF        R0, 1 
0x3220	0x9000      	BCF         R0, 0 
0x3222	0x3601      	RLCF        R1, 1 
0x3224	0x0EED      	MOVLW       _Program
0x3226	0x2400      	ADDWF       R0, 0 
0x3228	0x6EE9      	MOVWF       FSR0L 
0x322A	0x0E01      	MOVLW       hi_addr(_Program)
0x322C	0x2001      	ADDWFC      R1, 0 
0x322E	0x6EEA      	MOVWF       FSR0H 
0x3230	0x0E04      	MOVLW       4
0x3232	0x6E00      	MOVWF       R0 
0x3234	0x0EC4      	MOVLW       FARG_lcdDisplayProgram_Program
0x3236	0x6EE1      	MOVWF       FSR1L 
0x3238	0x0E02      	MOVLW       hi_addr(FARG_lcdDisplayProgram_Program)
0x323A	0x6EE2      	MOVWF       FSR1H 
L_updateLCD77:
0x323C	0xFFE6CFEE  	MOVFF       POSTINC0, POSTINC1
0x3240	0x0600      	DECF        R0, 1 
0x3242	0xE1FC      	BNZ         L_updateLCD77
0x3244	0xF2C8C1B1  	MOVFF       _cntDisp, FARG_lcdDisplayProgram_ID
0x3248	0xDF05      	RCALL       _lcdDisplayProgram
;Master.c,507 :: 		}
0x324A	0xD04E      	BRA         L_updateLCD78
L_updateLCD76:
;Master.c,508 :: 		else if (cntDisp == 16)
0x324C	0x51B1      	MOVF        _cntDisp, 0, 1
0x324E	0x0A10      	XORLW       16
0x3250	0xE110      	BNZ         L_updateLCD79
;Master.c,510 :: 		Lcd_Out(1, 1, "Operation       ");
0x3252	0x0E01      	MOVLW       1
0x3254	0x0102      	MOVLB       2
0x3256	0x6FD0      	MOVWF       FARG_Lcd_Out_row, 1
0x3258	0x0E01      	MOVLW       1
0x325A	0x6FD1      	MOVWF       FARG_Lcd_Out_column, 1
0x325C	0x0E81      	MOVLW       ?lstr15_Master
0x325E	0x6FD2      	MOVWF       FARG_Lcd_Out_text, 1
0x3260	0x0E00      	MOVLW       hi_addr(?lstr15_Master)
0x3262	0x6FD3      	MOVWF       FARG_Lcd_Out_text+1, 1
0x3264	0xF010ECC0  	CALL        _Lcd_Out, 0
;Master.c,511 :: 		lcdDisplayBit(STATUS_SYSTEM_BIT);
0x3268	0x0E80      	MOVLW       128
0x326A	0x0102      	MOVLB       2
0x326C	0x6FC4      	MOVWF       FARG_lcdDisplayBit_mask, 1
0x326E	0xDC3C      	RCALL       _lcdDisplayBit
;Master.c,512 :: 		}
0x3270	0xD03B      	BRA         L_updateLCD80
L_updateLCD79:
;Master.c,513 :: 		else if (cntDisp == 17)
0x3272	0x0101      	MOVLB       1
0x3274	0x51B1      	MOVF        _cntDisp, 0, 1
0x3276	0x0A11      	XORLW       17
0x3278	0xE110      	BNZ         L_updateLCD81
;Master.c,515 :: 		Lcd_Out(1, 1, "Watering        ");
0x327A	0x0E01      	MOVLW       1
0x327C	0x0102      	MOVLB       2
0x327E	0x6FD0      	MOVWF       FARG_Lcd_Out_row, 1
0x3280	0x0E01      	MOVLW       1
0x3282	0x6FD1      	MOVWF       FARG_Lcd_Out_column, 1
0x3284	0x0EA2      	MOVLW       ?lstr16_Master
0x3286	0x6FD2      	MOVWF       FARG_Lcd_Out_text, 1
0x3288	0x0E00      	MOVLW       hi_addr(?lstr16_Master)
0x328A	0x6FD3      	MOVWF       FARG_Lcd_Out_text+1, 1
0x328C	0xF010ECC0  	CALL        _Lcd_Out, 0
;Master.c,516 :: 		lcdDisplayBit(STATUS_WATER_BIT);
0x3290	0x0E40      	MOVLW       64
0x3292	0x0102      	MOVLB       2
0x3294	0x6FC4      	MOVWF       FARG_lcdDisplayBit_mask, 1
0x3296	0xDC28      	RCALL       _lcdDisplayBit
;Master.c,517 :: 		}
0x3298	0xD027      	BRA         L_updateLCD82
L_updateLCD81:
;Master.c,518 :: 		else if (cntDisp == 18)
0x329A	0x0101      	MOVLB       1
0x329C	0x51B1      	MOVF        _cntDisp, 0, 1
0x329E	0x0A12      	XORLW       18
0x32A0	0xE110      	BNZ         L_updateLCD83
;Master.c,520 :: 		Lcd_Out(1, 1, "Alarm           ");
0x32A2	0x0E01      	MOVLW       1
0x32A4	0x0102      	MOVLB       2
0x32A6	0x6FD0      	MOVWF       FARG_Lcd_Out_row, 1
0x32A8	0x0E01      	MOVLW       1
0x32AA	0x6FD1      	MOVWF       FARG_Lcd_Out_column, 1
0x32AC	0x0EB3      	MOVLW       ?lstr17_Master
0x32AE	0x6FD2      	MOVWF       FARG_Lcd_Out_text, 1
0x32B0	0x0E00      	MOVLW       hi_addr(?lstr17_Master)
0x32B2	0x6FD3      	MOVWF       FARG_Lcd_Out_text+1, 1
0x32B4	0xF010ECC0  	CALL        _Lcd_Out, 0
;Master.c,521 :: 		lcdDisplayBit(STATUS_ALARM_BIT);
0x32B8	0x0E20      	MOVLW       32
0x32BA	0x0102      	MOVLB       2
0x32BC	0x6FC4      	MOVWF       FARG_lcdDisplayBit_mask, 1
0x32BE	0xDC14      	RCALL       _lcdDisplayBit
;Master.c,522 :: 		}
0x32C0	0xD013      	BRA         L_updateLCD84
L_updateLCD83:
;Master.c,523 :: 		else if (cntDisp == 19)
0x32C2	0x0101      	MOVLB       1
0x32C4	0x51B1      	MOVF        _cntDisp, 0, 1
0x32C6	0x0A13      	XORLW       19
0x32C8	0xE10F      	BNZ         L_updateLCD85
;Master.c,525 :: 		Lcd_Out(1, 1, "Manual          ");
0x32CA	0x0E01      	MOVLW       1
0x32CC	0x0102      	MOVLB       2
0x32CE	0x6FD0      	MOVWF       FARG_Lcd_Out_row, 1
0x32D0	0x0E01      	MOVLW       1
0x32D2	0x6FD1      	MOVWF       FARG_Lcd_Out_column, 1
0x32D4	0x0EC4      	MOVLW       ?lstr18_Master
0x32D6	0x6FD2      	MOVWF       FARG_Lcd_Out_text, 1
0x32D8	0x0E00      	MOVLW       hi_addr(?lstr18_Master)
0x32DA	0x6FD3      	MOVWF       FARG_Lcd_Out_text+1, 1
0x32DC	0xF010ECC0  	CALL        _Lcd_Out, 0
;Master.c,526 :: 		lcdDisplayBit(STATUS_MANUAL_BIT);
0x32E0	0x0E10      	MOVLW       16
0x32E2	0x0102      	MOVLB       2
0x32E4	0x6FC4      	MOVWF       FARG_lcdDisplayBit_mask, 1
0x32E6	0xDC00      	RCALL       _lcdDisplayBit
;Master.c,527 :: 		}
L_updateLCD85:
L_updateLCD84:
L_updateLCD82:
L_updateLCD80:
L_updateLCD78:
;Master.c,528 :: 		}
0x32E8	0x0012      	RETURN      0
; end of _updateLCD
___CC2DW:
;__Lib_System.c,21 :: 		
;__Lib_System.c,23 :: 		
_CC2DL_Loop1:
;__Lib_System.c,24 :: 		
0x32EA	0x0009      	TBLRD*+
;__Lib_System.c,25 :: 		
0x32EC	0xFFE6CFF5  	MOVFF       TABLAT, POSTINC1
;__Lib_System.c,26 :: 		
0x32F0	0x0600      	DECF        R0, 1, 0
;__Lib_System.c,27 :: 		
0x32F2	0xE1FB      	BNZ         _CC2DL_Loop1
;__Lib_System.c,28 :: 		
0x32F4	0x0601      	DECF        R1, 1, 0
;__Lib_System.c,29 :: 		
0x32F6	0xE1F9      	BNZ         _CC2DL_Loop1
;__Lib_System.c,31 :: 		
L_end___CC2DW:
0x32F8	0x0012      	RETURN      0
; end of ___CC2DW
_init:
;Master.c,112 :: 		void init()
;Master.c,115 :: 		PIR1 = 0b00000000; // flegovi prijema preko UART-a
0x32FA	0x6A9E      	CLRF        PIR1 
;Master.c,116 :: 		PIE1 = 0b00100001; // dozvola prekida za UART, RCIE, TMR1IE
0x32FC	0x0E21      	MOVLW       33
0x32FE	0x6E9D      	MOVWF       PIE1 
;Master.c,120 :: 		T1CON = 0b10110000; // konfiguracija za tajmer1
0x3300	0x0EB0      	MOVLW       176
0x3302	0x6ECD      	MOVWF       T1CON 
;Master.c,121 :: 		T1CON.TMR1ON = 1;
0x3304	0x80CD      	BSF         T1CON, 0 
;Master.c,127 :: 		TMR1L = 0xB5;
0x3306	0x0EB5      	MOVLW       181
0x3308	0x6ECE      	MOVWF       TMR1L 
;Master.c,128 :: 		TMR1H = 0xB3;
0x330A	0x0EB3      	MOVLW       179
0x330C	0x6ECF      	MOVWF       TMR1H 
;Master.c,130 :: 		INTCON = 0b01000000; // periferijski interapt
0x330E	0x0E40      	MOVLW       64
0x3310	0x6EF2      	MOVWF       INTCON 
;Master.c,131 :: 		INTCON.GIE = 1;      // globalna dozvola prekida
0x3312	0x8EF2      	BSF         INTCON, 7 
;Master.c,134 :: 		TRISA = 0x00;
0x3314	0x6A92      	CLRF        TRISA 
;Master.c,137 :: 		TRISB = 0x0F; // ostali pinovi PORTB su izlazi
0x3316	0x0E0F      	MOVLW       15
0x3318	0x6E93      	MOVWF       TRISB 
;Master.c,138 :: 		TRISC = 0xD0; // 0b11010000; // ovo je OK
0x331A	0x0ED0      	MOVLW       208
0x331C	0x6E94      	MOVWF       TRISC 
;Master.c,140 :: 		PORTA = 0x00;
0x331E	0x6A80      	CLRF        PORTA 
;Master.c,141 :: 		PORTB = 0x00;
0x3320	0x6A81      	CLRF        PORTB 
;Master.c,142 :: 		PORTC = 0x00;
0x3322	0x6A82      	CLRF        PORTC 
;Master.c,144 :: 		ADCON0 = 0x00; // iskljucujemo A/D konverziju
0x3324	0x6AC2      	CLRF        ADCON0 
;Master.c,145 :: 		ADCON1 = 0x0F; // svi digitalni
0x3326	0x0E0F      	MOVLW       15
0x3328	0x6EC1      	MOVWF       ADCON1 
;Master.c,148 :: 		UART1_Init(UART_BAUD_RATE);
0x332A	0x0E50      	MOVLW       80
0x332C	0x6EAF      	MOVWF       SPBRG 
0x332E	0x84AC      	BSF         TXSTA, 2, 0
0x3330	0xF014EC98  	CALL        _UART1_Init, 0
;Master.c,151 :: 		TXSTA.TXEN = 1;
0x3334	0x8AAC      	BSF         TXSTA, 5 
;Master.c,152 :: 		RCSTA.SPEN = 1;
0x3336	0x8EAB      	BSF         RCSTA, 7 
;Master.c,153 :: 		RCSTA.CREN = 1;
0x3338	0x88AB      	BSF         RCSTA, 4 
;Master.c,154 :: 		SPI1_Init_Advanced(_SPI_MASTER_OSC_DIV64, _SPI_DATA_SAMPLE_MIDDLE,
0x333A	0x0E02      	MOVLW       2
0x333C	0x0102      	MOVLB       2
0x333E	0x6FC4      	MOVWF       FARG_SPI1_Init_Advanced_master, 1
0x3340	0x6BC5      	CLRF        FARG_SPI1_Init_Advanced_data_sample, 1
;Master.c,155 :: 		_SPI_CLK_IDLE_LOW, _SPI_LOW_2_HIGH);
0x3342	0x6BC6      	CLRF        FARG_SPI1_Init_Advanced_clock_idle, 1
0x3344	0x0E01      	MOVLW       1
0x3346	0x6FC7      	MOVWF       FARG_SPI1_Init_Advanced_transmit_edge, 1
0x3348	0xF014ECC4  	CALL        _SPI1_Init_Advanced, 0
;Master.c,156 :: 		SPI_Ethernet_Init(myMacAddr, myIpAddr, SPI_Ethernet_FULLDUPLEX);
0x334C	0x0E92      	MOVLW       _myMacAddr
0x334E	0x6FC4      	MOVWF       FARG_SPI_Ethernet_Init_mac, 1
0x3350	0x0E00      	MOVLW       hi_addr(_myMacAddr)
0x3352	0x6FC5      	MOVWF       FARG_SPI_Ethernet_Init_mac+1, 1
0x3354	0x0E98      	MOVLW       _myIpAddr
0x3356	0x6FC6      	MOVWF       FARG_SPI_Ethernet_Init_ip, 1
0x3358	0x0E00      	MOVLW       hi_addr(_myIpAddr)
0x335A	0x6FC7      	MOVWF       FARG_SPI_Ethernet_Init_ip+1, 1
0x335C	0x0E01      	MOVLW       1
0x335E	0x6FC8      	MOVWF       FARG_SPI_Ethernet_Init_fullDuplex, 1
0x3360	0xF014ECF1  	CALL        _SPI_Ethernet_Init, 0
;Master.c,157 :: 		Lcd_Init();
0x3364	0xDEEE      	RCALL       _Lcd_Init
;Master.c,158 :: 		Lcd_Cmd(_LCD_CLEAR);
0x3366	0x0E01      	MOVLW       1
0x3368	0x0103      	MOVLB       3
0x336A	0x6F0E      	MOVWF       FARG_Lcd_Cmd_out_char, 1
0x336C	0xF009EC73  	CALL        _Lcd_Cmd, 0
;Master.c,159 :: 		Lcd_Cmd(_LCD_CURSOR_OFF);
0x3370	0x0E0C      	MOVLW       12
0x3372	0x0103      	MOVLB       3
0x3374	0x6F0E      	MOVWF       FARG_Lcd_Cmd_out_char, 1
0x3376	0xF009EC73  	CALL        _Lcd_Cmd, 0
;Master.c,161 :: 		}
0x337A	0x0012      	RETURN      0
; end of _init
_transmit:
;Master.c,338 :: 		void transmit(unsigned char DATA8b)
;Master.c,340 :: 		TXREG = DATA8b;
0x337C	0xFFADC2C3  	MOVFF       FARG_transmit_DATA8b, TXREG
;Master.c,341 :: 		while (!TXSTA.TRMT)
L_transmit38:
0x3380	0xB2AC      	BTFSC       TXSTA, 1 
0x3382	0xD001      	BRA         L_transmit39
;Master.c,342 :: 		;
0x3384	0xD7FD      	BRA         L_transmit38
L_transmit39:
;Master.c,343 :: 		}
0x3386	0x0012      	RETURN      0
; end of _transmit
_init_variables:
;Master.c,84 :: 		void init_variables()
;Master.c,87 :: 		no_ch = 0x00;
0x3388	0x0101      	MOVLB       1
0x338A	0x6BB4      	CLRF        _no_ch, 1
;Master.c,88 :: 		ByteID = 0x00;
0x338C	0x6BB3      	CLRF        _ByteID, 1
;Master.c,89 :: 		Flag1 = 0x00;
0x338E	0x6BB2      	CLRF        _Flag1, 1
;Master.c,90 :: 		FlagRTC = 0x00;
0x3390	0x6BB5      	CLRF        _FlagRTC, 1
;Master.c,91 :: 		FlagPoll = 0x00;
0x3392	0x6BB8      	CLRF        _FlagPoll, 1
;Master.c,92 :: 		updateLCDFlag = 0x00;
0x3394	0x6BB7      	CLRF        _updateLCDFlag, 1
;Master.c,93 :: 		btnCnt = 0x00;
0x3396	0x6BB6      	CLRF        _btnCnt, 1
;Master.c,94 :: 		cntDisp = 0x00;
0x3398	0x6BB1      	CLRF        _cntDisp, 1
;Master.c,95 :: 		hours = 0x00;
0x339A	0x6B8E      	CLRF        _hours, 1
;Master.c,96 :: 		minutes = 0x00;
0x339C	0x6B8D      	CLRF        _minutes, 1
;Master.c,97 :: 		seconds = 0x00;
0x339E	0x6B8C      	CLRF        _seconds, 1
;Master.c,98 :: 		SLAVE_ID = 0x0F;
0x33A0	0x0E0F      	MOVLW       15
0x33A2	0x6F8F      	MOVWF       _SLAVE_ID, 1
;Master.c,99 :: 		for (i = 0; i < 16; i++)
0x33A4	0x6BB0      	CLRF        _i, 1
L_init_variables0:
0x33A6	0x0E10      	MOVLW       16
0x33A8	0x5DB0      	SUBWF       _i, 0, 1
0x33AA	0xB0D8      	BTFSC       STATUS, 0 
0x33AC	0xD084      	BRA         L_init_variables1
;Master.c,101 :: 		Comm[i] = 0x00;
0x33AE	0x0EA0      	MOVLW       _Comm
0x33B0	0x6EE1      	MOVWF       FSR1L 
0x33B2	0x0E01      	MOVLW       hi_addr(_Comm)
0x33B4	0x6EE2      	MOVWF       FSR1H 
0x33B6	0x51B0      	MOVF        _i, 0, 1
0x33B8	0x26E1      	ADDWF       FSR1L, 1 
0x33BA	0xB0D8      	BTFSC       STATUS, 0 
0x33BC	0x2AE2      	INCF        FSR1H, 1 
0x33BE	0x6AE6      	CLRF        POSTINC1 
;Master.c,102 :: 		Status1[i] = 0x00;
0x33C0	0x0E90      	MOVLW       _Status1
0x33C2	0x6EE1      	MOVWF       FSR1L 
0x33C4	0x0E01      	MOVLW       hi_addr(_Status1)
0x33C6	0x6EE2      	MOVWF       FSR1H 
0x33C8	0x51B0      	MOVF        _i, 0, 1
0x33CA	0x26E1      	ADDWF       FSR1L, 1 
0x33CC	0xB0D8      	BTFSC       STATUS, 0 
0x33CE	0x2AE2      	INCF        FSR1H, 1 
0x33D0	0x6AE6      	CLRF        POSTINC1 
;Master.c,103 :: 		Program[i].startHour = 0x00;
0x33D2	0xF000C1B0  	MOVFF       _i, R0
0x33D6	0x0E00      	MOVLW       0
0x33D8	0x6E01      	MOVWF       R1 
0x33DA	0x3600      	RLCF        R0, 1 
0x33DC	0x9000      	BCF         R0, 0 
0x33DE	0x3601      	RLCF        R1, 1 
0x33E0	0x3600      	RLCF        R0, 1 
0x33E2	0x9000      	BCF         R0, 0 
0x33E4	0x3601      	RLCF        R1, 1 
0x33E6	0x0EED      	MOVLW       _Program
0x33E8	0x2400      	ADDWF       R0, 0 
0x33EA	0x6EE1      	MOVWF       FSR1L 
0x33EC	0x0E01      	MOVLW       hi_addr(_Program)
0x33EE	0x2001      	ADDWFC      R1, 0 
0x33F0	0x6EE2      	MOVWF       FSR1H 
0x33F2	0x6AE6      	CLRF        POSTINC1 
;Master.c,104 :: 		Program[i].startMin = 0x00;
0x33F4	0xF000C1B0  	MOVFF       _i, R0
0x33F8	0x0E00      	MOVLW       0
0x33FA	0x6E01      	MOVWF       R1 
0x33FC	0x3600      	RLCF        R0, 1 
0x33FE	0x9000      	BCF         R0, 0 
0x3400	0x3601      	RLCF        R1, 1 
0x3402	0x3600      	RLCF        R0, 1 
0x3404	0x9000      	BCF         R0, 0 
0x3406	0x3601      	RLCF        R1, 1 
0x3408	0x0EED      	MOVLW       _Program
0x340A	0x2600      	ADDWF       R0, 1 
0x340C	0x0E01      	MOVLW       hi_addr(_Program)
0x340E	0x2201      	ADDWFC      R1, 1 
0x3410	0x0E01      	MOVLW       1
0x3412	0x2400      	ADDWF       R0, 0 
0x3414	0x6EE1      	MOVWF       FSR1L 
0x3416	0x0E00      	MOVLW       0
0x3418	0x2001      	ADDWFC      R1, 0 
0x341A	0x6EE2      	MOVWF       FSR1H 
0x341C	0x6AE6      	CLRF        POSTINC1 
;Master.c,105 :: 		Program[i].durationsH = 0x00;
0x341E	0xF000C1B0  	MOVFF       _i, R0
0x3422	0x0E00      	MOVLW       0
0x3424	0x6E01      	MOVWF       R1 
0x3426	0x3600      	RLCF        R0, 1 
0x3428	0x9000      	BCF         R0, 0 
0x342A	0x3601      	RLCF        R1, 1 
0x342C	0x3600      	RLCF        R0, 1 
0x342E	0x9000      	BCF         R0, 0 
0x3430	0x3601      	RLCF        R1, 1 
0x3432	0x0EED      	MOVLW       _Program
0x3434	0x2600      	ADDWF       R0, 1 
0x3436	0x0E01      	MOVLW       hi_addr(_Program)
0x3438	0x2201      	ADDWFC      R1, 1 
0x343A	0x0E02      	MOVLW       2
0x343C	0x2400      	ADDWF       R0, 0 
0x343E	0x6EE1      	MOVWF       FSR1L 
0x3440	0x0E00      	MOVLW       0
0x3442	0x2001      	ADDWFC      R1, 0 
0x3444	0x6EE2      	MOVWF       FSR1H 
0x3446	0x6AE6      	CLRF        POSTINC1 
;Master.c,106 :: 		Program[i].durationsL = 0x00;
0x3448	0xF000C1B0  	MOVFF       _i, R0
0x344C	0x0E00      	MOVLW       0
0x344E	0x6E01      	MOVWF       R1 
0x3450	0x3600      	RLCF        R0, 1 
0x3452	0x9000      	BCF         R0, 0 
0x3454	0x3601      	RLCF        R1, 1 
0x3456	0x3600      	RLCF        R0, 1 
0x3458	0x9000      	BCF         R0, 0 
0x345A	0x3601      	RLCF        R1, 1 
0x345C	0x0EED      	MOVLW       _Program
0x345E	0x2600      	ADDWF       R0, 1 
0x3460	0x0E01      	MOVLW       hi_addr(_Program)
0x3462	0x2201      	ADDWFC      R1, 1 
0x3464	0x0E03      	MOVLW       3
0x3466	0x2400      	ADDWF       R0, 0 
0x3468	0x6EE1      	MOVWF       FSR1L 
0x346A	0x0E00      	MOVLW       0
0x346C	0x2001      	ADDWFC      R1, 0 
0x346E	0x6EE2      	MOVWF       FSR1H 
0x3470	0x6AE6      	CLRF        POSTINC1 
;Master.c,107 :: 		Garden[i].modeID = 0x00;
0x3472	0xF000C1B0  	MOVFF       _i, R0
0x3476	0x0E00      	MOVLW       0
0x3478	0x6E01      	MOVWF       R1 
0x347A	0x3600      	RLCF        R0, 1 
0x347C	0x9000      	BCF         R0, 0 
0x347E	0x3601      	RLCF        R1, 1 
0x3480	0x0ECD      	MOVLW       _Garden
0x3482	0x2400      	ADDWF       R0, 0 
0x3484	0x6EE1      	MOVWF       FSR1L 
0x3486	0x0E01      	MOVLW       hi_addr(_Garden)
0x3488	0x2001      	ADDWFC      R1, 0 
0x348A	0x6EE2      	MOVWF       FSR1H 
0x348C	0x6AE6      	CLRF        POSTINC1 
;Master.c,108 :: 		Garden[i].gardenSend = 0x00;
0x348E	0xF000C1B0  	MOVFF       _i, R0
0x3492	0x0E00      	MOVLW       0
0x3494	0x6E01      	MOVWF       R1 
0x3496	0x3600      	RLCF        R0, 1 
0x3498	0x9000      	BCF         R0, 0 
0x349A	0x3601      	RLCF        R1, 1 
0x349C	0x0ECD      	MOVLW       _Garden
0x349E	0x2600      	ADDWF       R0, 1 
0x34A0	0x0E01      	MOVLW       hi_addr(_Garden)
0x34A2	0x2201      	ADDWFC      R1, 1 
0x34A4	0x0E01      	MOVLW       1
0x34A6	0x2400      	ADDWF       R0, 0 
0x34A8	0x6EE1      	MOVWF       FSR1L 
0x34AA	0x0E00      	MOVLW       0
0x34AC	0x2001      	ADDWFC      R1, 0 
0x34AE	0x6EE2      	MOVWF       FSR1H 
0x34B0	0x6AE6      	CLRF        POSTINC1 
;Master.c,99 :: 		for (i = 0; i < 16; i++)
0x34B2	0x2BB0      	INCF        _i, 1, 1
;Master.c,109 :: 		}
0x34B4	0xD778      	BRA         L_init_variables0
L_init_variables1:
;Master.c,110 :: 		}
0x34B6	0x0012      	RETURN      0
; end of _init_variables
_SPI_Ethernet_doPacket:
;__Lib_EthEnc28j60.c,705 :: 		
;__Lib_EthEnc28j60.c,707 :: 		
0x34B8	0x0102      	MOVLB       2
0x34BA	0x6BC3      	CLRF        SPI_Ethernet_doPacket_res_L0, 1
;__Lib_EthEnc28j60.c,708 :: 		
0x34BC	0x0E1F      	MOVLW       31
0x34BE	0x0103      	MOVLB       3
0x34C0	0x6F2E      	MOVWF       FARG_SPI_Ethernet_setBitReg_addr, 1
0x34C2	0x0E01      	MOVLW       1
0x34C4	0x6F2F      	MOVWF       FARG_SPI_Ethernet_setBitReg_mask, 1
0x34C6	0xF001EC58  	CALL        _SPI_Ethernet_setBitReg, 0
0x34CA	0x0E1F      	MOVLW       31
0x34CC	0x0103      	MOVLB       3
0x34CE	0x6F2E      	MOVWF       FARG_SPI_Ethernet_clearBitReg_addr, 1
0x34D0	0x0E02      	MOVLW       2
0x34D2	0x6F2F      	MOVWF       FARG_SPI_Ethernet_clearBitReg_mask, 1
0x34D4	0xF001EC1C  	CALL        _SPI_Ethernet_clearBitReg, 0
;__Lib_EthEnc28j60.c,709 :: 		
0x34D8	0x0E19      	MOVLW       25
0x34DA	0x0103      	MOVLB       3
0x34DC	0x6F2E      	MOVWF       FARG_SPI_Ethernet_readReg_addr, 1
0x34DE	0xF000ECEB  	CALL        _SPI_Ethernet_readReg, 0
0x34E2	0x5000      	MOVF        R0, 0 
0x34E4	0x0800      	SUBLW       0
0x34E6	0xE204      	BC          L_SPI_Ethernet_doPacket16
;__Lib_EthEnc28j60.c,711 :: 		
0x34E8	0xF015ECA7  	CALL        _SPI_Ethernet_readPacket, 0
0x34EC	0xF2C3C000  	MOVFF       R0, SPI_Ethernet_doPacket_res_L0
;__Lib_EthEnc28j60.c,712 :: 		
L_SPI_Ethernet_doPacket16:
;__Lib_EthEnc28j60.c,713 :: 		
0x34F0	0x0E1F      	MOVLW       31
0x34F2	0x0103      	MOVLB       3
0x34F4	0x6F2E      	MOVWF       FARG_SPI_Ethernet_clearBitReg_addr, 1
0x34F6	0x0E01      	MOVLW       1
0x34F8	0x6F2F      	MOVWF       FARG_SPI_Ethernet_clearBitReg_mask, 1
0x34FA	0xF001EC1C  	CALL        _SPI_Ethernet_clearBitReg, 0
0x34FE	0x0E1F      	MOVLW       31
0x3500	0x0103      	MOVLB       3
0x3502	0x6F2E      	MOVWF       FARG_SPI_Ethernet_clearBitReg_addr, 1
0x3504	0x0E02      	MOVLW       2
0x3506	0x6F2F      	MOVWF       FARG_SPI_Ethernet_clearBitReg_mask, 1
0x3508	0xF001EC1C  	CALL        _SPI_Ethernet_clearBitReg, 0
;__Lib_EthEnc28j60.c,714 :: 		
0x350C	0xF000C2C3  	MOVFF       SPI_Ethernet_doPacket_res_L0, R0
;__Lib_EthEnc28j60.c,715 :: 		
L_end_SPI_Ethernet_doPacket:
0x3510	0x0012      	RETURN      0
; end of _SPI_Ethernet_doPacket
_main:
0x3512	0xF01CEC22  	CALL        14404, 0
;Master.c,530 :: 		void main(void)
;Master.c,532 :: 		init();
0x3516	0xDEF1      	RCALL       _init
;Master.c,533 :: 		init_variables();
0x3518	0xDF37      	RCALL       _init_variables
;Master.c,535 :: 		while (1)
L_main86:
;Master.c,537 :: 		SPI_Ethernet_doPacket();
0x351A	0xDFCE      	RCALL       _SPI_Ethernet_doPacket
;Master.c,538 :: 		if (Flag1 == 0x01)
0x351C	0x0101      	MOVLB       1
0x351E	0x51B2      	MOVF        _Flag1, 0, 1
0x3520	0x0A01      	XORLW       1
0x3522	0xA4D8      	BTFSS       STATUS, 2 
0x3524	0xD0F2      	BRA         L_main88
;Master.c,540 :: 		Flag1 = 0x00;
0x3526	0x6BB2      	CLRF        _Flag1, 1
;Master.c,541 :: 		SLAVE_ID++; // sledeca basta
0x3528	0x2B8F      	INCF        _SLAVE_ID, 1, 1
;Master.c,542 :: 		if (SLAVE_ID == 0x10)
0x352A	0x518F      	MOVF        _SLAVE_ID, 0, 1
0x352C	0x0A10      	XORLW       16
0x352E	0xE105      	BNZ         L_main89
;Master.c,544 :: 		SLAVE_ID = 0x00;
0x3530	0x6B8F      	CLRF        _SLAVE_ID, 1
;Master.c,545 :: 		updateLCDFlag = 1;
0x3532	0x0E01      	MOVLW       1
0x3534	0x6FB7      	MOVWF       _updateLCDFlag, 1
;Master.c,546 :: 		PORTA.F4 = 1;
0x3536	0x8880      	BSF         PORTA, 4 
;Master.c,547 :: 		}
0x3538	0xD001      	BRA         L_main90
L_main89:
;Master.c,549 :: 		PORTA.F4 = 0;
0x353A	0x9880      	BCF         PORTA, 4 
L_main90:
;Master.c,554 :: 		if (Garden[SLAVE_ID].gardenSend == 0x01)
0x353C	0xF000C18F  	MOVFF       _SLAVE_ID, R0
0x3540	0x0E00      	MOVLW       0
0x3542	0x6E01      	MOVWF       R1 
0x3544	0x3600      	RLCF        R0, 1 
0x3546	0x9000      	BCF         R0, 0 
0x3548	0x3601      	RLCF        R1, 1 
0x354A	0x0ECD      	MOVLW       _Garden
0x354C	0x2600      	ADDWF       R0, 1 
0x354E	0x0E01      	MOVLW       hi_addr(_Garden)
0x3550	0x2201      	ADDWFC      R1, 1 
0x3552	0x0E01      	MOVLW       1
0x3554	0x2400      	ADDWF       R0, 0 
0x3556	0x6EE9      	MOVWF       FSR0L 
0x3558	0x0E00      	MOVLW       0
0x355A	0x2001      	ADDWFC      R1, 0 
0x355C	0x6EEA      	MOVWF       FSR0H 
0x355E	0x50EE      	MOVF        POSTINC0, 0 
0x3560	0x0A01      	XORLW       1
0x3562	0xA4D8      	BTFSS       STATUS, 2 
0x3564	0xD0B1      	BRA         L_main91
;Master.c,556 :: 		DR = 1;
0x3566	0x8A80      	BSF         PORTA, 5 
;Master.c,557 :: 		transmit(MODE_CODE | SLAVE_ID); // prvi komandni bajt
0x3568	0x0EA0      	MOVLW       160
0x356A	0x118F      	IORWF       _SLAVE_ID, 0, 1
0x356C	0x0102      	MOVLB       2
0x356E	0x6FC3      	MOVWF       FARG_transmit_DATA8b, 1
0x3570	0xDF05      	RCALL       _transmit
;Master.c,559 :: 		transmit(Program[Garden[SLAVE_ID].modeID].startHour);
0x3572	0xF000C18F  	MOVFF       _SLAVE_ID, R0
0x3576	0x0E00      	MOVLW       0
0x3578	0x6E01      	MOVWF       R1 
0x357A	0x3600      	RLCF        R0, 1 
0x357C	0x9000      	BCF         R0, 0 
0x357E	0x3601      	RLCF        R1, 1 
0x3580	0x0ECD      	MOVLW       _Garden
0x3582	0x2400      	ADDWF       R0, 0 
0x3584	0x6EE9      	MOVWF       FSR0L 
0x3586	0x0E01      	MOVLW       hi_addr(_Garden)
0x3588	0x2001      	ADDWFC      R1, 0 
0x358A	0x6EEA      	MOVWF       FSR0H 
0x358C	0xF003CFEE  	MOVFF       POSTINC0, R3
0x3590	0xF000C003  	MOVFF       R3, R0
0x3594	0x0E00      	MOVLW       0
0x3596	0x6E01      	MOVWF       R1 
0x3598	0x3600      	RLCF        R0, 1 
0x359A	0x9000      	BCF         R0, 0 
0x359C	0x3601      	RLCF        R1, 1 
0x359E	0x3600      	RLCF        R0, 1 
0x35A0	0x9000      	BCF         R0, 0 
0x35A2	0x3601      	RLCF        R1, 1 
0x35A4	0x0EED      	MOVLW       _Program
0x35A6	0x2400      	ADDWF       R0, 0 
0x35A8	0x6EE9      	MOVWF       FSR0L 
0x35AA	0x0E01      	MOVLW       hi_addr(_Program)
0x35AC	0x2001      	ADDWFC      R1, 0 
0x35AE	0x6EEA      	MOVWF       FSR0H 
0x35B0	0xF2C3CFEE  	MOVFF       POSTINC0, FARG_transmit_DATA8b
0x35B4	0xDEE3      	RCALL       _transmit
;Master.c,560 :: 		transmit(Program[Garden[SLAVE_ID].modeID].startMin);
0x35B6	0xF000C18F  	MOVFF       _SLAVE_ID, R0
0x35BA	0x0E00      	MOVLW       0
0x35BC	0x6E01      	MOVWF       R1 
0x35BE	0x3600      	RLCF        R0, 1 
0x35C0	0x9000      	BCF         R0, 0 
0x35C2	0x3601      	RLCF        R1, 1 
0x35C4	0x0ECD      	MOVLW       _Garden
0x35C6	0x2400      	ADDWF       R0, 0 
0x35C8	0x6EE9      	MOVWF       FSR0L 
0x35CA	0x0E01      	MOVLW       hi_addr(_Garden)
0x35CC	0x2001      	ADDWFC      R1, 0 
0x35CE	0x6EEA      	MOVWF       FSR0H 
0x35D0	0xF003CFEE  	MOVFF       POSTINC0, R3
0x35D4	0xF000C003  	MOVFF       R3, R0
0x35D8	0x0E00      	MOVLW       0
0x35DA	0x6E01      	MOVWF       R1 
0x35DC	0x3600      	RLCF        R0, 1 
0x35DE	0x9000      	BCF         R0, 0 
0x35E0	0x3601      	RLCF        R1, 1 
0x35E2	0x3600      	RLCF        R0, 1 
0x35E4	0x9000      	BCF         R0, 0 
0x35E6	0x3601      	RLCF        R1, 1 
0x35E8	0x0EED      	MOVLW       _Program
0x35EA	0x2600      	ADDWF       R0, 1 
0x35EC	0x0E01      	MOVLW       hi_addr(_Program)
0x35EE	0x2201      	ADDWFC      R1, 1 
0x35F0	0x0E01      	MOVLW       1
0x35F2	0x2400      	ADDWF       R0, 0 
0x35F4	0x6EE9      	MOVWF       FSR0L 
0x35F6	0x0E00      	MOVLW       0
0x35F8	0x2001      	ADDWFC      R1, 0 
0x35FA	0x6EEA      	MOVWF       FSR0H 
0x35FC	0xF2C3CFEE  	MOVFF       POSTINC0, FARG_transmit_DATA8b
0x3600	0xDEBD      	RCALL       _transmit
;Master.c,561 :: 		transmit(Program[Garden[SLAVE_ID].modeID].durationsH);
0x3602	0xF000C18F  	MOVFF       _SLAVE_ID, R0
0x3606	0x0E00      	MOVLW       0
0x3608	0x6E01      	MOVWF       R1 
0x360A	0x3600      	RLCF        R0, 1 
0x360C	0x9000      	BCF         R0, 0 
0x360E	0x3601      	RLCF        R1, 1 
0x3610	0x0ECD      	MOVLW       _Garden
0x3612	0x2400      	ADDWF       R0, 0 
0x3614	0x6EE9      	MOVWF       FSR0L 
0x3616	0x0E01      	MOVLW       hi_addr(_Garden)
0x3618	0x2001      	ADDWFC      R1, 0 
0x361A	0x6EEA      	MOVWF       FSR0H 
0x361C	0xF003CFEE  	MOVFF       POSTINC0, R3
0x3620	0xF000C003  	MOVFF       R3, R0
0x3624	0x0E00      	MOVLW       0
0x3626	0x6E01      	MOVWF       R1 
0x3628	0x3600      	RLCF        R0, 1 
0x362A	0x9000      	BCF         R0, 0 
0x362C	0x3601      	RLCF        R1, 1 
0x362E	0x3600      	RLCF        R0, 1 
0x3630	0x9000      	BCF         R0, 0 
0x3632	0x3601      	RLCF        R1, 1 
0x3634	0x0EED      	MOVLW       _Program
0x3636	0x2600      	ADDWF       R0, 1 
0x3638	0x0E01      	MOVLW       hi_addr(_Program)
0x363A	0x2201      	ADDWFC      R1, 1 
0x363C	0x0E02      	MOVLW       2
0x363E	0x2400      	ADDWF       R0, 0 
0x3640	0x6EE9      	MOVWF       FSR0L 
0x3642	0x0E00      	MOVLW       0
0x3644	0x2001      	ADDWFC      R1, 0 
0x3646	0x6EEA      	MOVWF       FSR0H 
0x3648	0xF2C3CFEE  	MOVFF       POSTINC0, FARG_transmit_DATA8b
0x364C	0xDE97      	RCALL       _transmit
;Master.c,562 :: 		transmit(Program[Garden[SLAVE_ID].modeID].durationsL);
0x364E	0xF000C18F  	MOVFF       _SLAVE_ID, R0
0x3652	0x0E00      	MOVLW       0
0x3654	0x6E01      	MOVWF       R1 
0x3656	0x3600      	RLCF        R0, 1 
0x3658	0x9000      	BCF         R0, 0 
0x365A	0x3601      	RLCF        R1, 1 
0x365C	0x0ECD      	MOVLW       _Garden
0x365E	0x2400      	ADDWF       R0, 0 
0x3660	0x6EE9      	MOVWF       FSR0L 
0x3662	0x0E01      	MOVLW       hi_addr(_Garden)
0x3664	0x2001      	ADDWFC      R1, 0 
0x3666	0x6EEA      	MOVWF       FSR0H 
0x3668	0xF003CFEE  	MOVFF       POSTINC0, R3
0x366C	0xF000C003  	MOVFF       R3, R0
0x3670	0x0E00      	MOVLW       0
0x3672	0x6E01      	MOVWF       R1 
0x3674	0x3600      	RLCF        R0, 1 
0x3676	0x9000      	BCF         R0, 0 
0x3678	0x3601      	RLCF        R1, 1 
0x367A	0x3600      	RLCF        R0, 1 
0x367C	0x9000      	BCF         R0, 0 
0x367E	0x3601      	RLCF        R1, 1 
0x3680	0x0EED      	MOVLW       _Program
0x3682	0x2600      	ADDWF       R0, 1 
0x3684	0x0E01      	MOVLW       hi_addr(_Program)
0x3686	0x2201      	ADDWFC      R1, 1 
0x3688	0x0E03      	MOVLW       3
0x368A	0x2400      	ADDWF       R0, 0 
0x368C	0x6EE9      	MOVWF       FSR0L 
0x368E	0x0E00      	MOVLW       0
0x3690	0x2001      	ADDWFC      R1, 0 
0x3692	0x6EEA      	MOVWF       FSR0H 
0x3694	0xF2C3CFEE  	MOVFF       POSTINC0, FARG_transmit_DATA8b
0x3698	0xDE71      	RCALL       _transmit
;Master.c,563 :: 		DR = 0;
0x369A	0x9A80      	BCF         PORTA, 5 
;Master.c,564 :: 		Garden[SLAVE_ID].gardenSend = 0x00;
0x369C	0xF000C18F  	MOVFF       _SLAVE_ID, R0
0x36A0	0x0E00      	MOVLW       0
0x36A2	0x6E01      	MOVWF       R1 
0x36A4	0x3600      	RLCF        R0, 1 
0x36A6	0x9000      	BCF         R0, 0 
0x36A8	0x3601      	RLCF        R1, 1 
0x36AA	0x0ECD      	MOVLW       _Garden
0x36AC	0x2600      	ADDWF       R0, 1 
0x36AE	0x0E01      	MOVLW       hi_addr(_Garden)
0x36B0	0x2201      	ADDWFC      R1, 1 
0x36B2	0x0E01      	MOVLW       1
0x36B4	0x2400      	ADDWF       R0, 0 
0x36B6	0x6EE1      	MOVWF       FSR1L 
0x36B8	0x0E00      	MOVLW       0
0x36BA	0x2001      	ADDWFC      R1, 0 
0x36BC	0x6EE2      	MOVWF       FSR1H 
0x36BE	0x6AE6      	CLRF        POSTINC1 
;Master.c,565 :: 		ByteID = BYTE_ID_CMD_BYTE;
0x36C0	0x0E02      	MOVLW       2
0x36C2	0x0101      	MOVLB       1
0x36C4	0x6FB3      	MOVWF       _ByteID, 1
;Master.c,570 :: 		}
0x36C6	0xD021      	BRA         L_main92
L_main91:
;Master.c,571 :: 		else if (FlagRTC == 0x01)
0x36C8	0x51B5      	MOVF        _FlagRTC, 0, 1
0x36CA	0x0A01      	XORLW       1
0x36CC	0xE114      	BNZ         L_main93
;Master.c,574 :: 		DR = 1;
0x36CE	0x8A80      	BSF         PORTA, 5 
;Master.c,575 :: 		transmit(RTC_BROADCAST); // 0x1F
0x36D0	0x0E7F      	MOVLW       127
0x36D2	0x0102      	MOVLB       2
0x36D4	0x6FC3      	MOVWF       FARG_transmit_DATA8b, 1
0x36D6	0xDE52      	RCALL       _transmit
;Master.c,577 :: 		transmit(hours);
0x36D8	0xF2C3C18E  	MOVFF       _hours, FARG_transmit_DATA8b
0x36DC	0xDE4F      	RCALL       _transmit
;Master.c,578 :: 		transmit(minutes);
0x36DE	0xF2C3C18D  	MOVFF       _minutes, FARG_transmit_DATA8b
0x36E2	0xDE4C      	RCALL       _transmit
;Master.c,579 :: 		transmit(seconds);
0x36E4	0xF2C3C18C  	MOVFF       _seconds, FARG_transmit_DATA8b
0x36E8	0xDE49      	RCALL       _transmit
;Master.c,580 :: 		DR = 0;
0x36EA	0x9A80      	BCF         PORTA, 5 
;Master.c,581 :: 		FlagRTC = 0x00;
0x36EC	0x0101      	MOVLB       1
0x36EE	0x6BB5      	CLRF        _FlagRTC, 1
;Master.c,582 :: 		ByteID = BYTE_ID_CMD_BYTE;
0x36F0	0x0E02      	MOVLW       2
0x36F2	0x6FB3      	MOVWF       _ByteID, 1
;Master.c,587 :: 		}
0x36F4	0xD00A      	BRA         L_main94
L_main93:
;Master.c,590 :: 		DR = 1;
0x36F6	0x8A80      	BSF         PORTA, 5 
;Master.c,591 :: 		transmit(STATUS_CODE | SLAVE_ID); // pitamo za status slejva
0x36F8	0x0E20      	MOVLW       32
0x36FA	0x118F      	IORWF       _SLAVE_ID, 0, 1
0x36FC	0x0102      	MOVLB       2
0x36FE	0x6FC3      	MOVWF       FARG_transmit_DATA8b, 1
0x3700	0xDE3D      	RCALL       _transmit
;Master.c,592 :: 		DR = 0;
0x3702	0x9A80      	BCF         PORTA, 5 
;Master.c,593 :: 		ByteID = BYTE_ID_CMD_BYTE; // ocekujemo cmd_byte
0x3704	0x0E02      	MOVLW       2
0x3706	0x0101      	MOVLB       1
0x3708	0x6FB3      	MOVWF       _ByteID, 1
;Master.c,598 :: 		}
L_main94:
L_main92:
;Master.c,600 :: 		} // od  if (Flag1 == 0x01)
L_main88:
;Master.c,602 :: 		if (updateLCDFlag == 1)
0x370A	0x51B7      	MOVF        _updateLCDFlag, 0, 1
0x370C	0x0A01      	XORLW       1
0x370E	0xE102      	BNZ         L_main95
;Master.c,604 :: 		updateLCDFlag = 0;
0x3710	0x6BB7      	CLRF        _updateLCDFlag, 1
;Master.c,605 :: 		updateLCD();
0x3712	0xDD7A      	RCALL       _updateLCD
;Master.c,606 :: 		}
L_main95:
;Master.c,608 :: 		}
0x3714	0xD702      	BRA         L_main86
;Master.c,609 :: 		}
0x3716	0xD7FF      	BRA         $+0
; end of _main
0x3844	0xF01AEE10  	LFSR        1, 26
0x3848	0x0EE9      	MOVLW       233
0x384A	0x6E00      	MOVWF       R0 
0x384C	0x0E01      	MOVLW       1
0x384E	0x6E01      	MOVWF       R1 
0x3850	0x0E18      	MOVLW       24
0x3852	0x6EF6      	MOVWF       4086 
0x3854	0x0E37      	MOVLW       55
0x3856	0x6EF7      	MOVWF       TBLPTRH 
0x3858	0x0E00      	MOVLW       0
0x385A	0x6EF8      	MOVWF       TBLPTRU 
0x385C	0xF019EC75  	CALL        13034, 0
0x3860	0x0012      	RETURN      0
;Master.c,0 :: ?ICS?lstr12_Master
0x3718	0x6F54 ;?ICS?lstr12_Master+0
0x371A	0x6174 ;?ICS?lstr12_Master+2
0x371C	0x006C ;?ICS?lstr12_Master+4
; end of ?ICS?lstr12_Master
;Master.c,0 :: ?ICS?lstr13_Master
0x371E	0x2020 ;?ICS?lstr13_Master+0
0x3720	0x00 ;?ICS?lstr13_Master+2
; end of ?ICS?lstr13_Master
;Master.c,0 :: ?ICS?lstr14_Master
0x3721	0x2020 ;?ICS?lstr14_Master+0
0x3723	0x2020 ;?ICS?lstr14_Master+2
0x3725	0x00 ;?ICS?lstr14_Master+4
; end of ?ICS?lstr14_Master
;Master.c,0 :: ?ICS?lstr11_Master
0x3726	0x2020 ;?ICS?lstr11_Master+0
0x3728	0x0020 ;?ICS?lstr11_Master+2
; end of ?ICS?lstr11_Master
;Master.c,0 :: ?ICS?lstr7_Master
0x372A	0x4C41 ;?ICS?lstr7_Master+0
0x372C	0x5241 ;?ICS?lstr7_Master+2
0x372E	0x204D ;?ICS?lstr7_Master+4
0x3730	0x4E4F ;?ICS?lstr7_Master+6
0x3732	0x0A0A ;?ICS?lstr7_Master+8
0x3734	0x00 ;?ICS?lstr7_Master+10
; end of ?ICS?lstr7_Master
;Master.c,0 :: ?ICS?lstr8_Master
0x3735	0x4449 ;?ICS?lstr8_Master+0
0x3737	0x454C ;?ICS?lstr8_Master+2
0x3739	0x0A0A ;?ICS?lstr8_Master+4
0x373B	0x00 ;?ICS?lstr8_Master+6
; end of ?ICS?lstr8_Master
;Master.c,0 :: ?ICS?lstr9_Master
0x373C	0x623C ;?ICS?lstr9_Master+0
0x373E	0x3E72 ;?ICS?lstr9_Master+2
0x3740	0x00 ;?ICS?lstr9_Master+4
; end of ?ICS?lstr9_Master
;Master.c,0 :: ?ICS?lstr4_Master
0x3741	0x6157 ;?ICS?lstr4_Master+0
0x3743	0x6574 ;?ICS?lstr4_Master+2
0x3745	0x6972 ;?ICS?lstr4_Master+4
0x3747	0x676E ;?ICS?lstr4_Master+6
0x3749	0x4D28 ;?ICS?lstr4_Master+8
0x374B	0x6E61 ;?ICS?lstr4_Master+10
0x374D	0x6175 ;?ICS?lstr4_Master+12
0x374F	0x5F6C ;?ICS?lstr4_Master+14
0x3751	0x6F4D ;?ICS?lstr4_Master+16
0x3753	0x6564 ;?ICS?lstr4_Master+18
0x3755	0x0A29 ;?ICS?lstr4_Master+20
0x3757	0x000A ;?ICS?lstr4_Master+22
; end of ?ICS?lstr4_Master
;Master.c,0 :: ?ICS?lstr5_Master
0x3759	0x4C41 ;?ICS?lstr5_Master+0
0x375B	0x5241 ;?ICS?lstr5_Master+2
0x375D	0x204D ;?ICS?lstr5_Master+4
0x375F	0x4E4F ;?ICS?lstr5_Master+6
0x3761	0x0A0A ;?ICS?lstr5_Master+8
0x3763	0x00 ;?ICS?lstr5_Master+10
; end of ?ICS?lstr5_Master
;Master.c,0 :: ?ICS?lstr6_Master
0x3764	0x6157 ;?ICS?lstr6_Master+0
0x3766	0x6574 ;?ICS?lstr6_Master+2
0x3768	0x6972 ;?ICS?lstr6_Master+4
0x376A	0x676E ;?ICS?lstr6_Master+6
0x376C	0x4128 ;?ICS?lstr6_Master+8
0x376E	0x7475 ;?ICS?lstr6_Master+10
0x3770	0x6D6F ;?ICS?lstr6_Master+12
0x3772	0x7461 ;?ICS?lstr6_Master+14
0x3774	0x6369 ;?ICS?lstr6_Master+16
0x3776	0x4D5F ;?ICS?lstr6_Master+18
0x3778	0x646F ;?ICS?lstr6_Master+20
0x377A	0x2965 ;?ICS?lstr6_Master+22
0x377C	0x0A0A ;?ICS?lstr6_Master+24
0x377E	0x00 ;?ICS?lstr6_Master+26
; end of ?ICS?lstr6_Master
;Master.c,0 :: ?ICS?lstr15_Master
0x377F	0x704F ;?ICS?lstr15_Master+0
0x3781	0x7265 ;?ICS?lstr15_Master+2
0x3783	0x7461 ;?ICS?lstr15_Master+4
0x3785	0x6F69 ;?ICS?lstr15_Master+6
0x3787	0x206E ;?ICS?lstr15_Master+8
0x3789	0x2020 ;?ICS?lstr15_Master+10
0x378B	0x2020 ;?ICS?lstr15_Master+12
0x378D	0x2020 ;?ICS?lstr15_Master+14
0x378F	0x00 ;?ICS?lstr15_Master+16
; end of ?ICS?lstr15_Master
;Master.c,0 :: ?ICS_myMacAddr
0x3790	0x1400 ;?ICS_myMacAddr+0
0x3792	0x76A5 ;?ICS_myMacAddr+2
0x3794	0x3F19 ;?ICS_myMacAddr+4
; end of ?ICS_myMacAddr
;Master.c,0 :: ?ICS_myIpAddr
0x3796	0x630A ;?ICS_myIpAddr+0
0x3798	0x010C ;?ICS_myIpAddr+2
; end of ?ICS_myIpAddr
;Master.c,0 :: ?ICS?lstr10_Master
0x379A	0x7250 ;?ICS?lstr10_Master+0
0x379C	0x676F ;?ICS?lstr10_Master+2
0x379E	0x003A ;?ICS?lstr10_Master+4
; end of ?ICS?lstr10_Master
;Master.c,0 :: ?ICS?lstr16_Master
0x37A0	0x6157 ;?ICS?lstr16_Master+0
0x37A2	0x6574 ;?ICS?lstr16_Master+2
0x37A4	0x6972 ;?ICS?lstr16_Master+4
0x37A6	0x676E ;?ICS?lstr16_Master+6
0x37A8	0x2020 ;?ICS?lstr16_Master+8
0x37AA	0x2020 ;?ICS?lstr16_Master+10
0x37AC	0x2020 ;?ICS?lstr16_Master+12
0x37AE	0x2020 ;?ICS?lstr16_Master+14
0x37B0	0x00 ;?ICS?lstr16_Master+16
; end of ?ICS?lstr16_Master
;Master.c,0 :: ?ICS?lstr17_Master
0x37B1	0x6C41 ;?ICS?lstr17_Master+0
0x37B3	0x7261 ;?ICS?lstr17_Master+2
0x37B5	0x206D ;?ICS?lstr17_Master+4
0x37B7	0x2020 ;?ICS?lstr17_Master+6
0x37B9	0x2020 ;?ICS?lstr17_Master+8
0x37BB	0x2020 ;?ICS?lstr17_Master+10
0x37BD	0x2020 ;?ICS?lstr17_Master+12
0x37BF	0x2020 ;?ICS?lstr17_Master+14
0x37C1	0x00 ;?ICS?lstr17_Master+16
; end of ?ICS?lstr17_Master
;Master.c,0 :: ?ICS?lstr18_Master
0x37C2	0x614D ;?ICS?lstr18_Master+0
0x37C4	0x756E ;?ICS?lstr18_Master+2
0x37C6	0x6C61 ;?ICS?lstr18_Master+4
0x37C8	0x2020 ;?ICS?lstr18_Master+6
0x37CA	0x2020 ;?ICS?lstr18_Master+8
0x37CC	0x2020 ;?ICS?lstr18_Master+10
0x37CE	0x2020 ;?ICS?lstr18_Master+12
0x37D0	0x2020 ;?ICS?lstr18_Master+14
0x37D2	0x00 ;?ICS?lstr18_Master+16
; end of ?ICS?lstr18_Master
;__Lib_EthEnc28j60.c,0 :: ?ICS__Lib_EthEnc28j60_DHCPrenew
0x37D3	0x00 ;?ICS__Lib_EthEnc28j60_DHCPrenew+0
; end of ?ICS__Lib_EthEnc28j60_DHCPrenew
;__Lib_EthEnc28j60.c,0 :: ?ICS__Lib_EthEnc28j60_smDHCPState
0x37D4	0x00 ;?ICS__Lib_EthEnc28j60_smDHCPState+0
; end of ?ICS__Lib_EthEnc28j60_smDHCPState
;__Lib_EthEnc28j60.c,0 :: ?ICSSPI_Ethernet_readPacket_nextPtr_L0
0x37D5	0x0000 ;?ICSSPI_Ethernet_readPacket_nextPtr_L0+0
; end of ?ICSSPI_Ethernet_readPacket_nextPtr_L0
;__Lib_EthEnc28j60.c,0 :: ?ICS_SPI_Ethernet_ff
0x37D7	0xFFFF ;?ICS_SPI_Ethernet_ff+0
0x37D9	0xFFFF ;?ICS_SPI_Ethernet_ff+2
0x37DB	0xFFFF ;?ICS_SPI_Ethernet_ff+4
; end of ?ICS_SPI_Ethernet_ff
;__Lib_EthEnc28j60.c,0 :: ?ICS__Lib_EthEnc28j60_waitTcp4FIN
0x37DD	0x00 ;?ICS__Lib_EthEnc28j60_waitTcp4FIN+0
; end of ?ICS__Lib_EthEnc28j60_waitTcp4FIN
;__Lib_EthEnc28j60.c,0 :: ?ICS__Lib_EthEnc28j60_closeTCP
0x37DE	0x00 ;?ICS__Lib_EthEnc28j60_closeTCP+0
; end of ?ICS__Lib_EthEnc28j60_closeTCP
;__Lib_EthEnc28j60.c,0 :: ?ICS__Lib_EthEnc28j60_freeSlot
0x37DF	0x00 ;?ICS__Lib_EthEnc28j60_freeSlot+0
; end of ?ICS__Lib_EthEnc28j60_freeSlot
;__Lib_EthEnc28j60.c,0 :: ?ICS_SPI_Ethernet_UserTimerSec
0x37E0	0x0000 ;?ICS_SPI_Ethernet_UserTimerSec+0
0x37E2	0x0000 ;?ICS_SPI_Ethernet_UserTimerSec+2
; end of ?ICS_SPI_Ethernet_UserTimerSec
;__Lib_EthEnc28j60.c,0 :: ?ICS?lstr1___Lib_EthEnc28j60
0x37E4	0x0100 ;?ICS?lstr1___Lib_EthEnc28j60+0
0x37E6	0x0008 ;?ICS?lstr1___Lib_EthEnc28j60+2
0x37E8	0x0406 ;?ICS?lstr1___Lib_EthEnc28j60+4
0x37EA	0x0000 ;?ICS?lstr1___Lib_EthEnc28j60+6
; end of ?ICS?lstr1___Lib_EthEnc28j60
;Master.c,0 :: ?ICS?lstr3_Master
0x37EC	0x464F ;?ICS?lstr3_Master+0
0x37EE	0x0A46 ;?ICS?lstr3_Master+2
0x37F0	0x000A ;?ICS?lstr3_Master+4
; end of ?ICS?lstr3_Master
;Master.c,0 :: ?ICS_httpMethod
0x37F2	0x4547 ;?ICS_httpMethod+0
0x37F4	0x2054 ;?ICS_httpMethod+2
0x37F6	0x002F ;?ICS_httpMethod+4
; end of ?ICS_httpMethod
;Master.c,0 :: ?ICS?lstr2_Master
0x37F8	0x0020 ;?ICS?lstr2_Master+0
; end of ?ICS?lstr2_Master
;Master.c,0 :: ?ICS?lstr1_Master
0x37FA	0x6142 ;?ICS?lstr1_Master+0
0x37FC	0x7473 ;?ICS?lstr1_Master+2
0x37FE	0x3A61 ;?ICS?lstr1_Master+4
0x3800	0x00 ;?ICS?lstr1_Master+6
; end of ?ICS?lstr1_Master
;Master.c,28 :: _httpHeader
0x3801	0x5448 ;_httpHeader+0
0x3803	0x5054 ;_httpHeader+2
0x3805	0x312F ;_httpHeader+4
0x3807	0x312E ;_httpHeader+6
0x3809	0x3220 ;_httpHeader+8
0x380B	0x3030 ;_httpHeader+10
0x380D	0x4F20 ;_httpHeader+12
0x380F	0x0A4B ;_httpHeader+14
0x3811	0x6F43 ;_httpHeader+16
0x3813	0x746E ;_httpHeader+18
0x3815	0x6E65 ;_httpHeader+20
0x3817	0x2D74 ;_httpHeader+22
0x3819	0x7974 ;_httpHeader+24
0x381B	0x6570 ;_httpHeader+26
0x381D	0x203A ;_httpHeader+28
0x381F	0x00 ;_httpHeader+30
; end of _httpHeader
;__Lib_EthEnc28j60.c,1976 :: __Lib_EthEnc28j60_dhcp_pkt_1
0x3820	0x0101 ;__Lib_EthEnc28j60_dhcp_pkt_1+0
0x3822	0x0006 ;__Lib_EthEnc28j60_dhcp_pkt_1+2
0x3824	0x2312 ;__Lib_EthEnc28j60_dhcp_pkt_1+4
0x3826	0x4534 ;__Lib_EthEnc28j60_dhcp_pkt_1+6
0x3828	0x0000 ;__Lib_EthEnc28j60_dhcp_pkt_1+8
0x382A	0x0080 ;__Lib_EthEnc28j60_dhcp_pkt_1+10
; end of __Lib_EthEnc28j60_dhcp_pkt_1
;Master.c,29 :: _httpMimeTypeHTML
0x382C	0x6574 ;_httpMimeTypeHTML+0
0x382E	0x7478 ;_httpMimeTypeHTML+2
0x3830	0x682F ;_httpMimeTypeHTML+4
0x3832	0x6D74 ;_httpMimeTypeHTML+6
0x3834	0x0A6C ;_httpMimeTypeHTML+8
0x3836	0x000A ;_httpMimeTypeHTML+10
; end of _httpMimeTypeHTML
;__Lib_EthEnc28j60.c,1977 :: __Lib_EthEnc28j60_dhcp_pkt_2
0x3838	0x8263 ;__Lib_EthEnc28j60_dhcp_pkt_2+0
0x383A	0x6353 ;__Lib_EthEnc28j60_dhcp_pkt_2+2
0x383C	0x0135 ;__Lib_EthEnc28j60_dhcp_pkt_2+4
; end of __Lib_EthEnc28j60_dhcp_pkt_2
;__Lib_EthEnc28j60.c,1978 :: __Lib_EthEnc28j60_dhcp_pkt_3
0x383E	0x0337 ;__Lib_EthEnc28j60_dhcp_pkt_3+0
0x3840	0x0301 ;__Lib_EthEnc28j60_dhcp_pkt_3+2
0x3842	0x06 ;__Lib_EthEnc28j60_dhcp_pkt_3+4
; end of __Lib_EthEnc28j60_dhcp_pkt_3
Symbol List:
//** Routines locations **
//ADDRESS    SIZE    PROCEDURE
//----------------------------------------------
0x0008     [274]    _interrupt
0x011A      [18]    _SPI1_Read
0x012C      [24]    _____DoIFC
0x0144      [80]    _SPI_Ethernet_writeAddr
0x0194      [66]    _SPI_Ethernet_writeMem
0x01D6      [48]    _SPI_Ethernet_readReg
0x0206      [50]    _SPI_Ethernet_putByte
0x0238      [58]    _SPI_Ethernet_clearBitReg
0x0272      [62]    _SPI_Ethernet_readMem
0x02B0      [58]    _SPI_Ethernet_setBitReg
0x02EA      [98]    _SPI_Ethernet_memcpy
0x034C      [90]    _SPI_Ethernet_putBytes
0x03A6      [80]    _memcpy
0x03F6     [426]    _SPI_Ethernet_TXpacket
0x05A0      [80]    _SPI_Ethernet_checksum
0x05F0      [22]    _SPI_Ethernet_writeMemory
0x0606     [270]    _SPI_Ethernet_RAMcopy
0x0714      [72]    _SPI_Ethernet_writeMemory2
0x075C      [30]    _Div_8x8_U
0x077A      [14]    _Delay_1us
0x0788      [48]    _SPI_Ethernet_getByte
0x07B8     [116]    _ByteToStr
0x082C      [20]    _Delay_5500us
0x0840     [106]    _SPI_Ethernet_putConstBytes
0x08AA      [18]    _Delay_500us
0x08BC      [14]    _Delay_50us
0x08CA     [496]    _SPI_Ethernet_sendUDP2
0x0ABA     [124]    _SPI_Ethernet_getBytes
0x0B36     [104]    __Lib_EthEnc28j60_mkSubnetBroadcast
0x0B9E      [56]    _appendBuffer
0x0BD6      [98]    _memcmp
0x0C38      [56]    _putString
0x0C70     [404]    _SPI_Ethernet_DHCPmsg
0x0E04      [20]    _SPI_Ethernet_delay
0x0E18      [98]    _SPI_Ethernet_confNetwork
0x0E7A     [696]    _SPI_Ethernet_DHCPReceive
0x1132      [78]    _putConstString
0x1180     [236]    _formBuffer
0x126C      [60]    _memset
0x12A8      [62]    _SPI_Ethernet_writeReg
0x12E6     [140]    _Lcd_Cmd
0x1372      [40]    _SPI_Ethernet_setRxReadAddress
0x139A     [404]    _SPI_Ethernet_doDHCP
0x152E     [294]    _SPI_Ethernet_doDNS
0x1654      [74]    _SPI_Ethernet_writePHY
0x169E     [116]    _SPI_Ethernet_readPHY
0x1712     [150]    _SPI_Ethernet_memcmp
0x17A8      [80]    _Mul_16x16_U
0x17F8      [62]    _SPI_Ethernet_MACswap
0x1836       [6]    _SPI_Ethernet_UserUDP
0x183C      [14]    _Lcd_Chr_CP
0x184A      [96]    _Lcd_Chr
0x18AA      [62]    _SPI_Ethernet_IPswap
0x18E8     [860]    _SPI_Ethernet_UserTCP
0x1C44     [494]    _SPI_Ethernet_doARP
0x1E32      [60]    _lcdDisplayUchar
0x1E6E     [438]    _SPI_Ethernet_Init2
0x2024     [348]    _SPI_Ethernet_doUDP
0x2180     [136]    _Lcd_Out
0x2208    [1832]    _SPI_Ethernet_doTCP
0x2930      [88]    _UART1_Init
0x2988      [90]    _SPI1_Init_Advanced
0x29E2     [262]    _SPI_Ethernet_Init
0x2AE8     [102]    _lcdDisplayBit
0x2B4E    [1286]    _SPI_Ethernet_readPacket
0x3054     [238]    _lcdDisplayProgram
0x3142     [198]    _Lcd_Init
0x3208     [226]    _updateLCD
0x32EA      [16]    ___CC2DW
0x32FA     [130]    _init
0x337C      [12]    _transmit
0x3388     [304]    _init_variables
0x34B8      [90]    _SPI_Ethernet_doPacket
0x3512     [518]    _main
//** Variables locations ** 
//ADDRESS    SIZE    VARIABLE
//----------------------------------------------
0x0000       [1]    SPI1_Write_tmp_L0
0x0000       [1]    UART1_Init_tmp_L0
0x0000       [1]    R0
0x0001       [1]    UART1_Read___tmp_UART1_Read_L0
0x0001       [1]    R1
0x0002       [1]    R2
0x0002       [2]    memchr_s_L0
0x0002       [1]    interrupt_ch_L1
0x0002       [2]    memset_pp_L0
0x0002       [2]    memcpy_dd_L0
0x0002       [2]    strlen_cp_L0
0x0003       [2]    Ltrim_original_L0
0x0003       [1]    R3
0x0003       [2]    memmove_tt_L0
0x0004       [2]    strncpy_cp_L0
0x0004       [2]    memcpy_ss_L0
0x0004       [2]    strcat_cp_L0
0x0004       [1]    R4
0x0004       [2]    strcpy_cp_L0
0x0004       [2]    strncat_cp_L0
0x0005       [2]    LongWordToHex_input_half_L0
0x0005       [1]    R5
0x0005       [2]    memmove_ff_L0
0x0005       [2]    LongIntToHex_input_half_L0
0x0005       [2]    Ltrim_p_L0
0x0006       [1]    R6
0x0007       [1]    R7
0x0008       [1]    R8
0x0009       [1]    R9
0x000A       [1]    R10
0x000B       [1]    R11
0x000C       [1]    R12
0x000D       [1]    R13
0x000E       [1]    R14
0x000F       [1]    R15
0x0010       [1]    R16
0x0011       [1]    R17
0x0012       [1]    R18
0x0013       [1]    R19
0x0014       [1]    R20
0x001A       [6]    ?lstr12_Master
0x0020       [3]    ?lstr13_Master
0x0023       [5]    ?lstr14_Master
0x0028       [4]    ?lstr11_Master
0x002C      [11]    ?lstr7_Master
0x0037       [7]    ?lstr8_Master
0x003E       [5]    ?lstr9_Master
0x0043      [24]    ?lstr4_Master
0x005B      [11]    ?lstr5_Master
0x0066      [27]    ?lstr6_Master
0x0081      [17]    ?lstr15_Master
0x0092       [6]    _myMacAddr
0x0098       [4]    _myIpAddr
0x009C       [6]    ?lstr10_Master
0x00A2      [17]    ?lstr16_Master
0x00B3      [17]    ?lstr17_Master
0x00C4      [17]    ?lstr18_Master
0x00D5       [1]    __Lib_EthEnc28j60_DHCPrenew
0x00D6       [1]    __Lib_EthEnc28j60_smDHCPState
0x00D7       [2]    SPI_Ethernet_readPacket_nextPtr_L0
0x00D9       [6]    _SPI_Ethernet_ff
0x00DF       [1]    __Lib_EthEnc28j60_waitTcp4FIN
0x00E0       [1]    __Lib_EthEnc28j60_closeTCP
0x00E1       [1]    __Lib_EthEnc28j60_freeSlot
0x00E2       [4]    _SPI_Ethernet_UserTimerSec
0x00E6       [8]    ?lstr1___Lib_EthEnc28j60
0x00EE       [6]    ?lstr3_Master
0x00F4       [6]    _httpMethod
0x00FA       [2]    ?lstr2_Master
0x00FC       [7]    ?lstr1_Master
0x0103       [1]    __Lib_EthEnc28j60_enc_hwRev
0x0104       [4]    _SPI_Rd_Ptr
0x0108       [4]    __Lib_EthEnc28j60_DHCPLeaseTime
0x010C       [4]    __Lib_EthEnc28j60_tmpIpAddr
0x0110       [4]    __Lib_EthEnc28j60_tmpDNS
0x0114       [4]    __Lib_EthEnc28j60_DHCPServerID
0x0118       [4]    _SPI_Ethernet_ipAddr
0x011C       [6]    _SPI_Ethernet_macAddr
0x0122       [4]    __Lib_EthEnc28j60_tmpNetMask
0x0126       [4]    __Lib_EthEnc28j60_tmpGW
0x012A       [0]    __Lib_Lcd_cmd_status
0x012B       [4]    _SPI_Wr_Ptr
0x012F       [4]    _SPI_Ethernet_rmtIpAddr
0x0133       [4]    __Lib_EthEnc28j60_ts
0x0137       [4]    _UART_Wr_Ptr
0x013B       [1]    _brojac
0x013C       [2]    SPI_Ethernet_sendUDP2_idUniq_L0
0x013E       [4]    _UART_Rd_Ptr
0x0142       [4]    _UART_Rdy_Ptr
0x0146       [4]    _UART_Tx_Idle_Ptr
0x014A       [1]    __Lib_EthEnc28j60_flags
0x014B       [4]    _SPI_Ethernet_gwIpAddr
0x014F       [4]    _SPI_Ethernet_ipMask
0x0153       [2]    _SPI_Ethernet_pktLen
0x0155       [4]    _SPI_Ethernet_dnsIpAddr
0x0159       [4]    _SPI_Ethernet_subNetBroadCast
0x015D       [2]    __Lib_EthEnc28j60_ipr
0x015F      [45]    _SPI_Ethernet_arpCache
0x018C       [1]    _seconds
0x018D       [1]    _minutes
0x018E       [1]    _hours
0x018F       [1]    _SLAVE_ID
0x0190      [16]    _Status1
0x01A0      [16]    _Comm
0x01B0       [1]    _i
0x01B1       [1]    _cntDisp
0x01B2       [1]    _Flag1
0x01B3       [1]    _ByteID
0x01B4       [1]    _no_ch
0x01B5       [1]    _FlagRTC
0x01B6       [1]    _btnCnt
0x01B7       [1]    _updateLCDFlag
0x01B8       [1]    _FlagPoll
0x01B9      [20]    _getRequest
0x01CD      [32]    _Garden
0x01ED      [64]    _Program
0x022D     [150]    _buffer
0x02C3       [1]    SPI_Ethernet_doPacket_res_L0
0x02C3       [1]    FARG_transmit_DATA8b
0x02C4       [1]    SPI_Ethernet_readPacket_proto_L3
0x02C4       [2]    FARG_SPI_Ethernet_Init_mac
0x02C4       [1]    FARG_lcdDisplayBit_mask
0x02C4       [1]    FARG_SPI1_Init_Advanced_master
0x02C4       [4]    FARG_lcdDisplayProgram_Program
0x02C5       [2]    lcdDisplayBit_i_L0
0x02C5       [2]    SPI_Ethernet_readPacket_payloadAddr_L3
0x02C5       [1]    FARG_SPI1_Init_Advanced_data_sample
0x02C6       [2]    FARG_SPI_Ethernet_Init_ip
0x02C6       [1]    FARG_SPI1_Init_Advanced_clock_idle
0x02C7       [1]    FARG_SPI1_Init_Advanced_transmit_edge
0x02C7       [2]    SPI_Ethernet_readPacket_ipHeaderLen_L2
0x02C8       [1]    FARG_lcdDisplayProgram_ID
0x02C8       [1]    FARG_SPI_Ethernet_Init_fullDuplex
0x02C9       [2]    SPI_Ethernet_readPacket_start_L0
0x02CB       [2]    SPI_Ethernet_readPacket_frameType_L0
0x02CD       [1]    SPI_Ethernet_readPacket_res_L0
0x02CE       [2]    FLOC__SPI_Ethernet_readPacket
0x02D0       [1]    FARG_Lcd_Out_row
0x02D0       [1]    FARG_SPI_Ethernet_Init2_fullDuplex
0x02D0       [1]    FLOC__SPI_Ethernet_doARP
0x02D0       [2]    FARG_SPI_Ethernet_doTCP_start
0x02D0       [2]    FARG_SPI_Ethernet_doUDP_start
0x02D0       [1]    FARG_lcdDisplayUchar_row
0x02D1       [1]    FARG_lcdDisplayUchar_col
0x02D1       [1]    SPI_Ethernet_Init2_h_L0
0x02D1       [1]    FARG_Lcd_Out_column
0x02D2       [2]    FARG_SPI_Ethernet_doTCP_ipHeaderLen
0x02D2       [1]    FARG_lcdDisplayUchar_value
0x02D2       [1]    SPI_Ethernet_Init2_l_L0
0x02D2       [1]    FARG_SPI_Ethernet_doUDP_ipHeaderLen
0x02D2       [2]    FARG_Lcd_Out_text
0x02D3       [1]    lcdDisplayUchar_ones_L0
0x02D3       [2]    FARG_SPI_Ethernet_doUDP_payloadAddr
0x02D4       [2]    FARG_SPI_Ethernet_doTCP_payloadAddr
0x02D4       [1]    lcdDisplayUchar_tens_L0
0x02D4       [1]    Lcd_Out_i_L0
0x02D5       [6]    SPI_Ethernet_doUDP_rmtMAC_L1
0x02D6       [4]    SPI_Ethernet_doTCP_s_L1
0x02DA       [4]    SPI_Ethernet_doTCP_l_L1
0x02DB       [2]    SPI_Ethernet_doUDP_dport_L0
0x02DD       [2]    SPI_Ethernet_doUDP_remotePort_L0
0x02DE       [1]    SPI_Ethernet_doTCP_align_L1
0x02DF       [2]    SPI_Ethernet_doUDP_len_L0
0x02DF       [2]    SPI_Ethernet_doTCP_packetEndAddr_L1
0x02E1       [4]    SPI_Ethernet_doUDP_remoteIpAddr_L0
0x02E1       [2]    SPI_Ethernet_doTCP_port_L0
0x02E3       [2]    SPI_Ethernet_doTCP_remotePort_L0
0x02E5       [2]    SPI_Ethernet_doTCP_tcpFlags_L0
0x02E7       [2]    SPI_Ethernet_doTCP_len_L0
0x02E9       [1]    SPI_Ethernet_doTCP_tx_L0
0x02EA       [2]    SPI_Ethernet_doTCP_datalen_L0
0x02EC       [2]    SPI_Ethernet_doTCP_replen_L0
0x02EE       [1]    SPI_Ethernet_doTCP_transmit_L0
0x02EF       [1]    SPI_Ethernet_doTCP_swap_L0
0x02F0       [4]    SPI_Ethernet_doTCP_syn_L0
0x02F4       [4]    SPI_Ethernet_doTCP_ack_L0
0x02F8       [4]    SPI_Ethernet_doTCP_remoteIpAddr_L0
0x02FC       [1]    FLOC__SPI_Ethernet_doTCP
0x02FD       [2]    FARG_SPI_Ethernet_setRxReadAddress_addr
0x02FD       [1]    FARG_Lcd_Chr_CP_out_char
0x02FD       [2]    SPI_Ethernet_doDNS_f_L0
0x02FD       [2]    FARG_SPI_Ethernet_memcmp_addr
0x02FD       [1]    FARG_Lcd_Chr_row
0x02FD       [2]    FARG_SPI_Ethernet_UserUDP_remoteHost
0x02FD       [1]    SPI_Ethernet_doDHCP_DHCPRecvReturnValue_L0
0x02FD       [1]    FARG_SPI_Ethernet_writePHY_reg
0x02FD       [1]    FARG_SPI_Ethernet_readPHY_reg
0x02FD       [2]    FARG_SPI_Ethernet_UserTCP_remoteHost
0x02FE       [2]    FARG_SPI_Ethernet_readPHY_h
0x02FE       [1]    FARG_Lcd_Chr_column
0x02FE       [1]    FARG_SPI_Ethernet_writePHY_h
0x02FF       [1]    FARG_Lcd_Chr_out_char
0x02FF       [2]    FARG_SPI_Ethernet_UserTCP_remotePort
0x02FF       [2]    FARG_SPI_Ethernet_UserUDP_remotePort
0x02FF       [2]    FARG_SPI_Ethernet_memcmp_s
0x02FF       [1]    FARG_SPI_Ethernet_writePHY_l
0x0300       [2]    FARG_SPI_Ethernet_readPHY_l
0x0301       [1]    FARG_SPI_Ethernet_memcmp_l
0x0301       [2]    FARG_SPI_Ethernet_UserTCP_localPort
0x0301       [2]    FARG_SPI_Ethernet_UserUDP_destPort
0x0301       [2]    SPI_Ethernet_doDNS_q_L0
0x0302       [2]    SPI_Ethernet_memcmp_rdptr_L0
0x0303       [2]    SPI_Ethernet_doDNS_a_L0
0x0303       [2]    FARG_SPI_Ethernet_UserTCP_reqLength
0x0303       [2]    FARG_SPI_Ethernet_UserUDP_reqLength
0x0305       [2]    FARG_SPI_Ethernet_UserTCP_canCloseTCP
0x0305       [2]    FARG_SPI_Ethernet_UserUDP_flags
0x0305       [2]    SPI_Ethernet_doDNS_dl_L0
0x0307       [2]    SPI_Ethernet_doDNS_type_L0
0x0307       [1]    SPI_Ethernet_UserTCP_idx_L1
0x0308       [2]    SPI_Ethernet_UserTCP_i_L0
0x030A       [2]    SPI_Ethernet_UserTCP_len_L0
0x030C       [2]    FLOC__SPI_Ethernet_UserTCP
0x030E       [2]    FARG_putString_s
0x030E       [4]    formBuffer_txt_L0
0x030E       [1]    FARG_SPI_Ethernet_DHCPmsg_messageType
0x030E       [1]    SPI_Ethernet_delay_i_L0
0x030E       [1]    SPI_Ethernet_DHCPReceive_v_L0
0x030E       [1]    FARG_SPI_Ethernet_writeReg_addr
0x030E       [1]    FARG_Lcd_Cmd_out_char
0x030E       [2]    FARG_memset_p1
0x030E       [3]    FARG_putConstString_s
0x030E       [2]    FARG_SPI_Ethernet_confNetwork_ipMask
0x030F       [1]    FARG_SPI_Ethernet_DHCPmsg_renewFlag
0x030F       [1]    FARG_SPI_Ethernet_writeReg_v
0x030F       [1]    SPI_Ethernet_DHCPReceive_i_L0
0x0310       [2]    putString_cnt_L0
0x0310       [1]    SPI_Ethernet_DHCPmsg_i_L0
0x0310       [1]    FARG_memset_character
0x0310       [2]    FARG_SPI_Ethernet_confNetwork_gwIpAddr
0x0310       [1]    SPI_Ethernet_DHCPReceive_type_L0
0x0311       [2]    putConstString_cnt_L0
0x0311       [2]    FARG_memset_n
0x0311       [2]    SPI_Ethernet_DHCPmsg_len_L0
0x0311       [1]    SPI_Ethernet_DHCPReceive_lbDone_L0
0x0312       [4]    SPI_Ethernet_DHCPReceive_tempServerID_L0
0x0312       [2]    FARG_SPI_Ethernet_confNetwork_dnsIpAddr
0x0312       [1]    formBuffer_i_L0
0x0313       [1]    formBuffer_StatusByte_L0
0x0316       [2]    FARG_SPI_Ethernet_getBytes_ptr
0x0316       [1]    FARG_ByteToStr_input
0x0316       [2]    FARG_appendBuffer_p_ch
0x0316       [2]    FARG_SPI_Ethernet_sendUDP2_destMac
0x0316       [2]    FARG___Lib_EthEnc28j60_mkSubnetBroadcast_subbrdcst
0x0316       [2]    FARG_memcmp_s1
0x0316       [3]    FARG_SPI_Ethernet_putConstBytes_ptr
0x0317       [2]    FARG_ByteToStr_output
0x0318       [2]    FARG_SPI_Ethernet_sendUDP2_destIP
0x0318       [2]    FARG_SPI_Ethernet_getBytes_addr
0x0318       [1]    __Lib_EthEnc28j60_mkSubnetBroadcast_i_L0
0x0318       [2]    FARG_memcmp_s2
0x0319       [1]    ByteToStr_DigitPos_L0
0x0319       [2]    FARG_SPI_Ethernet_putConstBytes_n
0x031A       [2]    FARG_SPI_Ethernet_getBytes_n
0x031A       [2]    FARG_memcmp_n
0x031A       [2]    FLOC__ByteToStr
0x031A       [2]    FARG_SPI_Ethernet_sendUDP2_sourcePort
0x031C       [2]    FARG_SPI_Ethernet_sendUDP2_destPort
0x031E       [2]    FARG_SPI_Ethernet_sendUDP2_pktLen
0x0320       [1]    SPI_Ethernet_sendUDP2_align_L0
0x0321       [2]    SPI_Ethernet_sendUDP2_totlen_L0
0x0323       [1]    FLOC__SPI_Ethernet_sendUDP2
0x0324       [2]    FARG_SPI_Ethernet_TXpacket_l
0x0324       [2]    FARG_SPI_Ethernet_writeMemory2_v
0x0324       [2]    FARG_SPI_Ethernet_writeMemory_addr
0x0324       [2]    FARG_SPI_Ethernet_RAMcopy_start
0x0324       [2]    FARG_memcpy_d1
0x0324       [2]    FARG_SPI_Ethernet_checksum_start
0x0324       [2]    FARG_SPI_Ethernet_memcpy_addr
0x0324       [2]    FARG_SPI_Ethernet_putBytes_ptr
0x0326       [2]    FARG_SPI_Ethernet_RAMcopy_stop
0x0326       [2]    FARG_SPI_Ethernet_memcpy_s
0x0326       [2]    FARG_memcpy_s1
0x0326       [2]    FARG_SPI_Ethernet_putBytes_n
0x0326       [1]    SPI_Ethernet_TXpacket_i_L2
0x0326       [2]    FARG_SPI_Ethernet_checksum_l
0x0326       [1]    FARG_SPI_Ethernet_writeMemory_v1
0x0327       [1]    SPI_Ethernet_TXpacket_TXStatus_byte3_L0
0x0327       [1]    FARG_SPI_Ethernet_writeMemory_v2
0x0328       [2]    FARG_SPI_Ethernet_RAMcopy_dest
0x0328       [2]    FARG_memcpy_n
0x0328       [2]    FARG_SPI_Ethernet_memcpy_l
0x0328       [2]    SPI_Ethernet_checksum_stop_L0
0x0328       [2]    SPI_Ethernet_TXpacket_AttemptCounter_L1
0x032A       [1]    FARG_SPI_Ethernet_RAMcopy_w
0x032B       [2]    SPI_Ethernet_RAMcopy_remain_L0
0x032D       [1]    SPI_Ethernet_RAMcopy_overflow_L0
0x032E       [1]    FARG_SPI_Ethernet_clearBitReg_addr
0x032E       [2]    FARG_SPI_Ethernet_readMem_addr
0x032E       [1]    FARG_SPI_Ethernet_setBitReg_addr
0x032E       [1]    FARG_SPI_Ethernet_readReg_addr
0x032E       [1]    FARG_SPI_Ethernet_putByte_v
0x032E       [2]    FARG_SPI_Ethernet_writeMem_addr
0x032F       [1]    FARG_SPI_Ethernet_setBitReg_mask
0x032F       [1]    FARG_SPI_Ethernet_clearBitReg_mask
0x0330       [1]    FARG_SPI_Ethernet_writeMem_v1
0x0331       [1]    FARG_SPI_Ethernet_writeAddr_addr
0x0332       [2]    FARG_SPI_Ethernet_writeAddr_v
0x0334       [1]    FARG_SPI1_Read_buffer
0x0F80       [0]    RA0_bit
0x0F80       [0]    RA1_bit
0x0F80       [0]    SPI_Ethernet_Rst
0x0F80       [1]    PORTA
0x0F80       [0]    SPI_Ethernet_CS
0x0F80       [0]    RA5_bit
0x0F80       [0]    RA6_bit
0x0F80       [0]    RA7_bit
0x0F80       [0]    RA2_bit
0x0F80       [0]    RA3_bit
0x0F80       [0]    RA4_bit
0x0F80       [0]    AN4_bit
0x0F80       [0]    NOT_SS_bit
0x0F80       [0]    LVDIN_bit
0x0F80       [0]    T0CKI_bit
0x0F80       [0]    HLVDIN_bit
0x0F80       [0]    SS_bit
0x0F81       [0]    RB1_bit
0x0F81       [0]    LCD_D6
0x0F81       [0]    LCD_D7
0x0F81       [0]    RB0_bit
0x0F81       [0]    INT2_bit
0x0F81       [0]    INT0_bit
0x0F81       [0]    RB4_bit
0x0F81       [1]    PORTB
0x0F81       [0]    RB5_bit
0x0F81       [0]    RB3_bit
0x0F81       [0]    INT1_bit
0x0F81       [0]    RB2_bit
0x0F81       [0]    RB6_bit
0x0F81       [0]    RB7_bit
0x0F81       [0]    KBI2_bit
0x0F81       [0]    KBI3_bit
0x0F81       [0]    AN12_bit
0x0F81       [0]    CCP2_PORTB_bit
0x0F81       [0]    KBI0_bit
0x0F81       [0]    KBI1_bit
0x0F81       [0]    AN10_bit
0x0F81       [0]    PGM_bit
0x0F81       [0]    PGC_bit
0x0F81       [0]    PGD_bit
0x0F81       [0]    AN8_bit
0x0F81       [0]    AN9_bit
0x0F81       [0]    AN11_bit
0x0F81       [0]    LCD_D4
0x0F81       [0]    LCD_D5
0x0F82       [0]    LCD_RW
0x0F82       [0]    RC2_bit
0x0F82       [0]    LCD_EN
0x0F82       [0]    RC0_bit
0x0F82       [0]    CCP2_PORTC_bit
0x0F82       [0]    RC1_bit
0x0F82       [0]    RC3_bit
0x0F82       [0]    RC4_bit
0x0F82       [0]    CCP1_bit
0x0F82       [0]    RX__bit
0x0F82       [0]    T1CKI_bit
0x0F82       [0]    SCL_bit
0x0F82       [0]    TX_bit
0x0F82       [0]    RC7_bit
0x0F82       [0]    T13CKI_bit
0x0F82       [0]    T1OSI_bit
0x0F82       [0]    SDO_bit
0x0F82       [0]    SDI_bit
0x0F82       [0]    SDA_bit
0x0F82       [0]    RC6_bit
0x0F82       [0]    CK_bit
0x0F82       [0]    LCD_RS
0x0F82       [0]    RC5_bit
0x0F82       [0]    T1OSO_bit
0x0F82       [0]    SCK_bit
0x0F82       [1]    PORTC
0x0F84       [0]    NOT_MCLR_bit
0x0F84       [0]    MCLR_bit
0x0F84       [0]    VPP_bit
0x0F84       [0]    RE3_bit
0x0F84       [1]    PORTE
0x0F89       [0]    LATA6_bit
0x0F89       [0]    LATA7_bit
0x0F89       [0]    LATA2_bit
0x0F89       [0]    LATA3_bit
0x0F89       [0]    LATA1_bit
0x0F89       [0]    LATA0_bit
0x0F89       [0]    LATA5_bit
0x0F89       [0]    LATA4_bit
0x0F89       [1]    LATA
0x0F8A       [0]    LATB1_bit
0x0F8A       [0]    LATB2_bit
0x0F8A       [0]    LATB4_bit
0x0F8A       [0]    LATB3_bit
0x0F8A       [0]    LATB5_bit
0x0F8A       [0]    LATB0_bit
0x0F8A       [1]    LATB
0x0F8A       [0]    LATB7_bit
0x0F8A       [0]    LATB6_bit
0x0F8B       [0]    LATC2_bit
0x0F8B       [0]    LATC1_bit
0x0F8B       [0]    LATC0_bit
0x0F8B       [0]    LATC5_bit
0x0F8B       [1]    LATC
0x0F8B       [0]    LATC4_bit
0x0F8B       [0]    LATC3_bit
0x0F8B       [0]    LATC6_bit
0x0F8B       [0]    LATC7_bit
0x0F92       [0]    TRISA1_bit
0x0F92       [0]    TRISA4_bit
0x0F92       [0]    TRISA3_bit
0x0F92       [0]    TRISA2_bit
0x0F92       [0]    TRISA0_bit
0x0F92       [1]    TRISA
0x0F92       [0]    SPI_Ethernet_Rst_Direction
0x0F92       [0]    SPI_Ethernet_CS_Direction
0x0F92       [0]    TRISA5_bit
0x0F92       [0]    TRISA6_bit
0x0F92       [0]    TRISA7_bit
0x0F93       [0]    LCD_D7_Direction
0x0F93       [1]    TRISB
0x0F93       [0]    TRISB0_bit
0x0F93       [0]    LCD_D4_Direction
0x0F93       [0]    LCD_D5_Direction
0x0F93       [0]    LCD_D6_Direction
0x0F93       [0]    TRISB1_bit
0x0F93       [0]    TRISB5_bit
0x0F93       [0]    TRISB6_bit
0x0F93       [0]    TRISB7_bit
0x0F93       [0]    TRISB2_bit
0x0F93       [0]    TRISB3_bit
0x0F93       [0]    TRISB4_bit
0x0F94       [1]    TRISC
0x0F94       [0]    TRISC0_bit
0x0F94       [0]    TRISC1_bit
0x0F94       [0]    LCD_EN_Direction
0x0F94       [0]    LCD_RW_Direction
0x0F94       [0]    LCD_RS_Direction
0x0F94       [0]    TRISC5_bit
0x0F94       [0]    TRISC6_bit
0x0F94       [0]    TRISC7_bit
0x0F94       [0]    TRISC2_bit
0x0F94       [0]    TRISC3_bit
0x0F94       [0]    TRISC4_bit
0x0F9B       [0]    TUN0_bit
0x0F9B       [0]    TUN3_bit
0x0F9B       [0]    INTSRC_bit
0x0F9B       [0]    TUN4_bit
0x0F9B       [0]    PLLEN_bit
0x0F9B       [1]    OSCTUNE
0x0F9B       [0]    TUN1_bit
0x0F9B       [0]    TUN2_bit
0x0F9D       [0]    TMR2IE_bit
0x0F9D       [0]    ADIE_bit
0x0F9D       [1]    PIE1
0x0F9D       [0]    TMR1IE_bit
0x0F9D       [0]    RCIE_bit
0x0F9D       [0]    TXIE_bit
0x0F9D       [0]    CCP1IE_bit
0x0F9D       [0]    SSPIE_bit
0x0F9E       [0]    ADIF_bit
0x0F9E       [1]    PIR1
0x0F9E       [0]    TMR1IF_bit
0x0F9E       [0]    CCP1IF_bit
0x0F9E       [0]    TMR2IF_bit
0x0F9E       [0]    RCIF_bit
0x0F9E       [0]    TXIF_bit
0x0F9E       [0]    SSPIF_bit
0x0F9F       [1]    IPR1
0x0F9F       [0]    TMR2IP_bit
0x0F9F       [0]    TMR1IP_bit
0x0F9F       [0]    ADIP_bit
0x0F9F       [0]    CCP1IP_bit
0x0F9F       [0]    RCIP_bit
0x0F9F       [0]    TXIP_bit
0x0F9F       [0]    SSPIP_bit
0x0FA0       [0]    CCP2IE_bit
0x0FA0       [0]    CMIE_bit
0x0FA0       [0]    OSCFIE_bit
0x0FA0       [0]    LVDIE_bit
0x0FA0       [0]    EEIE_bit
0x0FA0       [0]    TMR3IE_bit
0x0FA0       [0]    HLVDIE_bit
0x0FA0       [0]    BCLIE_bit
0x0FA0       [1]    PIE2
0x0FA1       [0]    HLVDIF_bit
0x0FA1       [0]    TMR3IF_bit
0x0FA1       [0]    CCP2IF_bit
0x0FA1       [0]    BCLIF_bit
0x0FA1       [0]    OSCFIF_bit
0x0FA1       [0]    LVDIF_bit
0x0FA1       [0]    EEIF_bit
0x0FA1       [0]    CMIF_bit
0x0FA1       [1]    PIR2
0x0FA2       [0]    BCLIP_bit
0x0FA2       [0]    CCP2IP_bit
0x0FA2       [0]    TMR3IP_bit
0x0FA2       [0]    HLVDIP_bit
0x0FA2       [0]    OSCFIP_bit
0x0FA2       [0]    LVDIP_bit
0x0FA2       [0]    EEIP_bit
0x0FA2       [0]    CMIP_bit
0x0FA2       [1]    IPR2
0x0FA6       [0]    EEPGD_bit
0x0FA6       [0]    CFGS_bit
0x0FA6       [0]    FREE_bit
0x0FA6       [1]    EECON1
0x0FA6       [0]    WRERR_bit
0x0FA6       [0]    RD_bit
0x0FA6       [0]    WR_bit
0x0FA6       [0]    WREN_bit
0x0FA7       [1]    EECON2
0x0FA8       [1]    EEDATA
0x0FA9       [1]    EEADR
0x0FAA       [1]    EEADRH
0x0FAB       [0]    RX9_bit
0x0FAB       [0]    SREN_bit
0x0FAB       [0]    SPEN_bit
0x0FAB       [1]    RCSTA
0x0FAB       [0]    ADEN_bit
0x0FAB       [0]    OERR_bit
0x0FAB       [0]    RX9D_bit
0x0FAB       [0]    FERR_bit
0x0FAB       [0]    CREN_bit
0x0FAB       [0]    ADDEN_bit
0x0FAC       [0]    TRMT_bit
0x0FAC       [0]    TX9D_bit
0x0FAC       [0]    BRGH_bit
0x0FAC       [0]    TX9_bit
0x0FAC       [0]    CSRC_bit
0x0FAC       [1]    TXSTA
0x0FAC       [0]    SENDB_bit
0x0FAC       [0]    SYNC_bit
0x0FAC       [0]    TXEN_bit
0x0FAD       [1]    TXREG
0x0FAE       [1]    RCREG
0x0FAF       [1]    SPBRG
0x0FB0       [1]    SPBRGH
0x0FB1       [0]    T3CKPS1_bit
0x0FB1       [1]    T3CON
0x0FB1       [0]    T3CKPS0_bit
0x0FB1       [0]    NOT_T3SYNC_bit
0x0FB1       [0]    TMR3CS_bit
0x0FB1       [0]    TMR3ON_bit
0x0FB1       [0]    T3CCP1_bit
0x0FB1       [0]    T3SYNC_bit
0x0FB1       [0]    RD16_bit
0x0FB1       [0]    T3CCP2_bit
0x0FB2       [1]    TMR3L
0x0FB3       [1]    TMR3H
0x0FB4       [1]    CMCON
0x0FB4       [0]    CIS_bit
0x0FB4       [0]    C1INV_bit
0x0FB4       [0]    C2INV_bit
0x0FB4       [0]    CM0_bit
0x0FB4       [0]    CM2_bit
0x0FB4       [0]    CM1_bit
0x0FB4       [0]    C2OUT_bit
0x0FB4       [0]    C1OUT_bit
0x0FB5       [0]    CVR1_bit
0x0FB5       [0]    CVR0_bit
0x0FB5       [0]    CVR3_bit
0x0FB5       [0]    CVR2_bit
0x0FB5       [0]    CVRR_bit
0x0FB5       [1]    CVRCON
0x0FB5       [0]    CVROE_bit
0x0FB5       [0]    CVRSS_bit
0x0FB5       [0]    CVREN_bit
0x0FB6       [0]    ECCPAS0_bit
0x0FB6       [0]    PSSAC1_bit
0x0FB6       [0]    ECCPAS2_bit
0x0FB6       [0]    ECCPAS1_bit
0x0FB6       [1]    ECCP1AS
0x0FB6       [1]    ECCPAS
0x0FB6       [0]    PSSAC0_bit
0x0FB6       [0]    ECCPASE_bit
0x0FB7       [1]    ECCP1DEL
0x0FB7       [1]    PWM1CON
0x0FB7       [0]    PRSEN_bit
0x0FB8       [0]    ABDOVF_bit
0x0FB8       [0]    RCMT_bit
0x0FB8       [0]    RXCKP_bit
0x0FB8       [0]    SCKP_bit
0x0FB8       [0]    RCIDL_bit
0x0FB8       [0]    ABDEN_bit
0x0FB8       [1]    BAUDCTL
0x0FB8       [1]    BAUDCON
0x0FB8       [0]    WUE_bit
0x0FB8       [0]    RXDTP_bit
0x0FB8       [0]    TXCKP_bit
0x0FB8       [0]    BRG16_bit
0x0FBA       [0]    CCP2M0_bit
0x0FBA       [0]    DC2B0_bit
0x0FBA       [0]    DC2B1_bit
0x0FBA       [0]    CCP2M2_bit
0x0FBA       [0]    CCP2X_bit
0x0FBA       [0]    CCP2M3_bit
0x0FBA       [0]    CCP2M1_bit
0x0FBA       [0]    CCP2Y_bit
0x0FBA       [1]    CCP2CON
0x0FBB       [1]    CCPR2L
0x0FBB       [2]    CCPR2
0x0FBC       [1]    CCPR2H
0x0FBD       [0]    DC1B0_bit
0x0FBD       [0]    CCP1M3_bit
0x0FBD       [0]    CCP1Y_bit
0x0FBD       [0]    CCP1X_bit
0x0FBD       [1]    CCP1CON
0x0FBD       [0]    CCP1M2_bit
0x0FBD       [0]    CCP1M1_bit
0x0FBD       [0]    DC1B1_bit
0x0FBD       [0]    CCP1M0_bit
0x0FBE       [1]    CCPR1L
0x0FBE       [2]    CCPR1
0x0FBF       [1]    CCPR1H
0x0FC0       [0]    ACQT1_bit
0x0FC0       [0]    ADCS0_bit
0x0FC0       [0]    ACQT2_bit
0x0FC0       [0]    ADFM_bit
0x0FC0       [1]    ADCON2
0x0FC0       [0]    ADCS2_bit
0x0FC0       [0]    ACQT0_bit
0x0FC0       [0]    ADCS1_bit
0x0FC1       [0]    PCFG0_bit
0x0FC1       [0]    PCFG3_bit
0x0FC1       [0]    PCFG2_bit
0x0FC1       [0]    PCFG1_bit
0x0FC1       [0]    VCFG0_bit
0x0FC1       [0]    VCFG1_bit
0x0FC1       [1]    ADCON1
0x0FC2       [0]    GO_DONE_bit
0x0FC2       [0]    NOT_DONE_bit
0x0FC2       [0]    GO_NOT_DONE_bit
0x0FC2       [0]    CHS3_bit
0x0FC2       [0]    ADON_bit
0x0FC2       [0]    DONE_bit
0x0FC2       [1]    ADCON0
0x0FC2       [0]    CHS2_bit
0x0FC2       [0]    GO_bit
0x0FC2       [0]    CHS0_bit
0x0FC2       [0]    CHS1_bit
0x0FC3       [2]    ADRES
0x0FC3       [1]    ADRESL
0x0FC4       [1]    ADRESH
0x0FC5       [0]    SEN_bit
0x0FC5       [1]    SSPCON2
0x0FC5       [0]    ACKSTAT_bit
0x0FC5       [0]    RCEN_bit
0x0FC5       [0]    GCEN_bit
0x0FC5       [0]    RSEN_bit
0x0FC5       [0]    PEN_bit
0x0FC5       [0]    ACKDT_bit
0x0FC5       [0]    ACKEN_bit
0x0FC6       [1]    SSPCON1
0x0FC6       [0]    CKP_bit
0x0FC6       [0]    SSPEN_bit
0x0FC6       [0]    WCOL_bit
0x0FC6       [0]    SSPM1_bit
0x0FC6       [0]    SSPM0_bit
0x0FC6       [0]    SSPM3_bit
0x0FC6       [0]    SSPOV_bit
0x0FC6       [0]    SSPM2_bit
0x0FC7       [0]    SMP_bit
0x0FC7       [0]    R_bit
0x0FC7       [0]    D_NOT_A_bit
0x0FC7       [0]    NOT_WRITE_bit
0x0FC7       [0]    P_bit
0x0FC7       [0]    CKE_bit
0x0FC7       [0]    NOT_ADDRESS_bit
0x0FC7       [0]    R_W_bit
0x0FC7       [0]    NOT_A_bit
0x0FC7       [0]    S_bit
0x0FC7       [0]    D_A_bit
0x0FC7       [0]    NOT_W_bit
0x0FC7       [0]    UA_bit
0x0FC7       [0]    D_bit
0x0FC7       [0]    R_NOT_W_bit
0x0FC7       [0]    BF_bit
0x0FC7       [1]    SSPSTAT
0x0FC8       [1]    SSPADD
0x0FC9       [1]    SSPBUF
0x0FCA       [1]    T2CON
0x0FCA       [0]    TOUTPS0_bit
0x0FCA       [0]    T2OUTPS1_bit
0x0FCA       [0]    T2OUTPS0_bit
0x0FCA       [0]    T2OUTPS2_bit
0x0FCA       [0]    T2OUTPS3_bit
0x0FCA       [0]    TOUTPS1_bit
0x0FCA       [0]    TOUTPS3_bit
0x0FCA       [0]    TOUTPS2_bit
0x0FCA       [0]    TMR2ON_bit
0x0FCA       [0]    T2CKPS0_bit
0x0FCA       [0]    T2CKPS1_bit
0x0FCB       [1]    PR2
0x0FCC       [1]    TMR2
0x0FCD       [0]    T1SYNC_bit
0x0FCD       [0]    TMR1CS_bit
0x0FCD       [0]    RD16_T1CON_bit
0x0FCD       [0]    T1CKPS0_bit
0x0FCD       [0]    NOT_T1SYNC_bit
0x0FCD       [1]    T1CON
0x0FCD       [0]    T1CKPS1_bit
0x0FCD       [0]    T1RUN_bit
0x0FCD       [0]    T1OSCEN_bit
0x0FCD       [0]    TMR1ON_bit
0x0FCE       [1]    TMR1L
0x0FCF       [1]    TMR1H
0x0FD0       [0]    BOR_bit
0x0FD0       [0]    IPEN_bit
0x0FD0       [0]    NOT_POR_bit
0x0FD0       [0]    NOT_PD_bit
0x0FD0       [0]    NOT_TO_bit
0x0FD0       [1]    RCON
0x0FD0       [0]    SBOREN_bit
0x0FD0       [0]    NOT_RI_bit
0x0FD0       [0]    TO__bit
0x0FD0       [0]    RI_bit
0x0FD0       [0]    NOT_BOR_bit
0x0FD0       [0]    POR_bit
0x0FD0       [0]    PD_bit
0x0FD1       [0]    SWDTEN_bit
0x0FD1       [0]    SWDTE_bit
0x0FD1       [1]    WDTCON
0x0FD2       [0]    LVDL3_bit
0x0FD2       [0]    IRVST_bit
0x0FD2       [0]    LVDEN_bit
0x0FD2       [0]    LVV0_bit
0x0FD2       [0]    LVV2_bit
0x0FD2       [0]    BGST_bit
0x0FD2       [0]    LVV3_bit
0x0FD2       [0]    LVV1_bit
0x0FD2       [0]    LVDL2_bit
0x0FD2       [0]    HLVDL0_bit
0x0FD2       [0]    VDIRMAG_bit
0x0FD2       [0]    HLVDL3_bit
0x0FD2       [0]    HLVDL1_bit
0x0FD2       [0]    HLVDL2_bit
0x0FD2       [0]    LVDL0_bit
0x0FD2       [0]    HLVDEN_bit
0x0FD2       [1]    LVDCON
0x0FD2       [1]    HLVDCON
0x0FD2       [0]    IVRST_bit
0x0FD2       [0]    LVDL1_bit
0x0FD3       [0]    IRCF2_bit
0x0FD3       [0]    IRCF1_bit
0x0FD3       [0]    IRCF0_bit
0x0FD3       [0]    SCS1_bit
0x0FD3       [0]    SCS0_bit
0x0FD3       [1]    OSCCON
0x0FD3       [0]    FLTS_bit
0x0FD3       [0]    IDLEN_bit
0x0FD3       [0]    OSTS_bit
0x0FD3       [0]    IOFS_bit
0x0FD5       [0]    T0CS_bit
0x0FD5       [0]    T08BIT_bit
0x0FD5       [0]    PSA_bit
0x0FD5       [0]    T0SE_bit
0x0FD5       [0]    TMR0ON_bit
0x0FD5       [0]    T0PS2_bit
0x0FD5       [0]    T016BIT_bit
0x0FD5       [0]    T0PS0_bit
0x0FD5       [0]    T0PS1_bit
0x0FD5       [1]    T0CON
0x0FD6       [1]    TMR0L
0x0FD7       [1]    TMR0H
0x0FD8       [0]    OV_bit
0x0FD8       [1]    STATUS
0x0FD8       [0]    N_bit
0x0FD8       [0]    C_bit
0x0FD8       [0]    DC_bit
0x0FD8       [0]    Z_bit
0x0FD9       [2]    FSR2PTR
0x0FD9       [2]    FSR2
0x0FD9       [1]    FSR2L
0x0FDA       [1]    FSR2H
0x0FDB       [1]    PLUSW2
0x0FDC       [1]    PREINC2
0x0FDD       [1]    POSTDEC2
0x0FDE       [1]    POSTINC2
0x0FDF       [1]    INDF2
0x0FE0       [1]    BSR
0x0FE1       [2]    FSR1
0x0FE1       [2]    FSR1PTR
0x0FE1       [1]    FSR1L
0x0FE2       [1]    FSR1H
0x0FE3       [1]    PLUSW1
0x0FE4       [1]    PREINC1
0x0FE5       [1]    POSTDEC1
0x0FE6       [1]    POSTINC1
0x0FE7       [1]    INDF1
0x0FE8       [1]    WREG
0x0FE9       [2]    FSR0PTR
0x0FE9       [2]    FSR0
0x0FE9       [1]    FSR0L
0x0FEA       [1]    FSR0H
0x0FEB       [1]    PLUSW0
0x0FEC       [1]    PREINC0
0x0FED       [1]    POSTDEC0
0x0FEE       [1]    POSTINC0
0x0FEF       [1]    INDF0
0x0FF0       [0]    INT1P_bit
0x0FF0       [0]    INT2IP_bit
0x0FF0       [0]    INT2P_bit
0x0FF0       [0]    INT1F_bit
0x0FF0       [0]    INT1E_bit
0x0FF0       [0]    INT2E_bit
0x0FF0       [0]    INT2F_bit
0x0FF0       [1]    INTCON3
0x0FF0       [0]    INT2IF_bit
0x0FF0       [0]    INT1IF_bit
0x0FF0       [0]    INT1IE_bit
0x0FF0       [0]    INT1IP_bit
0x0FF0       [0]    INT2IE_bit
0x0FF1       [1]    INTCON2
0x0FF1       [0]    INTEDG2_bit
0x0FF1       [0]    TMR0IP_bit
0x0FF1       [0]    RBIP_bit
0x0FF1       [0]    INTEDG1_bit
0x0FF1       [0]    RBPU_bit
0x0FF1       [0]    NOT_RBPU_bit
0x0FF1       [0]    INTEDG0_bit
0x0FF2       [0]    GIEH_bit
0x0FF2       [0]    TMR0IE_bit
0x0FF2       [0]    RBIE_bit
0x0FF2       [0]    INT0IE_bit
0x0FF2       [0]    PEIE_bit
0x0FF2       [0]    GIE_bit
0x0FF2       [0]    PEIE_GIEL_bit
0x0FF2       [1]    INTCON
0x0FF2       [0]    GIEL_bit
0x0FF2       [0]    INT0F_bit
0x0FF2       [0]    T0IE_bit
0x0FF2       [0]    INT0E_bit
0x0FF2       [0]    T0IF_bit
0x0FF2       [0]    INT0IF_bit
0x0FF2       [0]    TMR0IF_bit
0x0FF2       [0]    GIE_GIEH_bit
0x0FF2       [0]    RBIF_bit
0x0FF3       [2]    PROD
0x0FF3       [1]    PRODL
0x0FF4       [1]    PRODH
0x0FF5       [1]    TABLAT
0x0FF6       [1]    TBLPTRL
0x0FF6       [3]    TBLPTR
0x0FF7       [1]    TBLPTRH
0x0FF8       [0]    TBLPTRU2_bit
0x0FF8       [0]    TBLPTRU1_bit
0x0FF8       [0]    TBLPTRU0_bit
0x0FF8       [0]    TBLPTRU3_bit
0x0FF8       [1]    TBLPTRU
0x0FF8       [0]    ACSS_bit
0x0FF8       [0]    TBLPTRU4_bit
0x0FF9       [1]    PCL
0x0FF9       [1]    PC
0x0FFA       [1]    PCLATH
0x0FFB       [1]    PCLATU
0x0FFB       [0]    PCU4_bit
0x0FFB       [0]    PCU1_bit
0x0FFB       [0]    PCU0_bit
0x0FFB       [0]    PCU3_bit
0x0FFB       [0]    PCU2_bit
0x0FFC       [0]    SP4_bit
0x0FFC       [1]    STKPTR
0x0FFC       [0]    SP3_bit
0x0FFC       [0]    STKUNF_bit
0x0FFC       [0]    STKPTR1_bit
0x0FFC       [0]    STKPTR0_bit
0x0FFC       [0]    STKFUL_bit
0x0FFC       [0]    SP2_bit
0x0FFC       [0]    STKPTR4_bit
0x0FFC       [0]    STKPTR3_bit
0x0FFC       [0]    STKPTR2_bit
0x0FFC       [0]    STKOVF_bit
0x0FFC       [0]    SP1_bit
0x0FFC       [0]    SP0_bit
0x0FFD       [1]    TOSL
0x0FFE       [1]    TOSH
0x0FFF       [1]    TOSU
//** Constants locations ** 
//ADDRESS    SIZE    CONSTANT
//----------------------------------------------
0x3718       [6]    ?ICS?lstr12_Master
0x371E       [3]    ?ICS?lstr13_Master
0x3721       [5]    ?ICS?lstr14_Master
0x3726       [4]    ?ICS?lstr11_Master
0x372A      [11]    ?ICS?lstr7_Master
0x3735       [7]    ?ICS?lstr8_Master
0x373C       [5]    ?ICS?lstr9_Master
0x3741      [24]    ?ICS?lstr4_Master
0x3759      [11]    ?ICS?lstr5_Master
0x3764      [27]    ?ICS?lstr6_Master
0x377F      [17]    ?ICS?lstr15_Master
0x3790       [6]    ?ICS_myMacAddr
0x3796       [4]    ?ICS_myIpAddr
0x379A       [6]    ?ICS?lstr10_Master
0x37A0      [17]    ?ICS?lstr16_Master
0x37B1      [17]    ?ICS?lstr17_Master
0x37C2      [17]    ?ICS?lstr18_Master
0x37D3       [1]    ?ICS__Lib_EthEnc28j60_DHCPrenew
0x37D4       [1]    ?ICS__Lib_EthEnc28j60_smDHCPState
0x37D5       [2]    ?ICSSPI_Ethernet_readPacket_nextPtr_L0
0x37D7       [6]    ?ICS_SPI_Ethernet_ff
0x37DD       [1]    ?ICS__Lib_EthEnc28j60_waitTcp4FIN
0x37DE       [1]    ?ICS__Lib_EthEnc28j60_closeTCP
0x37DF       [1]    ?ICS__Lib_EthEnc28j60_freeSlot
0x37E0       [4]    ?ICS_SPI_Ethernet_UserTimerSec
0x37E4       [8]    ?ICS?lstr1___Lib_EthEnc28j60
0x37EC       [6]    ?ICS?lstr3_Master
0x37F2       [6]    ?ICS_httpMethod
0x37F8       [2]    ?ICS?lstr2_Master
0x37FA       [7]    ?ICS?lstr1_Master
0x3801      [31]    _httpHeader
0x3820      [12]    __Lib_EthEnc28j60_dhcp_pkt_1
0x382C      [12]    _httpMimeTypeHTML
0x3838       [6]    __Lib_EthEnc28j60_dhcp_pkt_2
0x383E       [5]    __Lib_EthEnc28j60_dhcp_pkt_3
//** Label List: ** 
//----------------------------------------------
  L_init_variables0
  L_init_variables1
  L_init_variables2
  L_putConstString3
  L_putConstString4
  L_putString5
  L_putString6
  L_appendBuffer7
  L_appendBuffer8
  L_formBuffer9
  L_formBuffer10
  L_formBuffer11
  L_formBuffer12
  L_formBuffer13
  L_formBuffer14
  L_formBuffer15
  L_formBuffer16
  L_formBuffer17
  L_formBuffer18
  L_formBuffer19
  L_formBuffer20
  L_SPI_Ethernet_UserTCP21
  L_SPI_Ethernet_UserTCP22
  L_SPI_Ethernet_UserTCP23
  L_SPI_Ethernet_UserTCP24
  L_SPI_Ethernet_UserTCP25
  L_SPI_Ethernet_UserTCP26
  L_SPI_Ethernet_UserTCP27
  L_SPI_Ethernet_UserTCP28
  L_SPI_Ethernet_UserTCP29
  L_SPI_Ethernet_UserTCP30
  L_SPI_Ethernet_UserTCP31
  L_SPI_Ethernet_UserTCP32
  L_SPI_Ethernet_UserTCP33
  L_SPI_Ethernet_UserTCP34
  L_SPI_Ethernet_UserTCP35
  L_SPI_Ethernet_UserTCP36
  L_SPI_Ethernet_UserTCP37
  L_transmit38
  L_transmit39
  L_interrupt40
  L_interrupt41
  L_interrupt42
  L_interrupt43
  L_interrupt44
  L_interrupt45
  L_interrupt46
  L_interrupt47
  L_interrupt48
  L_interrupt49
  L_interrupt50
  L_interrupt51
  L_interrupt52
  L_interrupt53
  L_interrupt54
  L_interrupt55
  L_interrupt56
  L_interrupt57
  L_interrupt58
  L_interrupt59
  L_interrupt60
  L_interrupt61
  L_interrupt62
  L_interrupt63
  L_interrupt64
  L_interrupt65
  L_interrupt66
  L_interrupt67
  L_interrupt68
  L_lcdDisplayUchar69
  L_lcdDisplayUchar70
  L_lcdDisplayBit71
  L_lcdDisplayBit72
  L_lcdDisplayBit73
  L_lcdDisplayBit74
  L_lcdDisplayBit75
  L_updateLCD76
  L_updateLCD77
  L_updateLCD78
  L_updateLCD79
  L_updateLCD80
  L_updateLCD81
  L_updateLCD82
  L_updateLCD83
  L_updateLCD84
  L_updateLCD85
  L_main86
  L_main87
  L_main88
  L_main89
  L_main90
  L_main91
  L_main92
  L_main93
  L_main94
  L_main95
  L__interrupt96
  L__interrupt97
  L__interrupt98
  L__interrupt99
  _init_variables
  _init
  _putConstString
  _putString
  _appendBuffer
  _formBuffer
  _SPI_Ethernet_UserUDP
  _SPI_Ethernet_UserTCP
  L__SPI_Ethernet_UserTCP100
  L__SPI_Ethernet_UserTCP101
  L__SPI_Ethernet_UserTCP102
  L__SPI_Ethernet_UserTCP103
  _transmit
  _interrupt
  L__interrupt104
  _lcdDisplayUchar
  _lcdDisplayBit
  L__lcdDisplayBit105
  _lcdDisplayProgram
  _updateLCD
  _main
  L_ByteToStr0
  L_ByteToStr1
  L_ByteToStr2
  L_ByteToStr3
  L_ByteToStr4
  L_ByteToStr5
  L_WordToStr6
  L_WordToStr7
  L_WordToStr8
  L_WordToStr9
  L_WordToStr10
  L_WordToStr11
  L_WordToStrWithZeros12
  L_WordToStrWithZeros13
  L_WordToStrWithZeros14
  L_WordToStrWithZeros15
  L_WordToStrWithZeros16
  L_ShortToStr17
  L_ShortToStr18
  L_ShortToStr19
  L_ShortToStr20
  L_ShortToStr21
  L_ShortToStr22
  L_IntToStr23
  L_IntToStr24
  L_IntToStr25
  L_IntToStr26
  L_IntToStr27
  L_IntToStr28
  L_IntToStrWithZeros29
  L_IntToStrWithZeros30
  L_IntToStrWithZeros31
  L_IntToStrWithZeros32
  L_IntToStrWithZeros33
  L_IntToStrWithZeros34
  L_IntToStrWithZeros35
  L_IntToStrWithZeros36
  L_IntToStrWithZeros37
  L_LongWordToStr38
  L_LongWordToStr39
  L_LongWordToStr40
  L_LongWordToStr41
  L_LongWordToStr42
  L_LongWordToStr43
  L_LongWordToStrWithZeros44
  L_LongWordToStrWithZeros45
  L_LongWordToStrWithZeros46
  L_LongWordToStrWithZeros47
  L_LongWordToStrWithZeros48
  L_LongToStr49
  L_LongToStr50
  L_LongToStr51
  L_LongToStr52
  L_LongToStr53
  L_LongToStr54
  L_LongIntToStrWithZeros55
  L_LongIntToStrWithZeros56
  L_LongIntToStrWithZeros57
  L_LongIntToStrWithZeros58
  L_LongIntToStrWithZeros59
  L_LongIntToStrWithZeros60
  L_LongIntToStrWithZeros61
  L_LongIntToStrWithZeros62
  L_LongIntToStrWithZeros63
  L_Dec2Bcd64
  L_Dec2Bcd65
  L_Rtrim66
  L_Rtrim67
  L_Rtrim68
  L_Rtrim69
  L_Ltrim70
  L_Ltrim71
  L_Ltrim72
  L_Ltrim73
  L_Ltrim74
  L_Ltrim75
  L_FloatToStr76
  L_FloatToStr77
  L_FloatToStr78
  L_FloatToStr79
  L_FloatToStr80
  L_FloatToStr81
  L_FloatToStr82
  L_FloatToStr83
  L_FloatToStr84
  L_FloatToStr85
  L_FloatToStr86
  L_FloatToStr87
  L_FloatToStr88
  L_FloatToStr89
  L_FloatToStr90
  L_FloatToStr91
  L_FloatToStr92
  L_FloatToStr93
  L_FloatToStr94
  L_FloatToStr95
  L_FloatToStr96
  L_FloatToStr97
  L__Rtrim98
  L__Ltrim99
  L__FloatToStr100
  L_end_ByteToHex
  _ByteToHex
  L_end_ShortToHex
  _ShortToHex
  L_end_WordToHex
  _WordToHex
  L_end_IntToHex
  _IntToHex
  L_end_LongWordToHex
  _LongWordToHex
  L_end_LongIntToHex
  _LongIntToHex
  L_end_ByteToStr
  _ByteToStr
  L_end_WordToStr
  _WordToStr
  L__WordToStr109
  L_end_WordToStrWithZeros
  _WordToStrWithZeros
  L__WordToStrWithZeros111
  L_end_ShortToStr
  _ShortToStr
  L__ShortToStr113
  L_end_IntToStr
  _IntToStr
  L__IntToStr115
  L__IntToStr116
  L_end_IntToStrWithZeros
  _IntToStrWithZeros
  L__IntToStrWithZeros118
  L__IntToStrWithZeros119
  L__IntToStrWithZeros120
  L_end_LongWordToStr
  _LongWordToStr
  L__LongWordToStr122
  L__LongWordToStr123
  L_end_LongWordToStrWithZeros
  _LongWordToStrWithZeros
  L__LongWordToStrWithZeros125
  L_end_LongToStr
  _LongToStr
  L__LongToStr127
  L__LongToStr128
  L_end_LongIntToStrWithZeros
  _LongIntToStrWithZeros
  L__LongIntToStrWithZeros130
  L__LongIntToStrWithZeros131
  L__LongIntToStrWithZeros132
  L_end_Dec2Bcd
  _Dec2Bcd
  L_end_Bcd2Dec
  _Bcd2Dec
  L_end_Bcd2Dec16
  _Bcd2Dec16
  L__Bcd2Dec16136
  L__Bcd2Dec16137
  L_end_Dec2Bcd16
  _Dec2Bcd16
  L__Dec2Bcd16139
  L__Dec2Bcd16140
  L_end_Rtrim
  _Rtrim
  L__Rtrim142
  L_end_Ltrim
  _Ltrim
  L_end_FloatToStr
  _FloatToStr
  L__FloatToStr145
  L__FloatToStr146
  L__FloatToStr147
  L__FloatToStr148
  L__FloatToStr149
  L_memchr0
  L_memchr1
  L_memchr2
  L_memchr3
  L_memcmp4
  L_memcmp5
  L_memcmp6
  L_memcpy7
  L_memcpy8
  L_memmove9
  L_memmove10
  L_memmove11
  L_memmove12
  L_memmove13
  L_memmove14
  L_memmove15
  L_memmove16
  L_memmove17
  L_memmove18
  L_memmove19
  L_memset20
  L_memset21
  L_strcat22
  L_strcat23
  L_strcat24
  L_strcat25
  L_strchr26
  L_strchr27
  L_strchr28
  L_strchr29
  L_strcmp30
  L_strcmp31
  L_strcmp32
  L_strcmp33
  L_strcpy34
  L_strcpy35
  L_strlen36
  L_strlen37
  L_strncat38
  L_strncat39
  L_strncat40
  L_strncat41
  L_strncat42
  L_strncat43
  L_strncat44
  L_strncpy45
  L_strncpy46
  L_strncpy47
  L_strncpy48
  L_strncpy49
  L_strspn50
  L_strspn51
  L_strspn52
  L_strspn53
  L_strcspn54
  L_strcspn55
  L_strcspn56
  L_strcspn57
  L_strncmp58
  L_strncmp59
  L_strncmp60
  L_strncmp61
  L_strncmp62
  L_strpbrk63
  L_strpbrk64
  L_strpbrk65
  L_strrchr66
  L_strrchr67
  L_strrchr68
  L_strrchr69
  L_strstr70
  L_strstr71
  L_strstr72
  L_strstr73
  L_strstr74
  L_strtok75
  L_strtok76
  L_strtok77
  L_strtok78
  L_strtok79
  L__memmove80
  L__strcmp81
  L__strncat82
  L__strspn83
  L__strcspn84
  L__strncmp85
  L__strstr86
  L_end_memchr
  _memchr
  L_end_memcmp
  _memcmp
  L__memcmp89
  L_end_memcpy
  _memcpy
  L_end_memmove
  _memmove
  L__memmove92
  L__memmove93
  L_end_memset
  _memset
  L_end_strcat
  _strcat
  L_end_strchr
  _strchr
  L_end_strcmp
  _strcmp
  L_end_strcpy
  _strcpy
  L_end_strlen
  _strlen
  L_end_strncat
  _strncat
  L__strncat101
  L_end_strncpy
  _strncpy
  L_end_strspn
  _strspn
  L__strspn104
  L_end_strcspn
  _strcspn
  L__strcspn106
  L_end_strncmp
  _strncmp
  L_end_strpbrk
  _strpbrk
  L_end_strrchr
  _strrchr
  L__strrchr110
  L_end_strstr
  _strstr
  L__strstr112
  L__strstr113
  L_end_strtok
  _strtok
  L__strtok115
  L_Delay_10us0
  L_Delay_22us1
  L_Delay_50us2
  L_Delay_80us3
  L_Delay_500us4
  L_Delay_5500us5
  L_Delay_1ms6
  L_Delay_5ms7
  L_Delay_8ms8
  L_Delay_100ms9
  L_Delay_10ms10
  L_Delay_1sec11
  L____Boot_Delay4k12
  L____Boot_Delay8k13
  L____Boot_Delay12k14
  L____Boot_Delay16k15
  L____Boot_Delay24k16
  L____Boot_Delay32k17
  L____Boot_Delay48k18
  L____Boot_Delay64k19
  L____Boot_Delay128k20
  L_Delay_Cyc21
  L_Delay_Cyc22
  L_VDelay_ms23
  L_VDelay_ms24
  L_VDelay_ms25
  L_VDelay_Advanced_ms26
  L_VDelay_Advanced_ms27
  L_VDelay_Advanced_ms28
  _Get_Fosc_kHz
  _Delay_1us
  _Delay_10us
  _Delay_22us
  _Delay_50us
  _Delay_80us
  _Delay_500us
  _Delay_5500us
  _Delay_1ms
  _Delay_5ms
  _Delay_8ms
  _Delay_100ms
  _Delay_10ms
  _Delay_1sec
  ____Boot_Delay4k
  ____Boot_Delay8k
  ____Boot_Delay12k
  ____Boot_Delay16k
  ____Boot_Delay24k
  ____Boot_Delay32k
  ____Boot_Delay48k
  ____Boot_Delay64k
  ____Boot_Delay128k
  _Delay_Cyc
  _VDelay_ms
  L__VDelay_ms29
  L__VDelay_ms30
  L__VDelay_ms31
  _VDelay_Advanced_ms
  L__VDelay_Advanced_ms32
  L__VDelay_Advanced_ms33
  L__VDelay_Advanced_ms34
  L___Lib_EthEnc28j60_mkSubnetBroadcast0
  L___Lib_EthEnc28j60_mkSubnetBroadcast1
  L___Lib_EthEnc28j60_mkSubnetBroadcast2
  L_SPI_Ethernet_Init23
  L_SPI_Ethernet_Init24
  L_SPI_Ethernet_Init25
  L_SPI_Ethernet_Init26
  L_SPI_Ethernet_Init27
  L_SPI_Ethernet_Init28
  L_SPI_Ethernet_Init29
  L_SPI_Ethernet_Init210
  L_SPI_Ethernet_Init211
  L_SPI_Ethernet_Init212
  L_SPI_Ethernet_getBytes13
  L_SPI_Ethernet_getBytes14
  L_SPI_Ethernet_getBytes15
  L_SPI_Ethernet_doPacket16
  L_SPI_Ethernet_readPacket17
  L_SPI_Ethernet_readPacket18
  L_SPI_Ethernet_readPacket19
  L_SPI_Ethernet_readPacket20
  L_SPI_Ethernet_readPacket21
  L_SPI_Ethernet_readPacket22
  L_SPI_Ethernet_readPacket23
  L_SPI_Ethernet_readPacket24
  L_SPI_Ethernet_readPacket25
  L_SPI_Ethernet_readPacket26
  L_SPI_Ethernet_readPacket27
  L_SPI_Ethernet_readPacket28
  L_SPI_Ethernet_readPacket29
  L_SPI_Ethernet_readPacket30
  L_SPI_Ethernet_readPacket31
  L_SPI_Ethernet_readPacket32
  L_SPI_Ethernet_readPacket33
  L_SPI_Ethernet_readPacket34
  L_SPI_Ethernet_readPacket35
  L_SPI_Ethernet_readPacket36
  L_SPI_Ethernet_readPacket37
  L_SPI_Ethernet_readPacket38
  L_SPI_Ethernet_readPacket39
  L_SPI_Ethernet_readPacket40
  L_SPI_Ethernet_readPacket41
  L_SPI_Ethernet_readPacket42
  L_SPI_Ethernet_readPacket43
  L_SPI_Ethernet_readPacket44
  L_SPI_Ethernet_readPacket45
  L_SPI_Ethernet_doARP46
  L_SPI_Ethernet_doARP47
  L_SPI_Ethernet_doARP48
  L_SPI_Ethernet_doARP49
  L_SPI_Ethernet_doARP50
  L_SPI_Ethernet_doARP51
  L_SPI_Ethernet_doARP52
  L_SPI_Ethernet_doARP53
  L_SPI_Ethernet_arpResolve54
  L_SPI_Ethernet_arpResolve55
  L_SPI_Ethernet_arpResolve56
  L_SPI_Ethernet_arpResolve57
  L_SPI_Ethernet_arpResolve58
  L_SPI_Ethernet_arpResolve59
  L_SPI_Ethernet_arpResolve60
  L_SPI_Ethernet_arpResolve61
  L_SPI_Ethernet_arpResolve62
  L_SPI_Ethernet_arpResolve63
  L_SPI_Ethernet_arpResolve64
  L_SPI_Ethernet_arpResolve65
  L_SPI_Ethernet_arpResolve66
  L_SPI_Ethernet_arpResolve67
  L_SPI_Ethernet_arpResolve68
  L_SPI_Ethernet_arpResolve69
  L_SPI_Ethernet_arpResolve70
  L_SPI_Ethernet_arpResolve71
  L_SPI_Ethernet_doTCP72
  L_SPI_Ethernet_doTCP73
  L_SPI_Ethernet_doTCP74
  L_SPI_Ethernet_doTCP75
  L_SPI_Ethernet_doTCP76
  L_SPI_Ethernet_doTCP77
  L_SPI_Ethernet_doTCP78
  ___SPI_Ethernet_doTCP_MORE2SEND
  L_SPI_Ethernet_doTCP79
  L_SPI_Ethernet_doTCP80
  L_SPI_Ethernet_doTCP81
  L_SPI_Ethernet_doTCP82
  L_SPI_Ethernet_doTCP83
  L_SPI_Ethernet_doUDP84
  L_SPI_Ethernet_doUDP85
  L_SPI_Ethernet_doUDP86
  L_SPI_Ethernet_doUDP87
  L_SPI_Ethernet_doUDP88
  L_SPI_Ethernet_doUDP89
  L_SPI_Ethernet_sendUDP90
  L_SPI_Ethernet_initDHCP91
  L_SPI_Ethernet_initDHCP92
  L_SPI_Ethernet_initDHCP93
  L_SPI_Ethernet_doDHCPLeaseTime94
  L_SPI_Ethernet_doDHCPLeaseTime95
  L_SPI_Ethernet_renewDHCP96
  L_SPI_Ethernet_renewDHCP97
  L_SPI_Ethernet_renewDHCP98
  L_SPI_Ethernet_doDHCP99
  L_SPI_Ethernet_doDHCP100
  L_SPI_Ethernet_doDHCP101
  L_SPI_Ethernet_doDHCP102
  L_SPI_Ethernet_doDHCP103
  L_SPI_Ethernet_doDHCP104
  L_SPI_Ethernet_doDHCP105
  L_SPI_Ethernet_doDHCP106
  L_SPI_Ethernet_doDHCP107
  L_SPI_Ethernet_doDHCP108
  L_SPI_Ethernet_doDHCP109
  L_SPI_Ethernet_doDHCP110
  L_SPI_Ethernet_doDHCP111
  L_SPI_Ethernet_doDHCP112
  L_SPI_Ethernet_DHCPReceive113
  L_SPI_Ethernet_DHCPReceive114
  L_SPI_Ethernet_DHCPReceive115
  L_SPI_Ethernet_DHCPReceive116
  L_SPI_Ethernet_DHCPReceive117
  L_SPI_Ethernet_DHCPReceive118
  L_SPI_Ethernet_DHCPReceive119
  L_SPI_Ethernet_DHCPReceive120
  L_SPI_Ethernet_DHCPReceive121
  L_SPI_Ethernet_DHCPReceive122
  L_SPI_Ethernet_DHCPReceive123
  ___SPI_Ethernet_DHCPReceive_UDPInvalid
  L_SPI_Ethernet_DHCPReceive124
  L_SPI_Ethernet_DHCPReceive125
  L_SPI_Ethernet_DHCPReceive126
  L_SPI_Ethernet_DHCPReceive127
  L_SPI_Ethernet_DHCPReceive128
  L_SPI_Ethernet_DHCPReceive129
  L_SPI_Ethernet_DHCPReceive130
  L_SPI_Ethernet_DHCPReceive131
  L_SPI_Ethernet_DHCPReceive132
  L_SPI_Ethernet_DHCPReceive133
  L_SPI_Ethernet_DHCPReceive134
  L_SPI_Ethernet_DHCPReceive135
  L_SPI_Ethernet_DHCPReceive136
  L_SPI_Ethernet_DHCPReceive137
  L_SPI_Ethernet_DHCPReceive138
  L_SPI_Ethernet_DHCPReceive139
  L_SPI_Ethernet_DHCPReceive140
  L_SPI_Ethernet_DHCPReceive141
  L_SPI_Ethernet_DHCPReceive142
  L_SPI_Ethernet_DHCPReceive143
  L_SPI_Ethernet_DHCPReceive144
  L_SPI_Ethernet_DHCPReceive145
  L_SPI_Ethernet_DHCPReceive146
  L_SPI_Ethernet_DHCPReceive147
  L_SPI_Ethernet_DHCPReceive148
  L_SPI_Ethernet_DHCPReceive149
  L_SPI_Ethernet_DHCPReceive150
  L_SPI_Ethernet_DHCPReceive151
  L_SPI_Ethernet_DHCPReceive152
  L_SPI_Ethernet_DHCPReceive153
  L_SPI_Ethernet_DHCPReceive154
  L_SPI_Ethernet_DHCPReceive155
  L_SPI_Ethernet_DHCPReceive156
  L_SPI_Ethernet_DHCPReceive157
  L_SPI_Ethernet_DHCPReceive158
  L_SPI_Ethernet_DHCPReceive159
  L_SPI_Ethernet_DHCPReceive160
  L_SPI_Ethernet_DHCPReceive161
  L_SPI_Ethernet_DHCPmsg162
  L_SPI_Ethernet_DHCPmsg163
  L_SPI_Ethernet_DHCPmsg164
  L_SPI_Ethernet_DHCPmsg165
  L_SPI_Ethernet_DHCPmsg166
  L_SPI_Ethernet_DHCPmsg167
  L_SPI_Ethernet_DHCPmsg168
  L_SPI_Ethernet_DHCPmsg169
  L_SPI_Ethernet_DHCPmsg170
  L_SPI_Ethernet_DHCPmsg171
  L_SPI_Ethernet_DHCPmsg172
  L_SPI_Ethernet_DHCPmsg173
  L_SPI_Ethernet_DHCPmsg174
  L_SPI_Ethernet_DHCPmsg175
  L_SPI_Ethernet_DHCPmsg176
  L_SPI_Ethernet_DHCPmsg177
  L_SPI_Ethernet_DHCPmsg178
  L_SPI_Ethernet_DHCPmsg179
  L_SPI_Ethernet_DHCPmsg180
  L_SPI_Ethernet_DHCPmsg181
  L_SPI_Ethernet_DHCPmsg182
  L_SPI_Ethernet_DHCPmsg183
  L_SPI_Ethernet_doDNS184
  L_SPI_Ethernet_doDNS185
  L_SPI_Ethernet_doDNS186
  L_SPI_Ethernet_doDNS187
  L_SPI_Ethernet_doDNS188
  L_SPI_Ethernet_doDNS189
  L_SPI_Ethernet_doDNS190
  L_SPI_Ethernet_doDNS191
  L_SPI_Ethernet_doDNS192
  L_SPI_Ethernet_doDNS193
  L_SPI_Ethernet_dnsResolve194
  L_SPI_Ethernet_dnsResolve195
  L_SPI_Ethernet_dnsResolve196
  L_SPI_Ethernet_dnsResolve197
  L_SPI_Ethernet_dnsResolve198
  L_SPI_Ethernet_dnsResolve199
  L_SPI_Ethernet_dnsResolve200
  L_SPI_Ethernet_dnsResolve201
  L_SPI_Ethernet_dnsResolve202
  L_SPI_Ethernet_dnsResolve203
  L_SPI_Ethernet_dnsResolve204
  L_SPI_Ethernet_dnsResolve205
  L_SPI_Ethernet_dnsResolve206
  L_SPI_Ethernet_dnsResolve207
  L_SPI_Ethernet_dnsResolve208
  L_SPI_Ethernet_dnsResolve209
  L_SPI_Ethernet_checksum210
  L_SPI_Ethernet_checksum211
  L_SPI_Ethernet_RAMcopy212
  L_SPI_Ethernet_RAMcopy213
  L_SPI_Ethernet_RAMcopy214
  ___SPI_Ethernet_RAMcopy_PART2
  L_SPI_Ethernet_RAMcopy215
  L_SPI_Ethernet_RAMcopy216
  L_SPI_Ethernet_RAMcopy217
  L_SPI_Ethernet_RAMcopy218
  L_SPI_Ethernet_RAMcopy219
  L_SPI_Ethernet_RAMcopy220
  L_SPI_Ethernet_RAMcopy221
  L_SPI_Ethernet_RAMcopy222
  L_SPI_Ethernet_RAMcopy223
  L_SPI_Ethernet_TXpacket224
  L_SPI_Ethernet_TXpacket225
  L_SPI_Ethernet_TXpacket226
  L_SPI_Ethernet_TXpacket227
  L_SPI_Ethernet_TXpacket228
  L_SPI_Ethernet_TXpacket229
  L_SPI_Ethernet_TXpacket230
  L_SPI_Ethernet_TXpacket231
  L_SPI_Ethernet_TXpacket232
  L_SPI_Ethernet_TXpacket233
  L_SPI_Ethernet_TXpacket234
  L_SPI_Ethernet_TXpacket235
  L_SPI_Ethernet_TXpacket236
  L_SPI_Ethernet_TXpacket237
  L_SPI_Ethernet_TXpacket238
  L_SPI_Ethernet_TXpacket239
  L_SPI_Ethernet_TXpacket240
  L_SPI_Ethernet_TXpacket241
  L_SPI_Ethernet_TXpacket242
  L_SPI_Ethernet_TXpacket243
  L_SPI_Ethernet_TXpacket244
  L_SPI_Ethernet_TXpacket245
  L_SPI_Ethernet_TXpacket246
  L_SPI_Ethernet_TXpacket247
  L_SPI_Ethernet_TXpacket248
  L_SPI_Ethernet_TXpacket249
  L_SPI_Ethernet_TXpacket250
  L_SPI_Ethernet_TXpacket251
  L_SPI_Ethernet_TXpacket252
  L_SPI_Ethernet_memcmp253
  L_SPI_Ethernet_memcmp254
  L_SPI_Ethernet_memcmp255
  L_SPI_Ethernet_memcpy256
  L_SPI_Ethernet_memcpy257
  L_SPI_Ethernet_putBytes258
  L_SPI_Ethernet_putBytes259
  L_SPI_Ethernet_putConstBytes260
  L_SPI_Ethernet_putConstBytes261
  L_SPI_Ethernet_putString262
  L_SPI_Ethernet_putString263
  L_SPI_Ethernet_putConstString264
  L_SPI_Ethernet_putConstString265
  L_SPI_Ethernet_setRxReadAddress266
  L_SPI_Ethernet_delay267
  L_SPI_Ethernet_delay268
  L_SPI_Ethernet_delay269
  L__SPI_Ethernet_readPacket270
  L__SPI_Ethernet_readPacket271
  L__SPI_Ethernet_readPacket272
  L__SPI_Ethernet_readPacket273
  L__SPI_Ethernet_doARP274
  L__SPI_Ethernet_arpResolve275
  L__SPI_Ethernet_DHCPmsg276
  L__SPI_Ethernet_DHCPmsg277
  L__SPI_Ethernet_DHCPmsg278
  L__SPI_Ethernet_dnsResolve279
  L__SPI_Ethernet_dnsResolve280
  L__SPI_Ethernet_RAMcopy281
  L__SPI_Ethernet_TXpacket282
  L__SPI_Ethernet_TXpacket283
  L__SPI_Ethernet_TXpacket284
  L__SPI_Ethernet_TXpacket285
  L__SPI_Ethernet_TXpacket286
  L__SPI_Ethernet_TXpacket287
  L_end_mkSubnetBroadcast
  __Lib_EthEnc28j60_mkSubnetBroadcast
  L_end_SPI_Ethernet_Init
  _SPI_Ethernet_Init
  L_end_SPI_Ethernet_Init2
  _SPI_Ethernet_Init2
  L_end_SPI_Ethernet_Enable
  _SPI_Ethernet_Enable
  L_end_SPI_Ethernet_Disable
  _SPI_Ethernet_Disable
  L_end_SPI_Ethernet_getByte
  _SPI_Ethernet_getByte
  L_end_SPI_Ethernet_getBytes
  _SPI_Ethernet_getBytes
  L__SPI_Ethernet_getBytes295
  L_end_SPI_Ethernet_getIpAddress
  _SPI_Ethernet_getIpAddress
  L_end_SPI_Ethernet_getGwIpAddress
  _SPI_Ethernet_getGwIpAddress
  L_end_SPI_Ethernet_getDnsIpAddress
  _SPI_Ethernet_getDnsIpAddress
  L_end_SPI_Ethernet_getIpMask
  _SPI_Ethernet_getIpMask
  L_end_SPI_Ethernet_doPacket
  _SPI_Ethernet_doPacket
  L_end_SPI_Ethernet_readPacket
  _SPI_Ethernet_readPacket
  L__SPI_Ethernet_readPacket302
  L__SPI_Ethernet_readPacket303
  L__SPI_Ethernet_readPacket304
  L__SPI_Ethernet_readPacket305
  L__SPI_Ethernet_readPacket306
  L_end_SPI_Ethernet_doARP
  _SPI_Ethernet_doARP
  L_end_SPI_Ethernet_arpResolve
  _SPI_Ethernet_arpResolve
  L__SPI_Ethernet_arpResolve309
  L__SPI_Ethernet_arpResolve310
  L__SPI_Ethernet_arpResolve311
  L__SPI_Ethernet_arpResolve312
  L__SPI_Ethernet_arpResolve313
  L__SPI_Ethernet_arpResolve314
  L__SPI_Ethernet_arpResolve315
  L_end_SPI_Ethernet_doTCP
  _SPI_Ethernet_doTCP
  L__SPI_Ethernet_doTCP317
  L__SPI_Ethernet_doTCP318
  L__SPI_Ethernet_doTCP319
  L__SPI_Ethernet_doTCP320
  L_end_SPI_Ethernet_doUDP
  _SPI_Ethernet_doUDP
  L__SPI_Ethernet_doUDP322
  L__SPI_Ethernet_doUDP323
  L__SPI_Ethernet_doUDP324
  L_end_SPI_Ethernet_sendUDP2
  _SPI_Ethernet_sendUDP2
  L_end_SPI_Ethernet_sendUDP
  _SPI_Ethernet_sendUDP
  L__SPI_Ethernet_sendUDP327
  L_end_SPI_Ethernet_initDHCP
  _SPI_Ethernet_initDHCP
  L__SPI_Ethernet_initDHCP329
  L_end_SPI_Ethernet_doDHCPLeaseTime
  _SPI_Ethernet_doDHCPLeaseTime
  L_end_SPI_Ethernet_renewDHCP
  _SPI_Ethernet_renewDHCP
  L__SPI_Ethernet_renewDHCP332
  L__SPI_Ethernet_renewDHCP333
  L_end_SPI_Ethernet_doDHCP
  _SPI_Ethernet_doDHCP
  L__SPI_Ethernet_doDHCP335
  L__SPI_Ethernet_doDHCP336
  L_end_SPI_Ethernet_DHCPReceive
  _SPI_Ethernet_DHCPReceive
  L__SPI_Ethernet_DHCPReceive338
  L__SPI_Ethernet_DHCPReceive339
  L_end_SPI_Ethernet_DHCPmsg
  _SPI_Ethernet_DHCPmsg
  L_end_SPI_Ethernet_doDNS
  _SPI_Ethernet_doDNS
  L__SPI_Ethernet_doDNS342
  L_end_SPI_Ethernet_dnsResolve
  _SPI_Ethernet_dnsResolve
  L__SPI_Ethernet_dnsResolve344
  L__SPI_Ethernet_dnsResolve345
  L_end_SPI_Ethernet_confNetwork
  _SPI_Ethernet_confNetwork
  L_end_SPI_Ethernet_checksum
  _SPI_Ethernet_checksum
  L_end_SPI_Ethernet_RAMcopy
  _SPI_Ethernet_RAMcopy
  L__SPI_Ethernet_RAMcopy349
  L__SPI_Ethernet_RAMcopy350
  L_end_SPI_Ethernet_MACswap
  _SPI_Ethernet_MACswap
  L_end_SPI_Ethernet_IPswap
  _SPI_Ethernet_IPswap
  L_end_SPI_Ethernet_TXpacket
  _SPI_Ethernet_TXpacket
  L__SPI_Ethernet_TXpacket354
  L__SPI_Ethernet_TXpacket355
  L__SPI_Ethernet_TXpacket356
  L_end_SPI_Ethernet_memcmp
  _SPI_Ethernet_memcmp
  L_end_SPI_Ethernet_memcpy
  _SPI_Ethernet_memcpy
  L_end_SPI_Ethernet_writeMemory
  _SPI_Ethernet_writeMemory
  L_end_SPI_Ethernet_writeMem
  _SPI_Ethernet_writeMem
  L_end_SPI_Ethernet_writeMemory2
  _SPI_Ethernet_writeMemory2
  L_end_SPI_Ethernet_putByte
  _SPI_Ethernet_putByte
  L_end_SPI_Ethernet_putBytes
  _SPI_Ethernet_putBytes
  L_end_SPI_Ethernet_putConstBytes
  _SPI_Ethernet_putConstBytes
  L_end_SPI_Ethernet_putString
  _SPI_Ethernet_putString
  L_end_SPI_Ethernet_putConstString
  _SPI_Ethernet_putConstString
  L_end_SPI_Ethernet_readMem
  _SPI_Ethernet_readMem
  L_end_SPI_Ethernet_readReg
  _SPI_Ethernet_readReg
  L_end_SPI_Ethernet_writeReg
  _SPI_Ethernet_writeReg
  L_end_SPI_Ethernet_setBitReg
  _SPI_Ethernet_setBitReg
  L_end_SPI_Ethernet_clearBitReg
  _SPI_Ethernet_clearBitReg
  L_end_SPI_Ethernet_writeAddr
  _SPI_Ethernet_writeAddr
  L_end_SPI_Ethernet_setRxReadAddress
  _SPI_Ethernet_setRxReadAddress
  L__SPI_Ethernet_setRxReadAddress374
  L_end_SPI_Ethernet_writePHY
  _SPI_Ethernet_writePHY
  L_end_SPI_Ethernet_readPHY
  _SPI_Ethernet_readPHY
  L_end_SPI_Ethernet_delay
  _SPI_Ethernet_delay
  L_Lcd_Cmd0
  L_Lcd_Cmd1
  L_Lcd_Out_CP2
  L_Lcd_Out_CP3
  L_Lcd_Chr4
  L_Lcd_Chr5
  L_Lcd_Chr6
  L_Lcd_Chr7
  L_Lcd_Chr8
  L_Lcd_Chr9
  L_Lcd_Chr10
  L_Lcd_Out11
  L_Lcd_Out12
  L_Lcd_Out13
  L_Lcd_Out14
  L_Lcd_Out15
  L_Lcd_Out16
  L_Lcd_Out17
  L_Lcd_Out18
  L_Lcd_Out19
  L_end_Lcd_Cmd
  _Lcd_Cmd
  L__Lcd_Cmd21
  L__Lcd_Cmd22
  L__Lcd_Cmd23
  L__Lcd_Cmd24
  L__Lcd_Cmd25
  L__Lcd_Cmd26
  L__Lcd_Cmd27
  L__Lcd_Cmd28
  L__Lcd_Cmd29
  L__Lcd_Cmd30
  L__Lcd_Cmd31
  L__Lcd_Cmd32
  L__Lcd_Cmd33
  L__Lcd_Cmd34
  L__Lcd_Cmd35
  L__Lcd_Cmd36
  L__Lcd_Cmd37
  L__Lcd_Cmd38
  L__Lcd_Cmd39
  L__Lcd_Cmd40
  L_end_Lcd_Chr_CP
  _Lcd_Chr_CP
  L_end_Lcd_Out_CP
  _Lcd_Out_CP
  L_end_Lcd_Chr
  _Lcd_Chr
  L_end_Lcd_Init
  _Lcd_Init
  L_end_Lcd_Out
  _Lcd_Out
  L_Div_16x16_S0
  L_Div_16x16_S1
  LOOPS3232A
  SADD22LA
  SOK22LA
  SADD22L8
  SOK22L8
  LOOPS3232B
  SADD22LB
  SOK22LB
  SADD22L16
  SOK22L16
  LOOPS3232C
  SADD22LC
  SOK22LC
  SADD22L24
  SOK22L24
  LOOPS3232D
  SADD22LD
  SOK22LD
  SOK22L
  L_Div_32x32_S6
  L_Div_32x32_S7
  L_Div_32x32_S8
  L_Div_32x32_S9
  FXD3232S
  END_ALL
  CA3232S
  C3232SX
  C3232SX1
  C3232S
  C3232S2
  C3232SX4
  C3232SOK
  C3232SX3
  C3232SX2
  avoid_comfrem
  LOOPU3232A
  UADD22LA
  UOK22LA
  UADD22L8
  UOK22L8
  LOOPU3232B
  UADD22LB
  UOK22LB
  UADD22L16
  UOK22L16
  LOOPU3232C
  UADD22LC
  UOK22LC
  UADD22L24
  UOK22L24
  LOOPU3232D
  UADD22LD
  UOK22LD
  UOK22L
  _NEXT
  _EXIT2
  _LOOP
  _EXIT1
  _IF_FIRST
  _IF_SECOND
  _INVERCE_FIRST
  _MULT
  _INBERSE_SECOND
  _EXIT
  L_end_Div_8x8_U
  _Div_8x8_U
  L_end_Div_16x16_U
  _Div_16x16_U
  L_end_Div_16x16_S_L
  _Div_16x16_S_L
  L_end_Div_16x16_S
  _Div_16x16_S
  L_end_Div_8x8_S
  _Div_8x8_S
  L_end_Mul_8x8_S
  _Mul_8x8_S
  L_end_Mul_16x16_U
  _Mul_16x16_U
  L_end_Mul_16x16_S
  _Mul_16x16_S
  L_end_SDIV3232L
  _SDIV3232L
  L_end_COMFREM
  _COMFREM
  L_end_Div_32x32_S
  _Div_32x32_S
  L_end_Div_32x32_U
  _Div_32x32_U
  L_end_Mul_32x32_U
  _Mul_32x32_U
  L_end_Mul_32x32_S
  _Mul_32x32_S
  L_SPI1_Init_Advanced0
  L_SPI1_Init_Advanced1
  L_SPI1_Init_Advanced2
  L_SPI1_Init_Advanced3
  L_SPI1_Init_Advanced4
  L_SPI1_Init_Advanced5
  L_SPI1_Read6
  L_SPI1_Read7
  L_SPI1_Write8
  L_SPI1_Write9
  L_end_SPI1_Init
  _SPI1_Init
  L_end_SPI1_Init_Advanced
  _SPI1_Init_Advanced
  L_end_SPI1_Read
  _SPI1_Read
  L_end_SPI1_Write
  _SPI1_Write
  L_end_SPI_Set_Active
  _SPI_Set_Active
  L_end_SPI_Read
  _SPI_Read
  L_end_SPI_Write
  _SPI_Write
  _CC2D_Loop1
  _CC2DL_Loop1
  L_loopCA2AWs
  L_loopCCA2AWs
  L_loopCS2Ss
  L_CS2Send
  L_loopCCS2Ss
  L_CCS2Send
  L_loopFZinSWs
  L_longjmp7
  L_end___CC2D
  ___CC2D
  L_end___CC2DW
  ___CC2DW
  L_end___CA2AW
  ___CA2AW
  L_end___CCA2AW
  ___CCA2AW
  L_end___CS2S
  ___CS2S
  L_end___CCS2S
  ___CCS2S
  L_end___FZinS
  ___FZinS
  L_end_____DoIFC
  _____DoIFC
  L_end_Swap
  _Swap
  L_end_setjmp
  _setjmp
  L_end_longjmp
  _longjmp
  L_UART1_Init0
  L_UART1_Init1
  L_UART1_Read2
  L_UART1_Write3
  L_UART1_Write4
  L_UART1_Write_Text5
  L_UART1_Write_Text6
  L_UART1_Read_Text7
  L_UART1_Read_Text8
  L_UART1_Read_Text9
  L_UART1_Read_Text10
  L_UART1_Read_Text11
  L_UART1_Read_Text12
  L_UART1_Read_Text13
  L_UART1_Read_Text14
  L_UART1_Read_Text15
  L_UART_Write_Text16
  L_UART_Write_Text17
  L_UART_Read_Text18
  L_UART_Read_Text19
  L_UART_Read_Text20
  L_UART_Read_Text21
  L_UART_Read_Text22
  L_UART_Read_Text23
  L_UART_Read_Text24
  L_UART_Read_Text25
  L_UART_Read_Text26
  L_end_UART1_Init
  _UART1_Init
  L_end_UART1_Data_Ready
  _UART1_Data_Ready
  L_end_UART1_Read
  _UART1_Read
  L_end_UART1_Tx_Idle
  _UART1_Tx_Idle
  L_end_UART1_Write
  _UART1_Write
  L_end_UART1_Write_Text
  _UART1_Write_Text
  L_end_UART1_Read_Text
  _UART1_Read_Text
  L_end_UART_Set_Active
  _UART_Set_Active
  L_end_UART_Write
  _UART_Write
  L_end_UART_Write_Text
  _UART_Write_Text
  L_end_UART_Read
  _UART_Read
  L_end_UART_Data_Ready
  _UART_Data_Ready
  L_end_UART_Read_Text
  _UART_Read_Text
  L_end_UART_Tx_Idle
  _UART_Tx_Idle
  L_init_variables0
  L_init_variables1
  L_init_variables2
  L_putConstString3
  L_putConstString4
  L_putString5
  L_putString6
  L_appendBuffer7
  L_appendBuffer8
  L_formBuffer9
  L_formBuffer10
  L_formBuffer11
  L_formBuffer12
  L_formBuffer13
  L_formBuffer14
  L_formBuffer15
  L_formBuffer16
  L_formBuffer17
  L_formBuffer18
  L_formBuffer19
  L_formBuffer20
  L_SPI_Ethernet_UserTCP21
  L_SPI_Ethernet_UserTCP22
  L_SPI_Ethernet_UserTCP23
  L_SPI_Ethernet_UserTCP24
  L_SPI_Ethernet_UserTCP25
  L_SPI_Ethernet_UserTCP26
  L_SPI_Ethernet_UserTCP27
  L_SPI_Ethernet_UserTCP28
  L_SPI_Ethernet_UserTCP29
  L_SPI_Ethernet_UserTCP30
  L_SPI_Ethernet_UserTCP31
  L_SPI_Ethernet_UserTCP32
  L_SPI_Ethernet_UserTCP33
  L_SPI_Ethernet_UserTCP34
  L_SPI_Ethernet_UserTCP35
  L_SPI_Ethernet_UserTCP36
  L_SPI_Ethernet_UserTCP37
  L_transmit38
  L_transmit39
  L_interrupt40
  L_interrupt41
  L_interrupt42
  L_interrupt43
  L_interrupt44
  L_interrupt45
  L_interrupt46
  L_interrupt47
  L_interrupt48
  L_interrupt49
  L_interrupt50
  L_interrupt51
  L_interrupt52
  L_interrupt53
  L_interrupt54
  L_interrupt55
  L_interrupt56
  L_interrupt57
  L_interrupt58
  L_interrupt59
  L_interrupt60
  L_interrupt61
  L_interrupt62
  L_interrupt63
  L_interrupt64
  L_interrupt65
  L_interrupt66
  L_interrupt67
  L_interrupt68
  L_lcdDisplayUchar69
  L_lcdDisplayUchar70
  L_lcdDisplayBit71
  L_lcdDisplayBit72
  L_lcdDisplayBit73
  L_lcdDisplayBit74
  L_lcdDisplayBit75
  L_updateLCD76
  L_updateLCD77
  L_updateLCD78
  L_updateLCD79
  L_updateLCD80
  L_updateLCD81
  L_updateLCD82
  L_updateLCD83
  L_updateLCD84
  L_updateLCD85
  L_main86
  L_main87
  L_main88
  L_main89
  L_main90
  L_main91
  L_main92
  L_main93
  L_main94
  L_main95
  L__interrupt96
  L__interrupt97
  L__interrupt98
  L__interrupt99
  _init_variables
  _init
  _putConstString
  _putString
  _appendBuffer
  _formBuffer
  _SPI_Ethernet_UserUDP
  _SPI_Ethernet_UserTCP
  L__SPI_Ethernet_UserTCP100
  L__SPI_Ethernet_UserTCP101
  L__SPI_Ethernet_UserTCP102
  L__SPI_Ethernet_UserTCP103
  _transmit
  _interrupt
  L__interrupt104
  _lcdDisplayUchar
  _lcdDisplayBit
  L__lcdDisplayBit105
  _lcdDisplayProgram
  _updateLCD
  _main
