;  LST file generated by mikroListExporter - v.2.0 
; Date/Time: 5/25/2026 5:42:09 PM
;----------------------------------------------

;Address Opcode 	ASM
0x0000	0x2CCF      	GOTO       1231
_interrupt:
0x0004	0x00FF      	MOVWF      R15
0x0005	0x0E03      	SWAPF      STATUS, 0
0x0006	0x0183      	CLRF       STATUS
0x0007	0x00D8      	MOVWF      ___saveSTATUS
0x0008	0x080A      	MOVF       PCLATH, 0
0x0009	0x00D9      	MOVWF      ___savePCLATH
0x000A	0x018A      	CLRF       PCLATH
0x000B	0x0870      	MOVF       R0, 0
0x000C	0x00A1      	MOVWF      33
0x000D	0x0871      	MOVF       R1, 0
0x000E	0x00A0      	MOVWF      32
;Slave.c,502 :: 		void interrupt()
;Slave.c,504 :: 		GARDEN_ID = PORTD & 0x0F;
0x000F	0x300F      	MOVLW      15
0x0010	0x0508      	ANDWF      PORTD, 0
0x0011	0x00B4      	MOVWF      _GARDEN_ID
;Slave.c,505 :: 		if ((PIE1.TMR1IE) && (PIR1.TMR1IF))
0x0012	0x1683      	BSF        STATUS, 5
0x0013	0x1C0C      	BTFSS      PIE1, 0
0x0014	0x282F      	GOTO       L_interrupt67
0x0015	0x1283      	BCF        STATUS, 5
0x0016	0x1C0C      	BTFSS      PIR1, 0
0x0017	0x282F      	GOTO       L_interrupt67
L__interrupt124:
;Slave.c,508 :: 		PIR1.TMR1IF = 0; // brise se flag
0x0018	0x100C      	BCF        PIR1, 0
;Slave.c,510 :: 		if (Counter == 9)
0x0019	0x0824      	MOVF       _Counter, 0
0x001A	0x3A09      	XORLW      9
0x001B	0x1D03      	BTFSS      STATUS, 2
0x001C	0x2822      	GOTO       L_interrupt68
;Slave.c,512 :: 		Counter = 0;
0x001D	0x01A4      	CLRF       _Counter
;Slave.c,513 :: 		IncrementTime();
0x001E	0x2433      	CALL       _IncrementTime
;Slave.c,514 :: 		DecodeTime();
0x001F	0x246A      	CALL       _DecodeTime
;Slave.c,515 :: 		UpdateLCDFlag = 1;
0x0020	0x1454      	BSF        _UpdateLCDFlag, BitPos(_UpdateLCDFlag+0)
;Slave.c,516 :: 		}
0x0021	0x2823      	GOTO       L_interrupt69
L_interrupt68:
;Slave.c,518 :: 		Counter++;
0x0022	0x0AA4      	INCF       _Counter, 1
L_interrupt69:
;Slave.c,520 :: 		if (Counter2 > 0)
0x0023	0x0822      	MOVF       _Counter2, 0
0x0024	0x3C00      	SUBLW      0
0x0025	0x1803      	BTFSC      STATUS, 0
0x0026	0x2829      	GOTO       L_interrupt70
;Slave.c,521 :: 		Counter2--;
0x0027	0x03A2      	DECF       _Counter2, 1
0x0028	0x282A      	GOTO       L_interrupt71
L_interrupt70:
;Slave.c,523 :: 		Counter2 = 0;
0x0029	0x01A2      	CLRF       _Counter2
L_interrupt71:
;Slave.c,525 :: 		ProcessInputs();
0x002A	0x2491      	CALL       _ProcessInputs
;Slave.c,527 :: 		TMR1H = 0x0B; // startne vrednosti tajmera 1
0x002B	0x300B      	MOVLW      11
0x002C	0x008F      	MOVWF      TMR1H
;Slave.c,528 :: 		TMR1L = 0xDC;
0x002D	0x30DC      	MOVLW      220
0x002E	0x008E      	MOVWF      TMR1L
;Slave.c,529 :: 		}
L_interrupt67:
;Slave.c,531 :: 		if ((PIE1.RCIE) && (PIR1.RCIF))
0x002F	0x1683      	BSF        STATUS, 5
0x0030	0x1E8C      	BTFSS      PIE1, 5
0x0031	0x28B9      	GOTO       L_interrupt74
0x0032	0x1283      	BCF        STATUS, 5
0x0033	0x1E8C      	BTFSS      PIR1, 5
0x0034	0x28B9      	GOTO       L_interrupt74
L__interrupt123:
;Slave.c,533 :: 		ch = RCREG;
0x0035	0x081A      	MOVF       RCREG, 0
0x0036	0x00AA      	MOVWF      _ch
;Slave.c,535 :: 		if (ByteID == 0x00)
0x0037	0x0835      	MOVF       _ByteID, 0
0x0038	0x3A00      	XORLW      0
0x0039	0x1D03      	BTFSS      STATUS, 2
0x003A	0x286C      	GOTO       L_interrupt75
;Slave.c,537 :: 		if (((ch & 0x0F) == GARDEN_ID) && ((ch & 0xE0) == 0xA0))  // mode code
0x003B	0x300F      	MOVLW      15
0x003C	0x052A      	ANDWF      _ch, 0
0x003D	0x00F1      	MOVWF      R1
0x003E	0x0871      	MOVF       R1, 0
0x003F	0x0634      	XORWF      _GARDEN_ID, 0
0x0040	0x1D03      	BTFSS      STATUS, 2
0x0041	0x2850      	GOTO       L_interrupt78
0x0042	0x30E0      	MOVLW      224
0x0043	0x052A      	ANDWF      _ch, 0
0x0044	0x00F1      	MOVWF      R1
0x0045	0x0871      	MOVF       R1, 0
0x0046	0x3AA0      	XORLW      160
0x0047	0x1D03      	BTFSS      STATUS, 2
0x0048	0x2850      	GOTO       L_interrupt78
L__interrupt122:
;Slave.c,539 :: 		Command = ch;
0x0049	0x082A      	MOVF       _ch, 0
0x004A	0x00A5      	MOVWF      _Command
;Slave.c,540 :: 		ByteID = 0x08;
0x004B	0x3008      	MOVLW      8
0x004C	0x00B5      	MOVWF      _ByteID
;Slave.c,541 :: 		Counter2 = 4;
0x004D	0x3004      	MOVLW      4
0x004E	0x00A2      	MOVWF      _Counter2
;Slave.c,542 :: 		}
0x004F	0x286B      	GOTO       L_interrupt79
L_interrupt78:
;Slave.c,543 :: 		else if (ch == 0x7F) //((ch & 0xE0) == 0x60)
0x0050	0x082A      	MOVF       _ch, 0
0x0051	0x3A7F      	XORLW      127
0x0052	0x1D03      	BTFSS      STATUS, 2
0x0053	0x2859      	GOTO       L_interrupt80
;Slave.c,545 :: 		ByteID = 0x03;
0x0054	0x3003      	MOVLW      3
0x0055	0x00B5      	MOVWF      _ByteID
;Slave.c,546 :: 		Counter2 = 3;
0x0056	0x3003      	MOVLW      3
0x0057	0x00A2      	MOVWF      _Counter2
;Slave.c,547 :: 		}
0x0058	0x286B      	GOTO       L_interrupt81
L_interrupt80:
;Slave.c,548 :: 		else if (((ch & 0x0F) == GARDEN_ID) && ((ch & 0xE0) == 0x20))  // status code
0x0059	0x300F      	MOVLW      15
0x005A	0x052A      	ANDWF      _ch, 0
0x005B	0x00F1      	MOVWF      R1
0x005C	0x0871      	MOVF       R1, 0
0x005D	0x0634      	XORWF      _GARDEN_ID, 0
0x005E	0x1D03      	BTFSS      STATUS, 2
0x005F	0x286B      	GOTO       L_interrupt84
0x0060	0x30E0      	MOVLW      224
0x0061	0x052A      	ANDWF      _ch, 0
0x0062	0x00F1      	MOVWF      R1
0x0063	0x0871      	MOVF       R1, 0
0x0064	0x3A20      	XORLW      32
0x0065	0x1D03      	BTFSS      STATUS, 2
0x0066	0x286B      	GOTO       L_interrupt84
L__interrupt121:
;Slave.c,550 :: 		Command = ch;
0x0067	0x082A      	MOVF       _ch, 0
0x0068	0x00A5      	MOVWF      _Command
;Slave.c,551 :: 		ByteID = 0x00;
0x0069	0x01B5      	CLRF       _ByteID
;Slave.c,552 :: 		CallFlag = 1;
0x006A	0x14D4      	BSF        _CallFlag, BitPos(_CallFlag+0)
;Slave.c,553 :: 		}
L_interrupt84:
L_interrupt81:
L_interrupt79:
;Slave.c,554 :: 		}
0x006B	0x28B9      	GOTO       L_interrupt85
L_interrupt75:
;Slave.c,555 :: 		else if (ByteID == 0x03)
0x006C	0x0835      	MOVF       _ByteID, 0
0x006D	0x3A03      	XORLW      3
0x006E	0x1D03      	BTFSS      STATUS, 2
0x006F	0x287A      	GOTO       L_interrupt86
;Slave.c,557 :: 		ConvertTime(ch);
0x0070	0x082A      	MOVF       _ch, 0
0x0071	0x00EA      	MOVWF      FARG_ConvertTime_ch
0x0072	0x24C1      	CALL       _ConvertTime
;Slave.c,558 :: 		Tmp_Hour_X1 = X1;
0x0073	0x0856      	MOVF       _X1, 0
0x0074	0x00BE      	MOVWF      _Tmp_Hour_X1
;Slave.c,559 :: 		Tmp_Hour_X10 = X10;
0x0075	0x0857      	MOVF       _X10, 0
0x0076	0x00BC      	MOVWF      _Tmp_Hour_X10
;Slave.c,560 :: 		ByteID = 0x02;
0x0077	0x3002      	MOVLW      2
0x0078	0x00B5      	MOVWF      _ByteID
;Slave.c,561 :: 		}
0x0079	0x28B9      	GOTO       L_interrupt87
L_interrupt86:
;Slave.c,562 :: 		else if (ByteID == 0x02)
0x007A	0x0835      	MOVF       _ByteID, 0
0x007B	0x3A02      	XORLW      2
0x007C	0x1D03      	BTFSS      STATUS, 2
0x007D	0x2888      	GOTO       L_interrupt88
;Slave.c,564 :: 		ConvertTime(ch);
0x007E	0x082A      	MOVF       _ch, 0
0x007F	0x00EA      	MOVWF      FARG_ConvertTime_ch
0x0080	0x24C1      	CALL       _ConvertTime
;Slave.c,565 :: 		Tmp_Min_X1 = X1;
0x0081	0x0856      	MOVF       _X1, 0
0x0082	0x00BF      	MOVWF      _Tmp_Min_X1
;Slave.c,566 :: 		Tmp_Min_X10 = X10;
0x0083	0x0857      	MOVF       _X10, 0
0x0084	0x00C0      	MOVWF      _Tmp_Min_X10
;Slave.c,567 :: 		ByteID = 0x01;
0x0085	0x3001      	MOVLW      1
0x0086	0x00B5      	MOVWF      _ByteID
;Slave.c,568 :: 		}
0x0087	0x28B9      	GOTO       L_interrupt89
L_interrupt88:
;Slave.c,569 :: 		else if (ByteID == 0x01)
0x0088	0x0835      	MOVF       _ByteID, 0
0x0089	0x3A01      	XORLW      1
0x008A	0x1D03      	BTFSS      STATUS, 2
0x008B	0x2896      	GOTO       L_interrupt90
;Slave.c,571 :: 		ConvertTime(ch);
0x008C	0x082A      	MOVF       _ch, 0
0x008D	0x00EA      	MOVWF      FARG_ConvertTime_ch
0x008E	0x24C1      	CALL       _ConvertTime
;Slave.c,572 :: 		Tmp_Sec_X1 = X1;
0x008F	0x0856      	MOVF       _X1, 0
0x0090	0x00A8      	MOVWF      _Tmp_Sec_X1
;Slave.c,573 :: 		Tmp_Sec_X10 = X10;
0x0091	0x0857      	MOVF       _X10, 0
0x0092	0x00A9      	MOVWF      _Tmp_Sec_X10
;Slave.c,574 :: 		ByteID = 0x00;
0x0093	0x01B5      	CLRF       _ByteID
;Slave.c,575 :: 		RTCSetupFlag = 1;
0x0094	0x1554      	BSF        _RTCSetupFlag, BitPos(_RTCSetupFlag+0)
;Slave.c,576 :: 		}
0x0095	0x28B9      	GOTO       L_interrupt91
L_interrupt90:
;Slave.c,578 :: 		else if (ByteID == 0x08)
0x0096	0x0835      	MOVF       _ByteID, 0
0x0097	0x3A08      	XORLW      8
0x0098	0x1D03      	BTFSS      STATUS, 2
0x0099	0x289F      	GOTO       L_interrupt92
;Slave.c,580 :: 		Tmp_ProgStartHour = ch;
0x009A	0x082A      	MOVF       _ch, 0
0x009B	0x00B1      	MOVWF      _Tmp_ProgStartHour
;Slave.c,581 :: 		ByteID = 0x07;
0x009C	0x3007      	MOVLW      7
0x009D	0x00B5      	MOVWF      _ByteID
;Slave.c,582 :: 		}
0x009E	0x28B9      	GOTO       L_interrupt93
L_interrupt92:
;Slave.c,583 :: 		else if (ByteID == 0x07)
0x009F	0x0835      	MOVF       _ByteID, 0
0x00A0	0x3A07      	XORLW      7
0x00A1	0x1D03      	BTFSS      STATUS, 2
0x00A2	0x28A8      	GOTO       L_interrupt94
;Slave.c,585 :: 		Tmp_ProgStartMin = ch;
0x00A3	0x082A      	MOVF       _ch, 0
0x00A4	0x00B0      	MOVWF      _Tmp_ProgStartMin
;Slave.c,586 :: 		ByteID = 0x06;
0x00A5	0x3006      	MOVLW      6
0x00A6	0x00B5      	MOVWF      _ByteID
;Slave.c,587 :: 		}
0x00A7	0x28B9      	GOTO       L_interrupt95
L_interrupt94:
;Slave.c,588 :: 		else if (ByteID == 0x06)
0x00A8	0x0835      	MOVF       _ByteID, 0
0x00A9	0x3A06      	XORLW      6
0x00AA	0x1D03      	BTFSS      STATUS, 2
0x00AB	0x28B1      	GOTO       L_interrupt96
;Slave.c,590 :: 		Tmp_time_left_high = ch;
0x00AC	0x082A      	MOVF       _ch, 0
0x00AD	0x00BA      	MOVWF      _Tmp_time_left_high
;Slave.c,591 :: 		ByteID = 0x05;
0x00AE	0x3005      	MOVLW      5
0x00AF	0x00B5      	MOVWF      _ByteID
;Slave.c,592 :: 		}
0x00B0	0x28B9      	GOTO       L_interrupt97
L_interrupt96:
;Slave.c,593 :: 		else if (ByteID == 0x05)
0x00B1	0x0835      	MOVF       _ByteID, 0
0x00B2	0x3A05      	XORLW      5
0x00B3	0x1D03      	BTFSS      STATUS, 2
0x00B4	0x28B9      	GOTO       L_interrupt98
;Slave.c,595 :: 		Tmp_time_left_low = ch;
0x00B5	0x082A      	MOVF       _ch, 0
0x00B6	0x00BB      	MOVWF      _Tmp_time_left_low
;Slave.c,596 :: 		ByteID = 0x00;
0x00B7	0x01B5      	CLRF       _ByteID
;Slave.c,597 :: 		ProgramSetupFlag = 1;
0x00B8	0x1555      	BSF        _ProgramSetupFlag, BitPos(_ProgramSetupFlag+0)
;Slave.c,598 :: 		}
L_interrupt98:
L_interrupt97:
L_interrupt95:
L_interrupt93:
L_interrupt91:
L_interrupt89:
L_interrupt87:
L_interrupt85:
;Slave.c,599 :: 		}
L_interrupt74:
;Slave.c,600 :: 		}
L__interrupt128:
0x00B9	0x1283      	BCF        STATUS, 5
0x00BA	0x0821      	MOVF       33, 0
0x00BB	0x00F0      	MOVWF      R0
0x00BC	0x0820      	MOVF       32, 0
0x00BD	0x00F1      	MOVWF      R1
0x00BE	0x0859      	MOVF       ___savePCLATH, 0
0x00BF	0x008A      	MOVWF      PCLATH
0x00C0	0x0E58      	SWAPF      ___saveSTATUS, 0
0x00C1	0x0083      	MOVWF      STATUS
0x00C2	0x0EFF      	SWAPF      R15, 1
0x00C3	0x0E7F      	SWAPF      R15, 0
0x00C4	0x0009      	RETFIE
; end of _interrupt
_Delay_1us:
;__Lib_Delays.c,7 :: 		void Delay_1us() {
;__Lib_Delays.c,8 :: 		Delay_us(1);
0x00C5	0x0000      	NOP
0x00C6	0x0000      	NOP
0x00C7	0x0000      	NOP
0x00C8	0x0000      	NOP
0x00C9	0x0000      	NOP
;__Lib_Delays.c,9 :: 		}
0x00CA	0x0008      	RETURN
; end of _Delay_1us
_Delay_5500us:
;__Lib_Delays.c,31 :: 		void Delay_5500us() {
;__Lib_Delays.c,32 :: 		Delay_us(5500);
0x00CB	0x3024      	MOVLW      36
0x00CC	0x1283      	BCF        STATUS, 5
0x00CD	0x1303      	BCF        STATUS, 6
0x00CE	0x00FC      	MOVWF      R12
0x00CF	0x30B5      	MOVLW      181
0x00D0	0x00FD      	MOVWF      R13
L_Delay_5500us5:
0x00D1	0x0BFD      	DECFSZ     R13, 1
0x00D2	0x28D1      	GOTO       L_Delay_5500us5
0x00D3	0x0BFC      	DECFSZ     R12, 1
0x00D4	0x28D1      	GOTO       L_Delay_5500us5
0x00D5	0x0000      	NOP
0x00D6	0x0000      	NOP
;__Lib_Delays.c,33 :: 		}
0x00D7	0x0008      	RETURN
; end of _Delay_5500us
_Delay_50us:
;__Lib_Delays.c,19 :: 		void Delay_50us() {
;__Lib_Delays.c,20 :: 		Delay_us(50);
0x00D8	0x3053      	MOVLW      83
0x00D9	0x1283      	BCF        STATUS, 5
0x00DA	0x1303      	BCF        STATUS, 6
0x00DB	0x00FD      	MOVWF      R13
L_Delay_50us2:
0x00DC	0x0BFD      	DECFSZ     R13, 1
0x00DD	0x28DC      	GOTO       L_Delay_50us2
;__Lib_Delays.c,21 :: 		}
0x00DE	0x0008      	RETURN
; end of _Delay_50us
_Lcd_Cmd:
;__Lib_Lcd.c,18 :: 		
;__Lib_Lcd.c,20 :: 		
0x00DF	0x1283      	BCF        STATUS, 5
0x00E0	0x1303      	BCF        STATUS, 6
0x00E1	0x1BE9      	BTFSC      FARG_Lcd_Cmd_out_char, 7
0x00E2	0x28E5      	GOTO       L__Lcd_Cmd21
0x00E3	0x1388      	BCF        LCD_D7, BitPos(LCD_D7+0)
0x00E4	0x28E6      	GOTO       L__Lcd_Cmd22
L__Lcd_Cmd21:
0x00E5	0x1788      	BSF        LCD_D7, BitPos(LCD_D7+0)
L__Lcd_Cmd22:
;__Lib_Lcd.c,21 :: 		
0x00E6	0x1B69      	BTFSC      FARG_Lcd_Cmd_out_char, 6
0x00E7	0x28EA      	GOTO       L__Lcd_Cmd23
0x00E8	0x1308      	BCF        LCD_D6, BitPos(LCD_D6+0)
0x00E9	0x28EB      	GOTO       L__Lcd_Cmd24
L__Lcd_Cmd23:
0x00EA	0x1708      	BSF        LCD_D6, BitPos(LCD_D6+0)
L__Lcd_Cmd24:
;__Lib_Lcd.c,22 :: 		
0x00EB	0x1AE9      	BTFSC      FARG_Lcd_Cmd_out_char, 5
0x00EC	0x28EF      	GOTO       L__Lcd_Cmd25
0x00ED	0x1288      	BCF        LCD_D5, BitPos(LCD_D5+0)
0x00EE	0x28F0      	GOTO       L__Lcd_Cmd26
L__Lcd_Cmd25:
0x00EF	0x1688      	BSF        LCD_D5, BitPos(LCD_D5+0)
L__Lcd_Cmd26:
;__Lib_Lcd.c,23 :: 		
0x00F0	0x1A69      	BTFSC      FARG_Lcd_Cmd_out_char, 4
0x00F1	0x28F4      	GOTO       L__Lcd_Cmd27
0x00F2	0x1208      	BCF        LCD_D4, BitPos(LCD_D4+0)
0x00F3	0x28F5      	GOTO       L__Lcd_Cmd28
L__Lcd_Cmd27:
0x00F4	0x1608      	BSF        LCD_D4, BitPos(LCD_D4+0)
L__Lcd_Cmd28:
;__Lib_Lcd.c,25 :: 		
0x00F5	0x18D5      	BTFSC      __Lib_Lcd_cmd_status, BitPos(__Lib_Lcd_cmd_status+0)
0x00F6	0x28F9      	GOTO       L__Lcd_Cmd29
0x00F7	0x1407      	BSF        LCD_RS, BitPos(LCD_RS+0)
0x00F8	0x28FA      	GOTO       L__Lcd_Cmd30
L__Lcd_Cmd29:
0x00F9	0x1007      	BCF        LCD_RS, BitPos(LCD_RS+0)
L__Lcd_Cmd30:
;__Lib_Lcd.c,28 :: 		
0x00FA	0x1507      	BSF        LCD_EN, BitPos(LCD_EN+0)
;__Lib_Lcd.c,29 :: 		
0x00FB	0x20C5      	CALL       _Delay_1us
;__Lib_Lcd.c,30 :: 		
0x00FC	0x1107      	BCF        LCD_EN, BitPos(LCD_EN+0)
;__Lib_Lcd.c,33 :: 		
0x00FD	0x19E9      	BTFSC      FARG_Lcd_Cmd_out_char, 3
0x00FE	0x2901      	GOTO       L__Lcd_Cmd31
0x00FF	0x1388      	BCF        LCD_D7, BitPos(LCD_D7+0)
0x0100	0x2902      	GOTO       L__Lcd_Cmd32
L__Lcd_Cmd31:
0x0101	0x1788      	BSF        LCD_D7, BitPos(LCD_D7+0)
L__Lcd_Cmd32:
;__Lib_Lcd.c,34 :: 		
0x0102	0x1969      	BTFSC      FARG_Lcd_Cmd_out_char, 2
0x0103	0x2906      	GOTO       L__Lcd_Cmd33
0x0104	0x1308      	BCF        LCD_D6, BitPos(LCD_D6+0)
0x0105	0x2907      	GOTO       L__Lcd_Cmd34
L__Lcd_Cmd33:
0x0106	0x1708      	BSF        LCD_D6, BitPos(LCD_D6+0)
L__Lcd_Cmd34:
;__Lib_Lcd.c,35 :: 		
0x0107	0x18E9      	BTFSC      FARG_Lcd_Cmd_out_char, 1
0x0108	0x290B      	GOTO       L__Lcd_Cmd35
0x0109	0x1288      	BCF        LCD_D5, BitPos(LCD_D5+0)
0x010A	0x290C      	GOTO       L__Lcd_Cmd36
L__Lcd_Cmd35:
0x010B	0x1688      	BSF        LCD_D5, BitPos(LCD_D5+0)
L__Lcd_Cmd36:
;__Lib_Lcd.c,36 :: 		
0x010C	0x1869      	BTFSC      FARG_Lcd_Cmd_out_char, 0
0x010D	0x2910      	GOTO       L__Lcd_Cmd37
0x010E	0x1208      	BCF        LCD_D4, BitPos(LCD_D4+0)
0x010F	0x2911      	GOTO       L__Lcd_Cmd38
L__Lcd_Cmd37:
0x0110	0x1608      	BSF        LCD_D4, BitPos(LCD_D4+0)
L__Lcd_Cmd38:
;__Lib_Lcd.c,38 :: 		
0x0111	0x18D5      	BTFSC      __Lib_Lcd_cmd_status, BitPos(__Lib_Lcd_cmd_status+0)
0x0112	0x2915      	GOTO       L__Lcd_Cmd39
0x0113	0x1407      	BSF        LCD_RS, BitPos(LCD_RS+0)
0x0114	0x2916      	GOTO       L__Lcd_Cmd40
L__Lcd_Cmd39:
0x0115	0x1007      	BCF        LCD_RS, BitPos(LCD_RS+0)
L__Lcd_Cmd40:
;__Lib_Lcd.c,40 :: 		
0x0116	0x1507      	BSF        LCD_EN, BitPos(LCD_EN+0)
;__Lib_Lcd.c,41 :: 		
0x0117	0x20C5      	CALL       _Delay_1us
;__Lib_Lcd.c,42 :: 		
0x0118	0x1107      	BCF        LCD_EN, BitPos(LCD_EN+0)
;__Lib_Lcd.c,44 :: 		
0x0119	0x1CD5      	BTFSS      __Lib_Lcd_cmd_status, BitPos(__Lib_Lcd_cmd_status+0)
0x011A	0x291D      	GOTO       L_Lcd_Cmd0
;__Lib_Lcd.c,45 :: 		
0x011B	0x20CB      	CALL       _Delay_5500us
0x011C	0x291E      	GOTO       L_Lcd_Cmd1
L_Lcd_Cmd0:
;__Lib_Lcd.c,47 :: 		
0x011D	0x20D8      	CALL       _Delay_50us
L_Lcd_Cmd1:
;__Lib_Lcd.c,48 :: 		
L_end_Lcd_Cmd:
0x011E	0x0008      	RETURN
; end of _Lcd_Cmd
_Lcd_Chr:
;__Lib_Lcd.c,65 :: 		
;__Lib_Lcd.c,66 :: 		
0x011F	0x2931      	GOTO       L_Lcd_Chr4
;__Lib_Lcd.c,67 :: 		
L_Lcd_Chr6:
0x0120	0x3080      	MOVLW      128
0x0121	0x1283      	BCF        STATUS, 5
0x0122	0x1303      	BCF        STATUS, 6
0x0123	0x00E6      	MOVWF      FARG_Lcd_Chr_row
0x0124	0x2944      	GOTO       L_Lcd_Chr5
;__Lib_Lcd.c,68 :: 		
L_Lcd_Chr7:
0x0125	0x30C0      	MOVLW      192
0x0126	0x00E6      	MOVWF      FARG_Lcd_Chr_row
0x0127	0x2944      	GOTO       L_Lcd_Chr5
;__Lib_Lcd.c,69 :: 		
L_Lcd_Chr8:
0x0128	0x3094      	MOVLW      148
0x0129	0x00E6      	MOVWF      FARG_Lcd_Chr_row
0x012A	0x2944      	GOTO       L_Lcd_Chr5
;__Lib_Lcd.c,70 :: 		
L_Lcd_Chr9:
0x012B	0x30D4      	MOVLW      212
0x012C	0x00E6      	MOVWF      FARG_Lcd_Chr_row
0x012D	0x2944      	GOTO       L_Lcd_Chr5
;__Lib_Lcd.c,71 :: 		
L_Lcd_Chr10:
0x012E	0x3080      	MOVLW      128
0x012F	0x00E6      	MOVWF      FARG_Lcd_Chr_row
;__Lib_Lcd.c,72 :: 		
0x0130	0x2944      	GOTO       L_Lcd_Chr5
L_Lcd_Chr4:
0x0131	0x1283      	BCF        STATUS, 5
0x0132	0x1303      	BCF        STATUS, 6
0x0133	0x0866      	MOVF       FARG_Lcd_Chr_row, 0
0x0134	0x3A01      	XORLW      1
0x0135	0x1903      	BTFSC      STATUS, 2
0x0136	0x2920      	GOTO       L_Lcd_Chr6
0x0137	0x0866      	MOVF       FARG_Lcd_Chr_row, 0
0x0138	0x3A02      	XORLW      2
0x0139	0x1903      	BTFSC      STATUS, 2
0x013A	0x2925      	GOTO       L_Lcd_Chr7
0x013B	0x0866      	MOVF       FARG_Lcd_Chr_row, 0
0x013C	0x3A03      	XORLW      3
0x013D	0x1903      	BTFSC      STATUS, 2
0x013E	0x2928      	GOTO       L_Lcd_Chr8
0x013F	0x0866      	MOVF       FARG_Lcd_Chr_row, 0
0x0140	0x3A04      	XORLW      4
0x0141	0x1903      	BTFSC      STATUS, 2
0x0142	0x292B      	GOTO       L_Lcd_Chr9
0x0143	0x292E      	GOTO       L_Lcd_Chr10
L_Lcd_Chr5:
;__Lib_Lcd.c,74 :: 		
0x0144	0x0367      	DECF       FARG_Lcd_Chr_column, 0
0x0145	0x00F0      	MOVWF      R0
0x0146	0x0866      	MOVF       FARG_Lcd_Chr_row, 0
0x0147	0x07F0      	ADDWF      R0, 1
0x0148	0x0870      	MOVF       R0, 0
0x0149	0x00E6      	MOVWF      FARG_Lcd_Chr_row
;__Lib_Lcd.c,76 :: 		
0x014A	0x14D5      	BSF        __Lib_Lcd_cmd_status, BitPos(__Lib_Lcd_cmd_status+0)
;__Lib_Lcd.c,77 :: 		
0x014B	0x0870      	MOVF       R0, 0
0x014C	0x00E9      	MOVWF      FARG_Lcd_Cmd_out_char
0x014D	0x20DF      	CALL       _Lcd_Cmd
;__Lib_Lcd.c,79 :: 		
0x014E	0x10D5      	BCF        __Lib_Lcd_cmd_status, BitPos(__Lib_Lcd_cmd_status+0)
;__Lib_Lcd.c,80 :: 		
0x014F	0x0868      	MOVF       FARG_Lcd_Chr_out_char, 0
0x0150	0x00E9      	MOVWF      FARG_Lcd_Cmd_out_char
0x0151	0x20DF      	CALL       _Lcd_Cmd
;__Lib_Lcd.c,81 :: 		
0x0152	0x14D5      	BSF        __Lib_Lcd_cmd_status, BitPos(__Lib_Lcd_cmd_status+0)
;__Lib_Lcd.c,82 :: 		
L_end_Lcd_Chr:
0x0153	0x0008      	RETURN
; end of _Lcd_Chr
_Lcd_Chr_CP:
;__Lib_Lcd.c,50 :: 		
;__Lib_Lcd.c,52 :: 		
0x0154	0x1283      	BCF        STATUS, 5
0x0155	0x1303      	BCF        STATUS, 6
0x0156	0x10D5      	BCF        __Lib_Lcd_cmd_status, BitPos(__Lib_Lcd_cmd_status+0)
;__Lib_Lcd.c,53 :: 		
0x0157	0x0862      	MOVF       FARG_Lcd_Chr_CP_out_char, 0
0x0158	0x00E9      	MOVWF      FARG_Lcd_Cmd_out_char
0x0159	0x20DF      	CALL       _Lcd_Cmd
;__Lib_Lcd.c,54 :: 		
0x015A	0x14D5      	BSF        __Lib_Lcd_cmd_status, BitPos(__Lib_Lcd_cmd_status+0)
;__Lib_Lcd.c,55 :: 		
L_end_Lcd_Chr_CP:
0x015B	0x0008      	RETURN
; end of _Lcd_Chr_CP
_LcdOut2:
;Slave.c,605 :: 		void LcdOut2(unsigned char row, unsigned char col, unsigned char value)
;Slave.c,609 :: 		tens = 0;
0x015C	0x1283      	BCF        STATUS, 5
0x015D	0x1303      	BCF        STATUS, 6
0x015E	0x01E5      	CLRF       LcdOut2_tens_L0
;Slave.c,610 :: 		while (value > 9)
L_LcdOut299:
0x015F	0x0864      	MOVF       FARG_LcdOut2_value, 0
0x0160	0x3C09      	SUBLW      9
0x0161	0x1803      	BTFSC      STATUS, 0
0x0162	0x2967      	GOTO       L_LcdOut2100
;Slave.c,612 :: 		value -= 10;
0x0163	0x300A      	MOVLW      10
0x0164	0x02E4      	SUBWF      FARG_LcdOut2_value, 1
;Slave.c,613 :: 		tens++;
0x0165	0x0AE5      	INCF       LcdOut2_tens_L0, 1
;Slave.c,614 :: 		}
0x0166	0x295F      	GOTO       L_LcdOut299
L_LcdOut2100:
;Slave.c,616 :: 		Lcd_Chr(row, col,     tens  + '0');
0x0167	0x0862      	MOVF       FARG_LcdOut2_row, 0
0x0168	0x00E6      	MOVWF      FARG_Lcd_Chr_row
0x0169	0x0863      	MOVF       FARG_LcdOut2_col, 0
0x016A	0x00E7      	MOVWF      FARG_Lcd_Chr_column
0x016B	0x3030      	MOVLW      48
0x016C	0x0765      	ADDWF      LcdOut2_tens_L0, 0
0x016D	0x00E8      	MOVWF      FARG_Lcd_Chr_out_char
0x016E	0x211F      	CALL       _Lcd_Chr
;Slave.c,617 :: 		Lcd_Chr(row, col + 1, value + '0');
0x016F	0x0862      	MOVF       FARG_LcdOut2_row, 0
0x0170	0x00E6      	MOVWF      FARG_Lcd_Chr_row
0x0171	0x0A63      	INCF       FARG_LcdOut2_col, 0
0x0172	0x00E7      	MOVWF      FARG_Lcd_Chr_column
0x0173	0x3030      	MOVLW      48
0x0174	0x0764      	ADDWF      FARG_LcdOut2_value, 0
0x0175	0x00E8      	MOVWF      FARG_Lcd_Chr_out_char
0x0176	0x211F      	CALL       _Lcd_Chr
;Slave.c,618 :: 		}
0x0177	0x0008      	RETURN
; end of _LcdOut2
_____DoICP:
;__Lib_System.c,6 :: 		
;__Lib_System.c,9 :: 		
0x0178	0x1283      	BCF        STATUS, 5
0x0179	0x1303      	BCF        STATUS, 6
0x017A	0x085B      	MOVF       ___DoICPAddr+1, 0
0x017B	0x008A      	MOVWF      PCLATH
;__Lib_System.c,10 :: 		
0x017C	0x085A      	MOVF       ___DoICPAddr, 0
0x017D	0x0082      	MOVWF      PCL
;__Lib_System.c,12 :: 		
L_end_____DoICP:
0x017E	0x0008      	RETURN
; end of _____DoICP
_UART1_Init:
;__Lib_UART_c67.c,2 :: 		
;__Lib_UART_c67.c,5 :: 		
0x017F	0x1683      	BSF        STATUS, 5
0x0180	0x1303      	BCF        STATUS, 6
0x0181	0x1698      	BSF        TXSTA, 5
;__Lib_UART_c67.c,6 :: 		
0x0182	0x3090      	MOVLW      144
0x0183	0x1283      	BCF        STATUS, 5
0x0184	0x0098      	MOVWF      RCSTA
;__Lib_UART_c67.c,7 :: 		
0x0185	0x1683      	BSF        STATUS, 5
0x0186	0x1787      	BSF        TRISC7_bit, BitPos(TRISC7_bit+0)
;__Lib_UART_c67.c,8 :: 		
0x0187	0x1307      	BCF        TRISC6_bit, BitPos(TRISC6_bit+0)
;__Lib_UART_c67.c,10 :: 		
L_UART1_Init0:
0x0188	0x1283      	BCF        STATUS, 5
0x0189	0x1E8C      	BTFSS      PIR1, 5
0x018A	0x298E      	GOTO       L_UART1_Init1
;__Lib_UART_c67.c,11 :: 		
0x018B	0x081A      	MOVF       RCREG, 0
0x018C	0x00F0      	MOVWF      R0
0x018D	0x2988      	GOTO       L_UART1_Init0
L_UART1_Init1:
;__Lib_UART_c67.c,12 :: 		
L_end_UART1_Init:
0x018E	0x0008      	RETURN
; end of _UART1_Init
_LcdOut3:
;Slave.c,640 :: 		void LcdOut3(unsigned char row, unsigned char col, unsigned char value)
;Slave.c,645 :: 		hundreds = 0;
0x018F	0x1283      	BCF        STATUS, 5
0x0190	0x1303      	BCF        STATUS, 6
0x0191	0x01E0      	CLRF       LcdOut3_hundreds_L0
;Slave.c,646 :: 		tens = 0;
0x0192	0x01E1      	CLRF       LcdOut3_tens_L0
;Slave.c,648 :: 		while (value > 99)
L_LcdOut3106:
0x0193	0x085F      	MOVF       FARG_LcdOut3_value, 0
0x0194	0x3C63      	SUBLW      99
0x0195	0x1803      	BTFSC      STATUS, 0
0x0196	0x299B      	GOTO       L_LcdOut3107
;Slave.c,650 :: 		value -= 100;
0x0197	0x3064      	MOVLW      100
0x0198	0x02DF      	SUBWF      FARG_LcdOut3_value, 1
;Slave.c,651 :: 		hundreds++;
0x0199	0x0AE0      	INCF       LcdOut3_hundreds_L0, 1
;Slave.c,652 :: 		}
0x019A	0x2993      	GOTO       L_LcdOut3106
L_LcdOut3107:
;Slave.c,653 :: 		while (value > 9)
L_LcdOut3108:
0x019B	0x085F      	MOVF       FARG_LcdOut3_value, 0
0x019C	0x3C09      	SUBLW      9
0x019D	0x1803      	BTFSC      STATUS, 0
0x019E	0x29A3      	GOTO       L_LcdOut3109
;Slave.c,655 :: 		value -= 10;
0x019F	0x300A      	MOVLW      10
0x01A0	0x02DF      	SUBWF      FARG_LcdOut3_value, 1
;Slave.c,656 :: 		tens++;
0x01A1	0x0AE1      	INCF       LcdOut3_tens_L0, 1
;Slave.c,657 :: 		}
0x01A2	0x299B      	GOTO       L_LcdOut3108
L_LcdOut3109:
;Slave.c,659 :: 		Lcd_Chr(row, col,     hundreds + '0');
0x01A3	0x085D      	MOVF       FARG_LcdOut3_row, 0
0x01A4	0x00E6      	MOVWF      FARG_Lcd_Chr_row
0x01A5	0x085E      	MOVF       FARG_LcdOut3_col, 0
0x01A6	0x00E7      	MOVWF      FARG_Lcd_Chr_column
0x01A7	0x3030      	MOVLW      48
0x01A8	0x0760      	ADDWF      LcdOut3_hundreds_L0, 0
0x01A9	0x00E8      	MOVWF      FARG_Lcd_Chr_out_char
0x01AA	0x211F      	CALL       _Lcd_Chr
;Slave.c,660 :: 		Lcd_Chr(row, col + 1, tens     + '0');
0x01AB	0x085D      	MOVF       FARG_LcdOut3_row, 0
0x01AC	0x00E6      	MOVWF      FARG_Lcd_Chr_row
0x01AD	0x0A5E      	INCF       FARG_LcdOut3_col, 0
0x01AE	0x00E7      	MOVWF      FARG_Lcd_Chr_column
0x01AF	0x3030      	MOVLW      48
0x01B0	0x0761      	ADDWF      LcdOut3_tens_L0, 0
0x01B1	0x00E8      	MOVWF      FARG_Lcd_Chr_out_char
0x01B2	0x211F      	CALL       _Lcd_Chr
;Slave.c,661 :: 		Lcd_Chr(row, col + 2, value    + '0');
0x01B3	0x085D      	MOVF       FARG_LcdOut3_row, 0
0x01B4	0x00E6      	MOVWF      FARG_Lcd_Chr_row
0x01B5	0x3002      	MOVLW      2
0x01B6	0x075E      	ADDWF      FARG_LcdOut3_col, 0
0x01B7	0x00E7      	MOVWF      FARG_Lcd_Chr_column
0x01B8	0x3030      	MOVLW      48
0x01B9	0x075F      	ADDWF      FARG_LcdOut3_value, 0
0x01BA	0x00E8      	MOVWF      FARG_Lcd_Chr_out_char
0x01BB	0x211F      	CALL       _Lcd_Chr
;Slave.c,662 :: 		}
0x01BC	0x0008      	RETURN
; end of _LcdOut3
_Div_8x8_U:
;__Lib_Math.c,189 :: 		
;__Lib_Math.c,196 :: 		
0x01BD	0x1283      	BCF        STATUS, 5
;__Lib_Math.c,197 :: 		
0x01BE	0x1303      	BCF        STATUS, 6
;__Lib_Math.c,198 :: 		
0x01BF	0x01F8      	CLRF       R8
;__Lib_Math.c,199 :: 		
0x01C0	0x3008      	MOVLW      8
;__Lib_Math.c,200 :: 		
0x01C1	0x00FC      	MOVWF      R12
;__Lib_Math.c,201 :: 		
0x01C2	0x0D70      	RLF        R0, 0
;__Lib_Math.c,202 :: 		
0x01C3	0x0DF8      	RLF        R8, 1
;__Lib_Math.c,203 :: 		
0x01C4	0x0874      	MOVF       R4, 0
;__Lib_Math.c,204 :: 		
0x01C5	0x02F8      	SUBWF      R8, 1
;__Lib_Math.c,205 :: 		
0x01C6	0x1803      	BTFSC      STATUS, 0
;__Lib_Math.c,206 :: 		
0x01C7	0x29CA      	GOTO       $+3
;__Lib_Math.c,207 :: 		
0x01C8	0x07F8      	ADDWF      R8, 1
;__Lib_Math.c,208 :: 		
0x01C9	0x1003      	BCF        STATUS, 0
;__Lib_Math.c,209 :: 		
0x01CA	0x0DF0      	RLF        R0, 1
;__Lib_Math.c,210 :: 		
0x01CB	0x0BFC      	DECFSZ     R12, 1
;__Lib_Math.c,211 :: 		
0x01CC	0x29C2      	GOTO       $-10
;__Lib_Math.c,213 :: 		
L_end_Div_8x8_U:
0x01CD	0x0008      	RETURN
; end of _Div_8x8_U
_Lcd_Out:
;__Lib_Lcd.c,184 :: 		
;__Lib_Lcd.c,187 :: 		
0x01CE	0x29E0      	GOTO       L_Lcd_Out11
;__Lib_Lcd.c,188 :: 		
L_Lcd_Out13:
0x01CF	0x3080      	MOVLW      128
0x01D0	0x1283      	BCF        STATUS, 5
0x01D1	0x1303      	BCF        STATUS, 6
0x01D2	0x00DD      	MOVWF      FARG_Lcd_Out_row
0x01D3	0x29F3      	GOTO       L_Lcd_Out12
;__Lib_Lcd.c,189 :: 		
L_Lcd_Out14:
0x01D4	0x30C0      	MOVLW      192
0x01D5	0x00DD      	MOVWF      FARG_Lcd_Out_row
0x01D6	0x29F3      	GOTO       L_Lcd_Out12
;__Lib_Lcd.c,190 :: 		
L_Lcd_Out15:
0x01D7	0x3094      	MOVLW      148
0x01D8	0x00DD      	MOVWF      FARG_Lcd_Out_row
0x01D9	0x29F3      	GOTO       L_Lcd_Out12
;__Lib_Lcd.c,191 :: 		
L_Lcd_Out16:
0x01DA	0x30D4      	MOVLW      212
0x01DB	0x00DD      	MOVWF      FARG_Lcd_Out_row
0x01DC	0x29F3      	GOTO       L_Lcd_Out12
;__Lib_Lcd.c,192 :: 		
L_Lcd_Out17:
0x01DD	0x3080      	MOVLW      128
0x01DE	0x00DD      	MOVWF      FARG_Lcd_Out_row
;__Lib_Lcd.c,193 :: 		
0x01DF	0x29F3      	GOTO       L_Lcd_Out12
L_Lcd_Out11:
0x01E0	0x1283      	BCF        STATUS, 5
0x01E1	0x1303      	BCF        STATUS, 6
0x01E2	0x085D      	MOVF       FARG_Lcd_Out_row, 0
0x01E3	0x3A01      	XORLW      1
0x01E4	0x1903      	BTFSC      STATUS, 2
0x01E5	0x29CF      	GOTO       L_Lcd_Out13
0x01E6	0x085D      	MOVF       FARG_Lcd_Out_row, 0
0x01E7	0x3A02      	XORLW      2
0x01E8	0x1903      	BTFSC      STATUS, 2
0x01E9	0x29D4      	GOTO       L_Lcd_Out14
0x01EA	0x085D      	MOVF       FARG_Lcd_Out_row, 0
0x01EB	0x3A03      	XORLW      3
0x01EC	0x1903      	BTFSC      STATUS, 2
0x01ED	0x29D7      	GOTO       L_Lcd_Out15
0x01EE	0x085D      	MOVF       FARG_Lcd_Out_row, 0
0x01EF	0x3A04      	XORLW      4
0x01F0	0x1903      	BTFSC      STATUS, 2
0x01F1	0x29DA      	GOTO       L_Lcd_Out16
0x01F2	0x29DD      	GOTO       L_Lcd_Out17
L_Lcd_Out12:
;__Lib_Lcd.c,194 :: 		
0x01F3	0x035E      	DECF       FARG_Lcd_Out_column, 0
0x01F4	0x00F0      	MOVWF      R0
0x01F5	0x085D      	MOVF       FARG_Lcd_Out_row, 0
0x01F6	0x07F0      	ADDWF      R0, 1
0x01F7	0x0870      	MOVF       R0, 0
0x01F8	0x00DD      	MOVWF      FARG_Lcd_Out_row
;__Lib_Lcd.c,196 :: 		
0x01F9	0x0870      	MOVF       R0, 0
0x01FA	0x00E9      	MOVWF      FARG_Lcd_Cmd_out_char
0x01FB	0x20DF      	CALL       _Lcd_Cmd
;__Lib_Lcd.c,197 :: 		
0x01FC	0x10D5      	BCF        __Lib_Lcd_cmd_status, BitPos(__Lib_Lcd_cmd_status+0)
;__Lib_Lcd.c,198 :: 		
0x01FD	0x01E0      	CLRF       Lcd_Out_i_L0
;__Lib_Lcd.c,199 :: 		
L_Lcd_Out18:
0x01FE	0x0860      	MOVF       Lcd_Out_i_L0, 0
0x01FF	0x075F      	ADDWF      FARG_Lcd_Out_text, 0
0x0200	0x0084      	MOVWF      FSR
0x0201	0x0800      	MOVF       INDF, 0
0x0202	0x1903      	BTFSC      STATUS, 2
0x0203	0x2A0C      	GOTO       L_Lcd_Out19
;__Lib_Lcd.c,200 :: 		
0x0204	0x0860      	MOVF       Lcd_Out_i_L0, 0
0x0205	0x075F      	ADDWF      FARG_Lcd_Out_text, 0
0x0206	0x0084      	MOVWF      FSR
0x0207	0x0800      	MOVF       INDF, 0
0x0208	0x00E2      	MOVWF      FARG_Lcd_Chr_CP_out_char
0x0209	0x2154      	CALL       _Lcd_Chr_CP
0x020A	0x0AE0      	INCF       Lcd_Out_i_L0, 1
0x020B	0x29FE      	GOTO       L_Lcd_Out18
L_Lcd_Out19:
;__Lib_Lcd.c,201 :: 		
0x020C	0x14D5      	BSF        __Lib_Lcd_cmd_status, BitPos(__Lib_Lcd_cmd_status+0)
;__Lib_Lcd.c,202 :: 		
L_end_Lcd_Out:
0x020D	0x0008      	RETURN
; end of _Lcd_Out
_LcdOutDuration:
;Slave.c,620 :: 		void LcdOutDuration(unsigned char row, unsigned char col, unsigned int seconds)
;Slave.c,624 :: 		minutes = 0;
0x020E	0x1283      	BCF        STATUS, 5
0x020F	0x1303      	BCF        STATUS, 6
0x0210	0x01E1      	CLRF       LcdOutDuration_minutes_L0
;Slave.c,625 :: 		while ((seconds >= 60) && (minutes < 99))
L_LcdOutDuration101:
0x0211	0x3000      	MOVLW      0
0x0212	0x0260      	SUBWF      FARG_LcdOutDuration_seconds+1, 0
0x0213	0x1D03      	BTFSS      STATUS, 2
0x0214	0x2A17      	GOTO       L__LcdOutDuration129
0x0215	0x303C      	MOVLW      60
0x0216	0x025F      	SUBWF      FARG_LcdOutDuration_seconds, 0
L__LcdOutDuration129:
0x0217	0x1C03      	BTFSS      STATUS, 0
0x0218	0x2A23      	GOTO       L_LcdOutDuration102
0x0219	0x3063      	MOVLW      99
0x021A	0x0261      	SUBWF      LcdOutDuration_minutes_L0, 0
0x021B	0x1803      	BTFSC      STATUS, 0
0x021C	0x2A23      	GOTO       L_LcdOutDuration102
L__LcdOutDuration125:
;Slave.c,627 :: 		seconds -= 60;
0x021D	0x303C      	MOVLW      60
0x021E	0x02DF      	SUBWF      FARG_LcdOutDuration_seconds, 1
0x021F	0x1C03      	BTFSS      STATUS, 0
0x0220	0x03E0      	DECF       FARG_LcdOutDuration_seconds+1, 1
;Slave.c,628 :: 		minutes++;
0x0221	0x0AE1      	INCF       LcdOutDuration_minutes_L0, 1
;Slave.c,629 :: 		}
0x0222	0x2A11      	GOTO       L_LcdOutDuration101
L_LcdOutDuration102:
;Slave.c,630 :: 		if (seconds >= 60)
0x0223	0x3000      	MOVLW      0
0x0224	0x0260      	SUBWF      FARG_LcdOutDuration_seconds+1, 0
0x0225	0x1D03      	BTFSS      STATUS, 2
0x0226	0x2A29      	GOTO       L__LcdOutDuration130
0x0227	0x303C      	MOVLW      60
0x0228	0x025F      	SUBWF      FARG_LcdOutDuration_seconds, 0
L__LcdOutDuration130:
0x0229	0x1C03      	BTFSS      STATUS, 0
0x022A	0x2A2F      	GOTO       L_LcdOutDuration105
;Slave.c,632 :: 		seconds = 59;
0x022B	0x303B      	MOVLW      59
0x022C	0x00DF      	MOVWF      FARG_LcdOutDuration_seconds
0x022D	0x3000      	MOVLW      0
0x022E	0x00E0      	MOVWF      FARG_LcdOutDuration_seconds+1
;Slave.c,633 :: 		}
L_LcdOutDuration105:
;Slave.c,635 :: 		LcdOut2(row, col, minutes);
0x022F	0x085D      	MOVF       FARG_LcdOutDuration_row, 0
0x0230	0x00E2      	MOVWF      FARG_LcdOut2_row
0x0231	0x085E      	MOVF       FARG_LcdOutDuration_col, 0
0x0232	0x00E3      	MOVWF      FARG_LcdOut2_col
0x0233	0x0861      	MOVF       LcdOutDuration_minutes_L0, 0
0x0234	0x00E4      	MOVWF      FARG_LcdOut2_value
0x0235	0x215C      	CALL       _LcdOut2
;Slave.c,636 :: 		Lcd_Chr(row, col + 2, ':');
0x0236	0x085D      	MOVF       FARG_LcdOutDuration_row, 0
0x0237	0x00E6      	MOVWF      FARG_Lcd_Chr_row
0x0238	0x3002      	MOVLW      2
0x0239	0x075E      	ADDWF      FARG_LcdOutDuration_col, 0
0x023A	0x00E7      	MOVWF      FARG_Lcd_Chr_column
0x023B	0x303A      	MOVLW      58
0x023C	0x00E8      	MOVWF      FARG_Lcd_Chr_out_char
0x023D	0x211F      	CALL       _Lcd_Chr
;Slave.c,637 :: 		LcdOut2(row, col + 3, (unsigned char)seconds);
0x023E	0x085D      	MOVF       FARG_LcdOutDuration_row, 0
0x023F	0x00E2      	MOVWF      FARG_LcdOut2_row
0x0240	0x3003      	MOVLW      3
0x0241	0x075E      	ADDWF      FARG_LcdOutDuration_col, 0
0x0242	0x00E3      	MOVWF      FARG_LcdOut2_col
0x0243	0x085F      	MOVF       FARG_LcdOutDuration_seconds, 0
0x0244	0x00E4      	MOVWF      FARG_LcdOut2_value
0x0245	0x215C      	CALL       _LcdOut2
;Slave.c,638 :: 		}
0x0246	0x0008      	RETURN
; end of _LcdOutDuration
_ReadADC:
;Slave.c,176 :: 		unsigned char ReadADC()
;Slave.c,178 :: 		ADCON0.GO_DONE = 1;    // pokreni konverziju
0x0247	0x1283      	BCF        STATUS, 5
0x0248	0x1303      	BCF        STATUS, 6
0x0249	0x151F      	BSF        ADCON0, 2
;Slave.c,179 :: 		while (ADCON0.GO_DONE) //
L_ReadADC0:
0x024A	0x1D1F      	BTFSS      ADCON0, 2
0x024B	0x2A4D      	GOTO       L_ReadADC1
;Slave.c,180 :: 		;
0x024C	0x2A4A      	GOTO       L_ReadADC0
L_ReadADC1:
;Slave.c,181 :: 		return ADRESH;
0x024D	0x081E      	MOVF       ADRESH, 0
0x024E	0x00F0      	MOVWF      R0
;Slave.c,182 :: 		}
0x024F	0x0008      	RETURN
; end of _ReadADC
_transmit:
;Slave.c,184 :: 		void transmit(unsigned char DATA8b)
;Slave.c,187 :: 		TXREG = DATA8b;
0x0250	0x1283      	BCF        STATUS, 5
0x0251	0x1303      	BCF        STATUS, 6
0x0252	0x085C      	MOVF       FARG_transmit_DATA8b, 0
0x0253	0x0099      	MOVWF      TXREG
;Slave.c,188 :: 		while (!TXSTA.TRMT) // cekaj dok se shift registar ne isprazni
L_transmit2:
0x0254	0x1683      	BSF        STATUS, 5
0x0255	0x1898      	BTFSC      TXSTA, 1
0x0256	0x2A58      	GOTO       L_transmit3
;Slave.c,189 :: 		;
0x0257	0x2A54      	GOTO       L_transmit2
L_transmit3:
;Slave.c,190 :: 		}
0x0258	0x0008      	RETURN
; end of _transmit
_UpdateLCD:
;Slave.c,665 :: 		void UpdateLCD()
;Slave.c,667 :: 		Lcd_Out(1, 1, "T ");
0x0259	0x3001      	MOVLW      1
0x025A	0x1283      	BCF        STATUS, 5
0x025B	0x1303      	BCF        STATUS, 6
0x025C	0x00DD      	MOVWF      FARG_Lcd_Out_row
0x025D	0x3001      	MOVLW      1
0x025E	0x00DE      	MOVWF      FARG_Lcd_Out_column
0x025F	0x304F      	MOVLW      ?lstr1_Slave
0x0260	0x00DF      	MOVWF      FARG_Lcd_Out_text
0x0261	0x21CE      	CALL       _Lcd_Out
;Slave.c,668 :: 		Lcd_Chr(1, 3,  Hour_X10 + '0');
0x0262	0x3001      	MOVLW      1
0x0263	0x00E6      	MOVWF      FARG_Lcd_Chr_row
0x0264	0x3003      	MOVLW      3
0x0265	0x00E7      	MOVWF      FARG_Lcd_Chr_column
0x0266	0x3030      	MOVLW      48
0x0267	0x074E      	ADDWF      _Hour_X10, 0
0x0268	0x00E8      	MOVWF      FARG_Lcd_Chr_out_char
0x0269	0x211F      	CALL       _Lcd_Chr
;Slave.c,669 :: 		Lcd_Chr(1, 4,  Hour_X1  + '0');
0x026A	0x3001      	MOVLW      1
0x026B	0x00E6      	MOVWF      FARG_Lcd_Chr_row
0x026C	0x3004      	MOVLW      4
0x026D	0x00E7      	MOVWF      FARG_Lcd_Chr_column
0x026E	0x3030      	MOVLW      48
0x026F	0x0752      	ADDWF      _Hour_X1, 0
0x0270	0x00E8      	MOVWF      FARG_Lcd_Chr_out_char
0x0271	0x211F      	CALL       _Lcd_Chr
;Slave.c,670 :: 		Lcd_Chr(1, 5,  ':');
0x0272	0x3001      	MOVLW      1
0x0273	0x00E6      	MOVWF      FARG_Lcd_Chr_row
0x0274	0x3005      	MOVLW      5
0x0275	0x00E7      	MOVWF      FARG_Lcd_Chr_column
0x0276	0x303A      	MOVLW      58
0x0277	0x00E8      	MOVWF      FARG_Lcd_Chr_out_char
0x0278	0x211F      	CALL       _Lcd_Chr
;Slave.c,671 :: 		Lcd_Chr(1, 6,  Min_X10  + '0');
0x0279	0x3001      	MOVLW      1
0x027A	0x00E6      	MOVWF      FARG_Lcd_Chr_row
0x027B	0x3006      	MOVLW      6
0x027C	0x00E7      	MOVWF      FARG_Lcd_Chr_column
0x027D	0x3030      	MOVLW      48
0x027E	0x0753      	ADDWF      _Min_X10, 0
0x027F	0x00E8      	MOVWF      FARG_Lcd_Chr_out_char
0x0280	0x211F      	CALL       _Lcd_Chr
;Slave.c,672 :: 		Lcd_Chr(1, 7,  Min_X1   + '0');
0x0281	0x3001      	MOVLW      1
0x0282	0x00E6      	MOVWF      FARG_Lcd_Chr_row
0x0283	0x3007      	MOVLW      7
0x0284	0x00E7      	MOVWF      FARG_Lcd_Chr_column
0x0285	0x3030      	MOVLW      48
0x0286	0x074D      	ADDWF      _Min_X1, 0
0x0287	0x00E8      	MOVWF      FARG_Lcd_Chr_out_char
0x0288	0x211F      	CALL       _Lcd_Chr
;Slave.c,673 :: 		Lcd_Chr(1, 8,  ':');
0x0289	0x3001      	MOVLW      1
0x028A	0x00E6      	MOVWF      FARG_Lcd_Chr_row
0x028B	0x3008      	MOVLW      8
0x028C	0x00E7      	MOVWF      FARG_Lcd_Chr_column
0x028D	0x303A      	MOVLW      58
0x028E	0x00E8      	MOVWF      FARG_Lcd_Chr_out_char
0x028F	0x211F      	CALL       _Lcd_Chr
;Slave.c,674 :: 		Lcd_Chr(1, 9,  Sec_X10  + '0');
0x0290	0x3001      	MOVLW      1
0x0291	0x00E6      	MOVWF      FARG_Lcd_Chr_row
0x0292	0x3009      	MOVLW      9
0x0293	0x00E7      	MOVWF      FARG_Lcd_Chr_column
0x0294	0x3030      	MOVLW      48
0x0295	0x0748      	ADDWF      _Sec_X10, 0
0x0296	0x00E8      	MOVWF      FARG_Lcd_Chr_out_char
0x0297	0x211F      	CALL       _Lcd_Chr
;Slave.c,675 :: 		Lcd_Chr(1, 10, Sec_X1   + '0');
0x0298	0x3001      	MOVLW      1
0x0299	0x00E6      	MOVWF      FARG_Lcd_Chr_row
0x029A	0x300A      	MOVLW      10
0x029B	0x00E7      	MOVWF      FARG_Lcd_Chr_column
0x029C	0x3030      	MOVLW      48
0x029D	0x0747      	ADDWF      _Sec_X1, 0
0x029E	0x00E8      	MOVWF      FARG_Lcd_Chr_out_char
0x029F	0x211F      	CALL       _Lcd_Chr
;Slave.c,676 :: 		Lcd_Chr(1, 11, ' ');
0x02A0	0x3001      	MOVLW      1
0x02A1	0x00E6      	MOVWF      FARG_Lcd_Chr_row
0x02A2	0x300B      	MOVLW      11
0x02A3	0x00E7      	MOVWF      FARG_Lcd_Chr_column
0x02A4	0x3020      	MOVLW      32
0x02A5	0x00E8      	MOVWF      FARG_Lcd_Chr_out_char
0x02A6	0x211F      	CALL       _Lcd_Chr
;Slave.c,677 :: 		Lcd_Out(1, 12, "F");
0x02A7	0x3001      	MOVLW      1
0x02A8	0x00DD      	MOVWF      FARG_Lcd_Out_row
0x02A9	0x300C      	MOVLW      12
0x02AA	0x00DE      	MOVWF      FARG_Lcd_Out_column
0x02AB	0x3045      	MOVLW      ?lstr2_Slave
0x02AC	0x00DF      	MOVWF      FARG_Lcd_Out_text
0x02AD	0x21CE      	CALL       _Lcd_Out
;Slave.c,678 :: 		LcdOut3(1, 13, FlowValue);
0x02AE	0x3001      	MOVLW      1
0x02AF	0x00DD      	MOVWF      FARG_LcdOut3_row
0x02B0	0x300D      	MOVLW      13
0x02B1	0x00DE      	MOVWF      FARG_LcdOut3_col
0x02B2	0x0849      	MOVF       _FlowValue, 0
0x02B3	0x00DF      	MOVWF      FARG_LcdOut3_value
0x02B4	0x218F      	CALL       _LcdOut3
;Slave.c,680 :: 		if (m_bAlarm)    Lcd_Chr(2, 1, 'A'); else Lcd_Chr(2, 1, '/');
0x02B5	0x1F55      	BTFSS      _m_bAlarm, BitPos(_m_bAlarm+0)
0x02B6	0x2ABF      	GOTO       L_UpdateLCD110
0x02B7	0x3002      	MOVLW      2
0x02B8	0x00E6      	MOVWF      FARG_Lcd_Chr_row
0x02B9	0x3001      	MOVLW      1
0x02BA	0x00E7      	MOVWF      FARG_Lcd_Chr_column
0x02BB	0x3041      	MOVLW      65
0x02BC	0x00E8      	MOVWF      FARG_Lcd_Chr_out_char
0x02BD	0x211F      	CALL       _Lcd_Chr
0x02BE	0x2AC6      	GOTO       L_UpdateLCD111
L_UpdateLCD110:
0x02BF	0x3002      	MOVLW      2
0x02C0	0x00E6      	MOVWF      FARG_Lcd_Chr_row
0x02C1	0x3001      	MOVLW      1
0x02C2	0x00E7      	MOVWF      FARG_Lcd_Chr_column
0x02C3	0x302F      	MOVLW      47
0x02C4	0x00E8      	MOVWF      FARG_Lcd_Chr_out_char
0x02C5	0x211F      	CALL       _Lcd_Chr
L_UpdateLCD111:
;Slave.c,681 :: 		if (ManualMode)  Lcd_Chr(2, 2, 'M'); else Lcd_Chr(2, 2, '/');
0x02C6	0x1ED5      	BTFSS      _ManualMode, BitPos(_ManualMode+0)
0x02C7	0x2AD0      	GOTO       L_UpdateLCD112
0x02C8	0x3002      	MOVLW      2
0x02C9	0x00E6      	MOVWF      FARG_Lcd_Chr_row
0x02CA	0x3002      	MOVLW      2
0x02CB	0x00E7      	MOVWF      FARG_Lcd_Chr_column
0x02CC	0x304D      	MOVLW      77
0x02CD	0x00E8      	MOVWF      FARG_Lcd_Chr_out_char
0x02CE	0x211F      	CALL       _Lcd_Chr
0x02CF	0x2AD7      	GOTO       L_UpdateLCD113
L_UpdateLCD112:
0x02D0	0x3002      	MOVLW      2
0x02D1	0x00E6      	MOVWF      FARG_Lcd_Chr_row
0x02D2	0x3002      	MOVLW      2
0x02D3	0x00E7      	MOVWF      FARG_Lcd_Chr_column
0x02D4	0x302F      	MOVLW      47
0x02D5	0x00E8      	MOVWF      FARG_Lcd_Chr_out_char
0x02D6	0x211F      	CALL       _Lcd_Chr
L_UpdateLCD113:
;Slave.c,683 :: 		Lcd_Out(2, 3, "S:");
0x02D7	0x3002      	MOVLW      2
0x02D8	0x00DD      	MOVWF      FARG_Lcd_Out_row
0x02D9	0x3003      	MOVLW      3
0x02DA	0x00DE      	MOVWF      FARG_Lcd_Out_column
0x02DB	0x304A      	MOVLW      ?lstr3_Slave
0x02DC	0x00DF      	MOVWF      FARG_Lcd_Out_text
0x02DD	0x21CE      	CALL       _Lcd_Out
;Slave.c,684 :: 		Lcd_Chr(2, 4, (Tmp_ProgStartHour / 10)+ '0');
0x02DE	0x3002      	MOVLW      2
0x02DF	0x00E6      	MOVWF      FARG_Lcd_Chr_row
0x02E0	0x3004      	MOVLW      4
0x02E1	0x00E7      	MOVWF      FARG_Lcd_Chr_column
0x02E2	0x300A      	MOVLW      10
0x02E3	0x00F4      	MOVWF      R4
0x02E4	0x0831      	MOVF       _Tmp_ProgStartHour, 0
0x02E5	0x00F0      	MOVWF      R0
0x02E6	0x21BD      	CALL       _Div_8x8_U
0x02E7	0x3030      	MOVLW      48
0x02E8	0x0770      	ADDWF      R0, 0
0x02E9	0x00E8      	MOVWF      FARG_Lcd_Chr_out_char
0x02EA	0x211F      	CALL       _Lcd_Chr
;Slave.c,685 :: 		Lcd_Chr(2, 5, (Tmp_ProgStartHour % 10)+ '0');
0x02EB	0x3002      	MOVLW      2
0x02EC	0x00E6      	MOVWF      FARG_Lcd_Chr_row
0x02ED	0x3005      	MOVLW      5
0x02EE	0x00E7      	MOVWF      FARG_Lcd_Chr_column
0x02EF	0x300A      	MOVLW      10
0x02F0	0x00F4      	MOVWF      R4
0x02F1	0x0831      	MOVF       _Tmp_ProgStartHour, 0
0x02F2	0x00F0      	MOVWF      R0
0x02F3	0x21BD      	CALL       _Div_8x8_U
0x02F4	0x0878      	MOVF       R8, 0
0x02F5	0x00F0      	MOVWF      R0
0x02F6	0x3030      	MOVLW      48
0x02F7	0x0770      	ADDWF      R0, 0
0x02F8	0x00E8      	MOVWF      FARG_Lcd_Chr_out_char
0x02F9	0x211F      	CALL       _Lcd_Chr
;Slave.c,686 :: 		Lcd_Out(2, 6, ":");
0x02FA	0x3002      	MOVLW      2
0x02FB	0x00DD      	MOVWF      FARG_Lcd_Out_row
0x02FC	0x3006      	MOVLW      6
0x02FD	0x00DE      	MOVWF      FARG_Lcd_Out_column
0x02FE	0x3032      	MOVLW      ?lstr4_Slave
0x02FF	0x00DF      	MOVWF      FARG_Lcd_Out_text
0x0300	0x21CE      	CALL       _Lcd_Out
;Slave.c,687 :: 		Lcd_Chr(2, 7, (Tmp_ProgStartMin / 10)+ '0');
0x0301	0x3002      	MOVLW      2
0x0302	0x00E6      	MOVWF      FARG_Lcd_Chr_row
0x0303	0x3007      	MOVLW      7
0x0304	0x00E7      	MOVWF      FARG_Lcd_Chr_column
0x0305	0x300A      	MOVLW      10
0x0306	0x00F4      	MOVWF      R4
0x0307	0x0830      	MOVF       _Tmp_ProgStartMin, 0
0x0308	0x00F0      	MOVWF      R0
0x0309	0x21BD      	CALL       _Div_8x8_U
0x030A	0x3030      	MOVLW      48
0x030B	0x0770      	ADDWF      R0, 0
0x030C	0x00E8      	MOVWF      FARG_Lcd_Chr_out_char
0x030D	0x211F      	CALL       _Lcd_Chr
;Slave.c,688 :: 		Lcd_Chr(2, 8, (Tmp_ProgStartMin % 10)+ '0');
0x030E	0x3002      	MOVLW      2
0x030F	0x00E6      	MOVWF      FARG_Lcd_Chr_row
0x0310	0x3008      	MOVLW      8
0x0311	0x00E7      	MOVWF      FARG_Lcd_Chr_column
0x0312	0x300A      	MOVLW      10
0x0313	0x00F4      	MOVWF      R4
0x0314	0x0830      	MOVF       _Tmp_ProgStartMin, 0
0x0315	0x00F0      	MOVWF      R0
0x0316	0x21BD      	CALL       _Div_8x8_U
0x0317	0x0878      	MOVF       R8, 0
0x0318	0x00F0      	MOVWF      R0
0x0319	0x3030      	MOVLW      48
0x031A	0x0770      	ADDWF      R0, 0
0x031B	0x00E8      	MOVWF      FARG_Lcd_Chr_out_char
0x031C	0x211F      	CALL       _Lcd_Chr
;Slave.c,690 :: 		Lcd_Out(2, 10, " R");
0x031D	0x3002      	MOVLW      2
0x031E	0x00DD      	MOVWF      FARG_Lcd_Out_row
0x031F	0x300A      	MOVLW      10
0x0320	0x00DE      	MOVWF      FARG_Lcd_Out_column
0x0321	0x302B      	MOVLW      ?lstr5_Slave
0x0322	0x00DF      	MOVWF      FARG_Lcd_Out_text
0x0323	0x21CE      	CALL       _Lcd_Out
;Slave.c,691 :: 		LcdOutDuration(2, 12, WateringSec);
0x0324	0x3002      	MOVLW      2
0x0325	0x00DD      	MOVWF      FARG_LcdOutDuration_row
0x0326	0x300C      	MOVLW      12
0x0327	0x00DE      	MOVWF      FARG_LcdOutDuration_col
0x0328	0x082E      	MOVF       _WateringSec, 0
0x0329	0x00DF      	MOVWF      FARG_LcdOutDuration_seconds
0x032A	0x082F      	MOVF       _WateringSec+1, 0
0x032B	0x00E0      	MOVWF      FARG_LcdOutDuration_seconds+1
0x032C	0x220E      	CALL       _LcdOutDuration
;Slave.c,692 :: 		}
0x032D	0x0008      	RETURN
; end of _UpdateLCD
_Mul_8x8_U:
;__Lib_Math.c,103 :: 		
;__Lib_Math.c,108 :: 		
0x032E	0x1283      	BCF        STATUS, 5
;__Lib_Math.c,109 :: 		
0x032F	0x1303      	BCF        STATUS, 6
;__Lib_Math.c,110 :: 		
0x0330	0x0870      	MOVF       R0, 0
;__Lib_Math.c,111 :: 		
0x0331	0x00F1      	MOVWF      R1
;__Lib_Math.c,112 :: 		
0x0332	0x01F0      	CLRF       R0
;__Lib_Math.c,113 :: 		
0x0333	0x3008      	MOVLW      8
;__Lib_Math.c,114 :: 		
0x0334	0x00FC      	MOVWF      R12
;__Lib_Math.c,115 :: 		
0x0335	0x0871      	MOVF       R1, 0
;__Lib_Math.c,116 :: 		
0x0336	0x0CF4      	RRF        R4, 1
;__Lib_Math.c,117 :: 		
0x0337	0x1803      	BTFSC      STATUS, 0
;__Lib_Math.c,118 :: 		
0x0338	0x2B3D      	GOTO       $+5
;__Lib_Math.c,119 :: 		
0x0339	0x0BFC      	DECFSZ     R12, 1
;__Lib_Math.c,120 :: 		
0x033A	0x2B36      	GOTO       $-4
;__Lib_Math.c,121 :: 		
0x033B	0x01F1      	CLRF       R1
;__Lib_Math.c,122 :: 		
0x033C	0x3400      	RETLW      0
;__Lib_Math.c,123 :: 		
0x033D	0x1003      	BCF        STATUS, 0
;__Lib_Math.c,124 :: 		
0x033E	0x2B42      	GOTO       $+4
;__Lib_Math.c,125 :: 		
0x033F	0x0CF4      	RRF        R4, 1
;__Lib_Math.c,126 :: 		
0x0340	0x1803      	BTFSC      STATUS, 0
;__Lib_Math.c,127 :: 		
0x0341	0x07F1      	ADDWF      R1, 1
;__Lib_Math.c,128 :: 		
0x0342	0x0CF1      	RRF        R1, 1
;__Lib_Math.c,129 :: 		
0x0343	0x0CF0      	RRF        R0, 1
;__Lib_Math.c,130 :: 		
0x0344	0x0BFC      	DECFSZ     R12, 1
;__Lib_Math.c,131 :: 		
0x0345	0x2B3F      	GOTO       $-6
;__Lib_Math.c,133 :: 		
;__Lib_Math.c,134 :: 		
L_end_Mul_8x8_U:
0x0346	0x0008      	RETURN
; end of _Mul_8x8_U
_Lcd_Init:
;__Lib_Lcd.c,84 :: 		
;__Lib_Lcd.c,86 :: 		
0x0347	0x1683      	BSF        STATUS, 5
0x0348	0x1303      	BCF        STATUS, 6
0x0349	0x1107      	BCF        LCD_EN_Direction, BitPos(LCD_EN_Direction+0)
;__Lib_Lcd.c,87 :: 		
0x034A	0x1007      	BCF        LCD_RS_Direction, BitPos(LCD_RS_Direction+0)
;__Lib_Lcd.c,88 :: 		
0x034B	0x1208      	BCF        LCD_D4_Direction, BitPos(LCD_D4_Direction+0)
;__Lib_Lcd.c,89 :: 		
0x034C	0x1288      	BCF        LCD_D5_Direction, BitPos(LCD_D5_Direction+0)
;__Lib_Lcd.c,90 :: 		
0x034D	0x1308      	BCF        LCD_D6_Direction, BitPos(LCD_D6_Direction+0)
;__Lib_Lcd.c,91 :: 		
0x034E	0x1388      	BCF        LCD_D7_Direction, BitPos(LCD_D7_Direction+0)
;__Lib_Lcd.c,93 :: 		
0x034F	0x1283      	BCF        STATUS, 5
0x0350	0x1107      	BCF        LCD_EN, BitPos(LCD_EN+0)
;__Lib_Lcd.c,94 :: 		
0x0351	0x1007      	BCF        LCD_RS, BitPos(LCD_RS+0)
;__Lib_Lcd.c,95 :: 		
0x0352	0x1388      	BCF        LCD_D7, BitPos(LCD_D7+0)
;__Lib_Lcd.c,96 :: 		
0x0353	0x1308      	BCF        LCD_D6, BitPos(LCD_D6+0)
;__Lib_Lcd.c,97 :: 		
0x0354	0x1288      	BCF        LCD_D5, BitPos(LCD_D5+0)
;__Lib_Lcd.c,98 :: 		
0x0355	0x1208      	BCF        LCD_D4, BitPos(LCD_D4+0)
;__Lib_Lcd.c,100 :: 		
0x0356	0x20CB      	CALL       _Delay_5500us
;__Lib_Lcd.c,101 :: 		
0x0357	0x20CB      	CALL       _Delay_5500us
;__Lib_Lcd.c,102 :: 		
0x0358	0x20CB      	CALL       _Delay_5500us
;__Lib_Lcd.c,105 :: 		
0x0359	0x1688      	BSF        LCD_D5, BitPos(LCD_D5+0)
;__Lib_Lcd.c,106 :: 		
0x035A	0x1608      	BSF        LCD_D4, BitPos(LCD_D4+0)
;__Lib_Lcd.c,107 :: 		
0x035B	0x1507      	BSF        LCD_EN, BitPos(LCD_EN+0)
;__Lib_Lcd.c,108 :: 		
0x035C	0x20C5      	CALL       _Delay_1us
;__Lib_Lcd.c,109 :: 		
0x035D	0x1107      	BCF        LCD_EN, BitPos(LCD_EN+0)
;__Lib_Lcd.c,110 :: 		
0x035E	0x20CB      	CALL       _Delay_5500us
;__Lib_Lcd.c,112 :: 		
0x035F	0x1507      	BSF        LCD_EN, BitPos(LCD_EN+0)
;__Lib_Lcd.c,113 :: 		
0x0360	0x20C5      	CALL       _Delay_1us
;__Lib_Lcd.c,114 :: 		
0x0361	0x1107      	BCF        LCD_EN, BitPos(LCD_EN+0)
;__Lib_Lcd.c,115 :: 		
0x0362	0x20CB      	CALL       _Delay_5500us
;__Lib_Lcd.c,117 :: 		
0x0363	0x1507      	BSF        LCD_EN, BitPos(LCD_EN+0)
;__Lib_Lcd.c,118 :: 		
0x0364	0x20C5      	CALL       _Delay_1us
;__Lib_Lcd.c,119 :: 		
0x0365	0x1107      	BCF        LCD_EN, BitPos(LCD_EN+0)
;__Lib_Lcd.c,120 :: 		
0x0366	0x20CB      	CALL       _Delay_5500us
;__Lib_Lcd.c,123 :: 		
0x0367	0x1208      	BCF        LCD_D4, BitPos(LCD_D4+0)
;__Lib_Lcd.c,124 :: 		
0x0368	0x1507      	BSF        LCD_EN, BitPos(LCD_EN+0)
;__Lib_Lcd.c,125 :: 		
0x0369	0x20C5      	CALL       _Delay_1us
;__Lib_Lcd.c,126 :: 		
0x036A	0x1107      	BCF        LCD_EN, BitPos(LCD_EN+0)
;__Lib_Lcd.c,127 :: 		
0x036B	0x20CB      	CALL       _Delay_5500us
;__Lib_Lcd.c,130 :: 		
0x036C	0x1507      	BSF        LCD_EN, BitPos(LCD_EN+0)
;__Lib_Lcd.c,131 :: 		
0x036D	0x20C5      	CALL       _Delay_1us
;__Lib_Lcd.c,132 :: 		
0x036E	0x1107      	BCF        LCD_EN, BitPos(LCD_EN+0)
;__Lib_Lcd.c,134 :: 		
0x036F	0x1288      	BCF        LCD_D5, BitPos(LCD_D5+0)
;__Lib_Lcd.c,135 :: 		
0x0370	0x1788      	BSF        LCD_D7, BitPos(LCD_D7+0)
;__Lib_Lcd.c,136 :: 		
0x0371	0x1507      	BSF        LCD_EN, BitPos(LCD_EN+0)
;__Lib_Lcd.c,137 :: 		
0x0372	0x20C5      	CALL       _Delay_1us
;__Lib_Lcd.c,138 :: 		
0x0373	0x1107      	BCF        LCD_EN, BitPos(LCD_EN+0)
;__Lib_Lcd.c,139 :: 		
0x0374	0x20CB      	CALL       _Delay_5500us
;__Lib_Lcd.c,142 :: 		
0x0375	0x1388      	BCF        LCD_D7, BitPos(LCD_D7+0)
;__Lib_Lcd.c,143 :: 		
0x0376	0x1608      	BSF        LCD_D4, BitPos(LCD_D4+0)
;__Lib_Lcd.c,144 :: 		
0x0377	0x1507      	BSF        LCD_EN, BitPos(LCD_EN+0)
;__Lib_Lcd.c,145 :: 		
0x0378	0x20C5      	CALL       _Delay_1us
;__Lib_Lcd.c,146 :: 		
0x0379	0x1107      	BCF        LCD_EN, BitPos(LCD_EN+0)
;__Lib_Lcd.c,148 :: 		
0x037A	0x1208      	BCF        LCD_D4, BitPos(LCD_D4+0)
;__Lib_Lcd.c,149 :: 		
0x037B	0x1507      	BSF        LCD_EN, BitPos(LCD_EN+0)
;__Lib_Lcd.c,150 :: 		
0x037C	0x20C5      	CALL       _Delay_1us
;__Lib_Lcd.c,151 :: 		
0x037D	0x1107      	BCF        LCD_EN, BitPos(LCD_EN+0)
;__Lib_Lcd.c,152 :: 		
0x037E	0x20CB      	CALL       _Delay_5500us
;__Lib_Lcd.c,155 :: 		
0x037F	0x1507      	BSF        LCD_EN, BitPos(LCD_EN+0)
;__Lib_Lcd.c,156 :: 		
0x0380	0x20C5      	CALL       _Delay_1us
;__Lib_Lcd.c,157 :: 		
0x0381	0x1107      	BCF        LCD_EN, BitPos(LCD_EN+0)
;__Lib_Lcd.c,159 :: 		
0x0382	0x1608      	BSF        LCD_D4, BitPos(LCD_D4+0)
;__Lib_Lcd.c,160 :: 		
0x0383	0x1507      	BSF        LCD_EN, BitPos(LCD_EN+0)
;__Lib_Lcd.c,161 :: 		
0x0384	0x20C5      	CALL       _Delay_1us
;__Lib_Lcd.c,162 :: 		
0x0385	0x1107      	BCF        LCD_EN, BitPos(LCD_EN+0)
;__Lib_Lcd.c,163 :: 		
0x0386	0x20CB      	CALL       _Delay_5500us
;__Lib_Lcd.c,166 :: 		
0x0387	0x1208      	BCF        LCD_D4, BitPos(LCD_D4+0)
;__Lib_Lcd.c,167 :: 		
0x0388	0x1507      	BSF        LCD_EN, BitPos(LCD_EN+0)
;__Lib_Lcd.c,168 :: 		
0x0389	0x20C5      	CALL       _Delay_1us
;__Lib_Lcd.c,169 :: 		
0x038A	0x1107      	BCF        LCD_EN, BitPos(LCD_EN+0)
;__Lib_Lcd.c,171 :: 		
0x038B	0x1788      	BSF        LCD_D7, BitPos(LCD_D7+0)
;__Lib_Lcd.c,172 :: 		
0x038C	0x1708      	BSF        LCD_D6, BitPos(LCD_D6+0)
;__Lib_Lcd.c,173 :: 		
0x038D	0x1688      	BSF        LCD_D5, BitPos(LCD_D5+0)
;__Lib_Lcd.c,174 :: 		
0x038E	0x1608      	BSF        LCD_D4, BitPos(LCD_D4+0)
;__Lib_Lcd.c,175 :: 		
0x038F	0x1507      	BSF        LCD_EN, BitPos(LCD_EN+0)
;__Lib_Lcd.c,176 :: 		
0x0390	0x20C5      	CALL       _Delay_1us
;__Lib_Lcd.c,177 :: 		
0x0391	0x1107      	BCF        LCD_EN, BitPos(LCD_EN+0)
;__Lib_Lcd.c,179 :: 		
0x0392	0x20CB      	CALL       _Delay_5500us
;__Lib_Lcd.c,181 :: 		
0x0393	0x14D5      	BSF        __Lib_Lcd_cmd_status, BitPos(__Lib_Lcd_cmd_status+0)
;__Lib_Lcd.c,182 :: 		
L_end_Lcd_Init:
0x0394	0x0008      	RETURN
; end of _Lcd_Init
_init_variables:
;Slave.c,115 :: 		void init_variables()
;Slave.c,118 :: 		GARDEN_ID = 0x00;
0x0395	0x1283      	BCF        STATUS, 5
0x0396	0x1303      	BCF        STATUS, 6
0x0397	0x01B4      	CLRF       _GARDEN_ID
;Slave.c,120 :: 		TMP_Taster2 = 0;
0x0398	0x12D4      	BCF        _TMP_Taster2, BitPos(_TMP_Taster2+0)
;Slave.c,121 :: 		TMP_Taster1 = 0;
0x0399	0x1354      	BCF        _TMP_Taster1, BitPos(_TMP_Taster1+0)
;Slave.c,123 :: 		TMP_Reset2 = 0;
0x039A	0x1254      	BCF        _TMP_Reset2, BitPos(_TMP_Reset2+0)
;Slave.c,124 :: 		TMP_Reset1 = 0;
0x039B	0x11D4      	BCF        _TMP_Reset1, BitPos(_TMP_Reset1+0)
;Slave.c,126 :: 		ByteID = 0x00;
0x039C	0x01B5      	CLRF       _ByteID
;Slave.c,127 :: 		ch = 0x00;
0x039D	0x01AA      	CLRF       _ch
;Slave.c,128 :: 		Command = 0x00;
0x039E	0x01A5      	CLRF       _Command
;Slave.c,129 :: 		CommandModified = 0x00;
0x039F	0x01A6      	CLRF       _CommandModified
;Slave.c,130 :: 		Counter = 0x00;
0x03A0	0x01A4      	CLRF       _Counter
;Slave.c,131 :: 		Counter2 = 0x00;
0x03A1	0x01A2      	CLRF       _Counter2
;Slave.c,132 :: 		cntManual = 0x00;
0x03A2	0x01A3      	CLRF       _cntManual
;Slave.c,133 :: 		cntReset = 0x00;
0x03A3	0x01A7      	CLRF       _cntReset
;Slave.c,134 :: 		CallFlag = 0;
0x03A4	0x10D4      	BCF        _CallFlag, BitPos(_CallFlag+0)
;Slave.c,135 :: 		RTCSetupFlag = 0;
0x03A5	0x1154      	BCF        _RTCSetupFlag, BitPos(_RTCSetupFlag+0)
;Slave.c,136 :: 		UpdateLCDFlag = 0;
0x03A6	0x1054      	BCF        _UpdateLCDFlag, BitPos(_UpdateLCDFlag+0)
;Slave.c,137 :: 		Sec_X1 = 0x00;
0x03A7	0x01C7      	CLRF       _Sec_X1
;Slave.c,138 :: 		Sec_X10 = 0x00;
0x03A8	0x01C8      	CLRF       _Sec_X10
;Slave.c,139 :: 		Min_X1 = 0x00;
0x03A9	0x01CD      	CLRF       _Min_X1
;Slave.c,140 :: 		Min_X10 = 0x00;
0x03AA	0x01D3      	CLRF       _Min_X10
;Slave.c,141 :: 		Hour_X1 = 0x00;
0x03AB	0x01D2      	CLRF       _Hour_X1
;Slave.c,142 :: 		Hour_X10 = 0x00;
0x03AC	0x01CE      	CLRF       _Hour_X10
;Slave.c,143 :: 		Tmp_Sec_X1 = 0x00;
0x03AD	0x01A8      	CLRF       _Tmp_Sec_X1
;Slave.c,144 :: 		Tmp_Sec_X10 = 0x00;
0x03AE	0x01A9      	CLRF       _Tmp_Sec_X10
;Slave.c,145 :: 		Tmp_Min_X1 = 0x00;
0x03AF	0x01BF      	CLRF       _Tmp_Min_X1
;Slave.c,146 :: 		Tmp_Min_X10 = 0x00;
0x03B0	0x01C0      	CLRF       _Tmp_Min_X10
;Slave.c,147 :: 		Tmp_Hour_X1 = 0x00;
0x03B1	0x01BE      	CLRF       _Tmp_Hour_X1
;Slave.c,148 :: 		Tmp_Hour_X10 = 0x00;
0x03B2	0x01BC      	CLRF       _Tmp_Hour_X10
;Slave.c,150 :: 		Seconds = 0x00;
0x03B3	0x01BD      	CLRF       _Seconds
;Slave.c,151 :: 		Minutes = 0x00;
0x03B4	0x01C1      	CLRF       _Minutes
;Slave.c,152 :: 		Hours = 0x00;
0x03B5	0x01C3      	CLRF       _Hours
;Slave.c,155 :: 		time_left_high = 0x00;
0x03B6	0x01C4      	CLRF       _time_left_high
;Slave.c,156 :: 		time_left_low = 0x00;
0x03B7	0x01C2      	CLRF       _time_left_low
;Slave.c,157 :: 		WateringSec = 0;
0x03B8	0x01AE      	CLRF       _WateringSec
0x03B9	0x01AF      	CLRF       _WateringSec+1
;Slave.c,158 :: 		ManualMode = 0;
0x03BA	0x12D5      	BCF        _ManualMode, BitPos(_ManualMode+0)
;Slave.c,159 :: 		ManualEvent = 0;
0x03BB	0x11D5      	BCF        _ManualEvent, BitPos(_ManualEvent+0)
;Slave.c,160 :: 		ResetEvent = 0;
0x03BC	0x1255      	BCF        _ResetEvent, BitPos(_ResetEvent+0)
;Slave.c,161 :: 		ProgramSetupFlag = 0;
0x03BD	0x1155      	BCF        _ProgramSetupFlag, BitPos(_ProgramSetupFlag+0)
;Slave.c,162 :: 		ProgStartHour = 0x00;
0x03BE	0x01B7      	CLRF       _ProgStartHour
;Slave.c,163 :: 		ProgStartMin = 0x00;
0x03BF	0x01B8      	CLRF       _ProgStartMin
;Slave.c,164 :: 		PinSystemOn = 1;
0x03C0	0x1505      	BSF        PORTA, 2
;Slave.c,165 :: 		PinWatering = 0;
0x03C1	0x1185      	BCF        PORTA, 3
;Slave.c,166 :: 		PinAlarm = 0;
0x03C2	0x1205      	BCF        PORTA, 4
;Slave.c,168 :: 		m_bSystemOn=0;
0x03C3	0x1055      	BCF        _m_bSystemOn, BitPos(_m_bSystemOn+0)
;Slave.c,169 :: 		m_bWatering=0;
0x03C4	0x13D4      	BCF        _m_bWatering, BitPos(_m_bWatering+0)
;Slave.c,170 :: 		m_bAlarm   =0;
0x03C5	0x1355      	BCF        _m_bAlarm, BitPos(_m_bAlarm+0)
;Slave.c,172 :: 		Lcd_Cmd(_LCD_CLEAR);
0x03C6	0x3001      	MOVLW      1
0x03C7	0x00E9      	MOVWF      FARG_Lcd_Cmd_out_char
0x03C8	0x20DF      	CALL       _Lcd_Cmd
;Slave.c,173 :: 		Lcd_Cmd(_LCD_CURSOR_OFF); // Cursor off
0x03C9	0x300C      	MOVLW      12
0x03CA	0x00E9      	MOVWF      FARG_Lcd_Cmd_out_char
0x03CB	0x20DF      	CALL       _Lcd_Cmd
;Slave.c,174 :: 		}
0x03CC	0x0008      	RETURN
; end of _init_variables
_buildStatusByte:
;Slave.c,249 :: 		unsigned char buildStatusByte()
;Slave.c,251 :: 		unsigned char status = 0x00;
0x03CD	0x1283      	BCF        STATUS, 5
0x03CE	0x1303      	BCF        STATUS, 6
0x03CF	0x01DC      	CLRF       buildStatusByte_status_L0
;Slave.c,252 :: 		if (m_bSystemOn)
0x03D0	0x1C55      	BTFSS      _m_bSystemOn, BitPos(_m_bSystemOn+0)
0x03D1	0x2BD3      	GOTO       L_buildStatusByte16
;Slave.c,253 :: 		status |= STATUS_SYSTEM_BIT;
0x03D2	0x17DC      	BSF        buildStatusByte_status_L0, 7
L_buildStatusByte16:
;Slave.c,254 :: 		if (m_bWatering)
0x03D3	0x1FD4      	BTFSS      _m_bWatering, BitPos(_m_bWatering+0)
0x03D4	0x2BD6      	GOTO       L_buildStatusByte17
;Slave.c,255 :: 		status |= STATUS_WATER_BIT;
0x03D5	0x175C      	BSF        buildStatusByte_status_L0, 6
L_buildStatusByte17:
;Slave.c,256 :: 		if (m_bAlarm)
0x03D6	0x1F55      	BTFSS      _m_bAlarm, BitPos(_m_bAlarm+0)
0x03D7	0x2BD9      	GOTO       L_buildStatusByte18
;Slave.c,257 :: 		status |= STATUS_ALARM_BIT;
0x03D8	0x16DC      	BSF        buildStatusByte_status_L0, 5
L_buildStatusByte18:
;Slave.c,258 :: 		if (ManualMode)
0x03D9	0x1ED5      	BTFSS      _ManualMode, BitPos(_ManualMode+0)
0x03DA	0x2BDC      	GOTO       L_buildStatusByte19
;Slave.c,259 :: 		status |= STATUS_MANUAL_BIT;
0x03DB	0x165C      	BSF        buildStatusByte_status_L0, 4
L_buildStatusByte19:
;Slave.c,260 :: 		return status;
0x03DC	0x085C      	MOVF       buildStatusByte_status_L0, 0
0x03DD	0x00F0      	MOVWF      R0
;Slave.c,261 :: 		}
0x03DE	0x0008      	RETURN
; end of _buildStatusByte
_init:
;Slave.c,694 :: 		void init()
;Slave.c,698 :: 		TRISA = 0x03;
0x03DF	0x3003      	MOVLW      3
0x03E0	0x1683      	BSF        STATUS, 5
0x03E1	0x1303      	BCF        STATUS, 6
0x03E2	0x0085      	MOVWF      TRISA
;Slave.c,700 :: 		TRISB = 0x3F;
0x03E3	0x303F      	MOVLW      63
0x03E4	0x0086      	MOVWF      TRISB
;Slave.c,701 :: 		TRISC = 0xC0; // pinovi 6 i 7 su vezani za RS232
0x03E5	0x30C0      	MOVLW      192
0x03E6	0x0087      	MOVWF      TRISC
;Slave.c,703 :: 		TRISD = 0x0F; // pinovi 6 i 7 su vezani za RS232
0x03E7	0x300F      	MOVLW      15
0x03E8	0x0088      	MOVWF      TRISD
;Slave.c,705 :: 		PORTA = 0x00;
0x03E9	0x1283      	BCF        STATUS, 5
0x03EA	0x0185      	CLRF       PORTA
;Slave.c,706 :: 		PORTB = 0x00;
0x03EB	0x0186      	CLRF       PORTB
;Slave.c,707 :: 		PORTC = 0x00;
0x03EC	0x0187      	CLRF       PORTC
;Slave.c,709 :: 		ADCON1 = 0b00001110;
0x03ED	0x300E      	MOVLW      14
0x03EE	0x1683      	BSF        STATUS, 5
0x03EF	0x009F      	MOVWF      ADCON1
;Slave.c,710 :: 		ADCON0 = 0b10000001;
0x03F0	0x3081      	MOVLW      129
0x03F1	0x1283      	BCF        STATUS, 5
0x03F2	0x009F      	MOVWF      ADCON0
;Slave.c,712 :: 		INTCON = 0b11000000; // default
0x03F3	0x30C0      	MOVLW      192
0x03F4	0x008B      	MOVWF      INTCON
;Slave.c,713 :: 		PIE1 = 0b00000000;   // default
0x03F5	0x1683      	BSF        STATUS, 5
0x03F6	0x018C      	CLRF       PIE1
;Slave.c,715 :: 		T1CON = 0b00110000; // konfiguracija za Tajmer 1
0x03F7	0x3030      	MOVLW      48
0x03F8	0x1283      	BCF        STATUS, 5
0x03F9	0x0090      	MOVWF      T1CON
;Slave.c,717 :: 		TMR1H = 0x0B; // startne vrednosti tajmera 1
0x03FA	0x300B      	MOVLW      11
0x03FB	0x008F      	MOVWF      TMR1H
;Slave.c,718 :: 		TMR1L = 0xDC;
0x03FC	0x30DC      	MOVLW      220
0x03FD	0x008E      	MOVWF      TMR1L
;Slave.c,719 :: 		T1CON.TMR1ON = 1;
0x03FE	0x1410      	BSF        T1CON, 0
;Slave.c,727 :: 		PIR1.TMR1IF = 0;
0x03FF	0x100C      	BCF        PIR1, 0
;Slave.c,728 :: 		PIE1.TMR1IE = 1;
0x0400	0x1683      	BSF        STATUS, 5
0x0401	0x140C      	BSF        PIE1, 0
;Slave.c,730 :: 		Uart1_Init(19200);
0x0402	0x3040      	MOVLW      64
0x0403	0x0099      	MOVWF      SPBRG
0x0404	0x1518      	BSF        TXSTA, 2
0x0405	0x217F      	CALL       _UART1_Init
;Slave.c,733 :: 		TXSTA.TXEN = 1;
0x0406	0x1683      	BSF        STATUS, 5
0x0407	0x1698      	BSF        TXSTA, 5
;Slave.c,734 :: 		RCSTA.SPEN = 1;
0x0408	0x1283      	BCF        STATUS, 5
0x0409	0x1798      	BSF        RCSTA, 7
;Slave.c,735 :: 		RCSTA.CREN = 1;
0x040A	0x1618      	BSF        RCSTA, 4
;Slave.c,736 :: 		PIE1.RCIE = 1;
0x040B	0x1683      	BSF        STATUS, 5
0x040C	0x168C      	BSF        PIE1, 5
;Slave.c,738 :: 		INTCON.GIE = 1;
0x040D	0x178B      	BSF        INTCON, 7
;Slave.c,740 :: 		}
0x040E	0x0008      	RETURN
; end of _init
_toBcd:
;Slave.c,280 :: 		unsigned char toBcd(unsigned char val)
;Slave.c,283 :: 		tens = 0;
0x040F	0x1283      	BCF        STATUS, 5
0x0410	0x1303      	BCF        STATUS, 6
0x0411	0x01F2      	CLRF       R2
;Slave.c,284 :: 		while (val > 9)
L_toBcd20:
0x0412	0x085C      	MOVF       FARG_toBcd_val, 0
0x0413	0x3C09      	SUBLW      9
0x0414	0x1803      	BTFSC      STATUS, 0
0x0415	0x2C1A      	GOTO       L_toBcd21
;Slave.c,286 :: 		val -= 10;
0x0416	0x300A      	MOVLW      10
0x0417	0x02DC      	SUBWF      FARG_toBcd_val, 1
;Slave.c,287 :: 		tens++;
0x0418	0x0AF2      	INCF       R2, 1
;Slave.c,288 :: 		}
0x0419	0x2C12      	GOTO       L_toBcd20
L_toBcd21:
;Slave.c,289 :: 		return (tens << 4) | val;
0x041A	0x0872      	MOVF       R2, 0
0x041B	0x00F0      	MOVWF      R0
0x041C	0x0DF0      	RLF        R0, 1
0x041D	0x1070      	BCF        R0, 0
0x041E	0x0DF0      	RLF        R0, 1
0x041F	0x1070      	BCF        R0, 0
0x0420	0x0DF0      	RLF        R0, 1
0x0421	0x1070      	BCF        R0, 0
0x0422	0x0DF0      	RLF        R0, 1
0x0423	0x1070      	BCF        R0, 0
0x0424	0x085C      	MOVF       FARG_toBcd_val, 0
0x0425	0x04F0      	IORWF      R0, 1
;Slave.c,290 :: 		}
0x0426	0x0008      	RETURN
; end of _toBcd
___CC2DW:
;__Lib_System.c,134 :: 		
;__Lib_System.c,137 :: 		
_CC2D_Loop1:
;__Lib_System.c,139 :: 		
0x0427	0x2178      	CALL       _____DoICP
0x0428	0x118A      	BCF        PCLATH, 3
0x0429	0x120A      	BCF        PCLATH, 4
;__Lib_System.c,141 :: 		
0x042A	0x0080      	MOVWF      INDF
;__Lib_System.c,142 :: 		
0x042B	0x0A84      	INCF       FSR, 1
;__Lib_System.c,143 :: 		
0x042C	0x0ADA      	INCF       ___DoICPAddr, 1
;__Lib_System.c,145 :: 		
0x042D	0x1903      	BTFSC      STATUS, 2
;__Lib_System.c,146 :: 		
0x042E	0x0ADB      	INCF       ___DoICPAddr+1, 1
;__Lib_System.c,147 :: 		
0x042F	0x03F0      	DECF       R0, 1
;__Lib_System.c,149 :: 		
0x0430	0x1D03      	BTFSS      STATUS, 2
;__Lib_System.c,150 :: 		
0x0431	0x2C27      	GOTO       _CC2D_Loop1
;__Lib_System.c,152 :: 		
L_end___CC2DW:
0x0432	0x0008      	RETURN
; end of ___CC2DW
_IncrementTime:
;Slave.c,447 :: 		void IncrementTime()
;Slave.c,449 :: 		if (Sec_X1 >= 9)
0x0433	0x3009      	MOVLW      9
0x0434	0x1283      	BCF        STATUS, 5
0x0435	0x1303      	BCF        STATUS, 6
0x0436	0x0247      	SUBWF      _Sec_X1, 0
0x0437	0x1C03      	BTFSS      STATUS, 0
0x0438	0x2C68      	GOTO       L_IncrementTime47
;Slave.c,451 :: 		Sec_X1 = 0;
0x0439	0x01C7      	CLRF       _Sec_X1
;Slave.c,452 :: 		if (Sec_X10 >= 5)
0x043A	0x3005      	MOVLW      5
0x043B	0x0248      	SUBWF      _Sec_X10, 0
0x043C	0x1C03      	BTFSS      STATUS, 0
0x043D	0x2C66      	GOTO       L_IncrementTime48
;Slave.c,454 :: 		Sec_X10 = 0;
0x043E	0x01C8      	CLRF       _Sec_X10
;Slave.c,456 :: 		if (Min_X1 >= 9)
0x043F	0x3009      	MOVLW      9
0x0440	0x024D      	SUBWF      _Min_X1, 0
0x0441	0x1C03      	BTFSS      STATUS, 0
0x0442	0x2C64      	GOTO       L_IncrementTime49
;Slave.c,458 :: 		Min_X1 = 0;
0x0443	0x01CD      	CLRF       _Min_X1
;Slave.c,459 :: 		if (Min_X10 >= 5)
0x0444	0x3005      	MOVLW      5
0x0445	0x0253      	SUBWF      _Min_X10, 0
0x0446	0x1C03      	BTFSS      STATUS, 0
0x0447	0x2C62      	GOTO       L_IncrementTime50
;Slave.c,461 :: 		Min_X10 = 0;
0x0448	0x01D3      	CLRF       _Min_X10
;Slave.c,463 :: 		if ((Hour_X1 >= 9) || ((Hour_X10 >= 2) && (Hour_X1 >= 3)))
0x0449	0x3009      	MOVLW      9
0x044A	0x0252      	SUBWF      _Hour_X1, 0
0x044B	0x1803      	BTFSC      STATUS, 0
0x044C	0x2C57      	GOTO       L__IncrementTime119
0x044D	0x3002      	MOVLW      2
0x044E	0x024E      	SUBWF      _Hour_X10, 0
0x044F	0x1C03      	BTFSS      STATUS, 0
0x0450	0x2C56      	GOTO       L__IncrementTime120
0x0451	0x3003      	MOVLW      3
0x0452	0x0252      	SUBWF      _Hour_X1, 0
0x0453	0x1C03      	BTFSS      STATUS, 0
0x0454	0x2C56      	GOTO       L__IncrementTime120
0x0455	0x2C57      	GOTO       L__IncrementTime119
L__IncrementTime120:
0x0456	0x2C60      	GOTO       L_IncrementTime55
L__IncrementTime119:
;Slave.c,465 :: 		Hour_X1 = 0;
0x0457	0x01D2      	CLRF       _Hour_X1
;Slave.c,466 :: 		if (Hour_X10 == 2)
0x0458	0x084E      	MOVF       _Hour_X10, 0
0x0459	0x3A02      	XORLW      2
0x045A	0x1D03      	BTFSS      STATUS, 2
0x045B	0x2C5E      	GOTO       L_IncrementTime56
;Slave.c,468 :: 		Hour_X10 = 0;
0x045C	0x01CE      	CLRF       _Hour_X10
;Slave.c,469 :: 		}
0x045D	0x2C5F      	GOTO       L_IncrementTime57
L_IncrementTime56:
;Slave.c,471 :: 		Hour_X10++;
0x045E	0x0ACE      	INCF       _Hour_X10, 1
L_IncrementTime57:
;Slave.c,472 :: 		}
0x045F	0x2C61      	GOTO       L_IncrementTime58
L_IncrementTime55:
;Slave.c,474 :: 		Hour_X1++;
0x0460	0x0AD2      	INCF       _Hour_X1, 1
L_IncrementTime58:
;Slave.c,476 :: 		}
0x0461	0x2C63      	GOTO       L_IncrementTime59
L_IncrementTime50:
;Slave.c,478 :: 		Min_X10++;
0x0462	0x0AD3      	INCF       _Min_X10, 1
L_IncrementTime59:
;Slave.c,479 :: 		}
0x0463	0x2C65      	GOTO       L_IncrementTime60
L_IncrementTime49:
;Slave.c,481 :: 		Min_X1++;
0x0464	0x0ACD      	INCF       _Min_X1, 1
L_IncrementTime60:
;Slave.c,483 :: 		}
0x0465	0x2C67      	GOTO       L_IncrementTime61
L_IncrementTime48:
;Slave.c,485 :: 		Sec_X10++;
0x0466	0x0AC8      	INCF       _Sec_X10, 1
L_IncrementTime61:
;Slave.c,486 :: 		}
0x0467	0x2C69      	GOTO       L_IncrementTime62
L_IncrementTime47:
;Slave.c,488 :: 		Sec_X1++;
0x0468	0x0AC7      	INCF       _Sec_X1, 1
L_IncrementTime62:
;Slave.c,489 :: 		}
0x0469	0x0008      	RETURN
; end of _IncrementTime
_DecodeTime:
;Slave.c,192 :: 		void DecodeTime()
;Slave.c,194 :: 		Seconds = (Sec_X10 << 4) + Sec_X1;
0x046A	0x1283      	BCF        STATUS, 5
0x046B	0x1303      	BCF        STATUS, 6
0x046C	0x0848      	MOVF       _Sec_X10, 0
0x046D	0x00BD      	MOVWF      _Seconds
0x046E	0x0DBD      	RLF        _Seconds, 1
0x046F	0x103D      	BCF        _Seconds, 0
0x0470	0x0DBD      	RLF        _Seconds, 1
0x0471	0x103D      	BCF        _Seconds, 0
0x0472	0x0DBD      	RLF        _Seconds, 1
0x0473	0x103D      	BCF        _Seconds, 0
0x0474	0x0DBD      	RLF        _Seconds, 1
0x0475	0x103D      	BCF        _Seconds, 0
0x0476	0x0847      	MOVF       _Sec_X1, 0
0x0477	0x07BD      	ADDWF      _Seconds, 1
;Slave.c,195 :: 		Minutes = (Min_X10 << 4) + Min_X1;
0x0478	0x0853      	MOVF       _Min_X10, 0
0x0479	0x00C1      	MOVWF      _Minutes
0x047A	0x0DC1      	RLF        _Minutes, 1
0x047B	0x1041      	BCF        _Minutes, 0
0x047C	0x0DC1      	RLF        _Minutes, 1
0x047D	0x1041      	BCF        _Minutes, 0
0x047E	0x0DC1      	RLF        _Minutes, 1
0x047F	0x1041      	BCF        _Minutes, 0
0x0480	0x0DC1      	RLF        _Minutes, 1
0x0481	0x1041      	BCF        _Minutes, 0
0x0482	0x084D      	MOVF       _Min_X1, 0
0x0483	0x07C1      	ADDWF      _Minutes, 1
;Slave.c,196 :: 		Hours = (Hour_X10 << 4) + Hour_X1;
0x0484	0x084E      	MOVF       _Hour_X10, 0
0x0485	0x00C3      	MOVWF      _Hours
0x0486	0x0DC3      	RLF        _Hours, 1
0x0487	0x1043      	BCF        _Hours, 0
0x0488	0x0DC3      	RLF        _Hours, 1
0x0489	0x1043      	BCF        _Hours, 0
0x048A	0x0DC3      	RLF        _Hours, 1
0x048B	0x1043      	BCF        _Hours, 0
0x048C	0x0DC3      	RLF        _Hours, 1
0x048D	0x1043      	BCF        _Hours, 0
0x048E	0x0852      	MOVF       _Hour_X1, 0
0x048F	0x07C3      	ADDWF      _Hours, 1
;Slave.c,197 :: 		}
0x0490	0x0008      	RETURN
; end of _DecodeTime
_ProcessInputs:
;Slave.c,199 :: 		void ProcessInputs()
;Slave.c,220 :: 		if (cntManual > 0)
0x0491	0x1283      	BCF        STATUS, 5
0x0492	0x1303      	BCF        STATUS, 6
0x0493	0x0823      	MOVF       _cntManual, 0
0x0494	0x3C00      	SUBLW      0
0x0495	0x1803      	BTFSC      STATUS, 0
0x0496	0x2C98      	GOTO       L_ProcessInputs4
;Slave.c,221 :: 		cntManual--;
0x0497	0x03A3      	DECF       _cntManual, 1
L_ProcessInputs4:
;Slave.c,222 :: 		if (PinTaster == 0)
0x0498	0x1806      	BTFSC      PORTB, 0
0x0499	0x2C9B      	GOTO       L_ProcessInputs5
;Slave.c,223 :: 		TMP_Taster1 = 0;
0x049A	0x1354      	BCF        _TMP_Taster1, BitPos(_TMP_Taster1+0)
L_ProcessInputs5:
;Slave.c,224 :: 		if ((cntManual == 0) && (TMP_Taster1 == 0) && (PinTaster == 1))
0x049B	0x0823      	MOVF       _cntManual, 0
0x049C	0x3A00      	XORLW      0
0x049D	0x1D03      	BTFSS      STATUS, 2
0x049E	0x2CAC      	GOTO       L_ProcessInputs8
0x049F	0x1B54      	BTFSC      _TMP_Taster1, BitPos(_TMP_Taster1+0)
0x04A0	0x2CAC      	GOTO       L_ProcessInputs8
0x04A1	0x1C06      	BTFSS      PORTB, 0
0x04A2	0x2CAC      	GOTO       L_ProcessInputs8
L__ProcessInputs115:
;Slave.c,226 :: 		TMP_Taster1 = 1;
0x04A3	0x1754      	BSF        _TMP_Taster1, BitPos(_TMP_Taster1+0)
;Slave.c,227 :: 		cntManual = DEBOUNCE_TICKS;
0x04A4	0x300A      	MOVLW      10
0x04A5	0x00A3      	MOVWF      _cntManual
;Slave.c,228 :: 		if (ManualMode == 1)
0x04A6	0x1ED5      	BTFSS      _ManualMode, BitPos(_ManualMode+0)
0x04A7	0x2CAA      	GOTO       L_ProcessInputs9
;Slave.c,229 :: 		ManualMode = 0;
0x04A8	0x12D5      	BCF        _ManualMode, BitPos(_ManualMode+0)
0x04A9	0x2CAB      	GOTO       L_ProcessInputs10
L_ProcessInputs9:
;Slave.c,231 :: 		ManualMode = 1;
0x04AA	0x16D5      	BSF        _ManualMode, BitPos(_ManualMode+0)
L_ProcessInputs10:
;Slave.c,232 :: 		ManualEvent = 1; // consumed by main
0x04AB	0x15D5      	BSF        _ManualEvent, BitPos(_ManualEvent+0)
;Slave.c,233 :: 		}
L_ProcessInputs8:
;Slave.c,236 :: 		if (cntReset > 0)
0x04AC	0x0827      	MOVF       _cntReset, 0
0x04AD	0x3C00      	SUBLW      0
0x04AE	0x1803      	BTFSC      STATUS, 0
0x04AF	0x2CB1      	GOTO       L_ProcessInputs11
;Slave.c,237 :: 		cntReset--;
0x04B0	0x03A7      	DECF       _cntReset, 1
L_ProcessInputs11:
;Slave.c,238 :: 		if (PinReset == 0)
0x04B1	0x1906      	BTFSC      PORTB, 2
0x04B2	0x2CB4      	GOTO       L_ProcessInputs12
;Slave.c,239 :: 		TMP_Reset1 = 0;
0x04B3	0x11D4      	BCF        _TMP_Reset1, BitPos(_TMP_Reset1+0)
L_ProcessInputs12:
;Slave.c,240 :: 		if ((cntReset == 0) && (TMP_Reset1 == 0) && (PinReset == 1))
0x04B4	0x0827      	MOVF       _cntReset, 0
0x04B5	0x3A00      	XORLW      0
0x04B6	0x1D03      	BTFSS      STATUS, 2
0x04B7	0x2CC0      	GOTO       L_ProcessInputs15
0x04B8	0x19D4      	BTFSC      _TMP_Reset1, BitPos(_TMP_Reset1+0)
0x04B9	0x2CC0      	GOTO       L_ProcessInputs15
0x04BA	0x1D06      	BTFSS      PORTB, 2
0x04BB	0x2CC0      	GOTO       L_ProcessInputs15
L__ProcessInputs114:
;Slave.c,242 :: 		TMP_Reset1 = 1;
0x04BC	0x15D4      	BSF        _TMP_Reset1, BitPos(_TMP_Reset1+0)
;Slave.c,243 :: 		cntReset = DEBOUNCE_TICKS;
0x04BD	0x300A      	MOVLW      10
0x04BE	0x00A7      	MOVWF      _cntReset
;Slave.c,244 :: 		ResetEvent = 1; // consumed by main
0x04BF	0x1655      	BSF        _ResetEvent, BitPos(_ResetEvent+0)
;Slave.c,245 :: 		}
L_ProcessInputs15:
;Slave.c,247 :: 		}
0x04C0	0x0008      	RETURN
; end of _ProcessInputs
_ConvertTime:
;Slave.c,491 :: 		void ConvertTime(unsigned char ch)
;Slave.c,493 :: 		X1 = ch;
0x04C1	0x1283      	BCF        STATUS, 5
0x04C2	0x1303      	BCF        STATUS, 6
0x04C3	0x086A      	MOVF       FARG_ConvertTime_ch, 0
0x04C4	0x00D6      	MOVWF      _X1
;Slave.c,494 :: 		X10 = 0x00;
0x04C5	0x01D7      	CLRF       _X10
;Slave.c,495 :: 		while (X1 > 9)
L_ConvertTime63:
0x04C6	0x0856      	MOVF       _X1, 0
0x04C7	0x3C09      	SUBLW      9
0x04C8	0x1803      	BTFSC      STATUS, 0
0x04C9	0x2CCE      	GOTO       L_ConvertTime64
;Slave.c,497 :: 		X1 = X1 - 10;
0x04CA	0x300A      	MOVLW      10
0x04CB	0x02D6      	SUBWF      _X1, 1
;Slave.c,498 :: 		X10++;
0x04CC	0x0AD7      	INCF       _X10, 1
;Slave.c,499 :: 		}
0x04CD	0x2CC6      	GOTO       L_ConvertTime63
L_ConvertTime64:
;Slave.c,500 :: 		}
0x04CE	0x0008      	RETURN
; end of _ConvertTime
_main:
0x04CF	0x25CE      	CALL       1486
;Slave.c,292 :: 		void main()
;Slave.c,294 :: 		init();
0x04D0	0x23DF      	CALL       _init
;Slave.c,295 :: 		init_variables();
0x04D1	0x2395      	CALL       _init_variables
;Slave.c,296 :: 		Lcd_Init();
0x04D2	0x2347      	CALL       _Lcd_Init
;Slave.c,297 :: 		UpdateLCD();
0x04D3	0x2259      	CALL       _UpdateLCD
;Slave.c,299 :: 		while (1)
L_main22:
;Slave.c,303 :: 		if (ResetEvent == 1)
0x04D4	0x1E55      	BTFSS      _ResetEvent, BitPos(_ResetEvent+0)
0x04D5	0x2CE1      	GOTO       L_main24
;Slave.c,305 :: 		ResetEvent = 0;
0x04D6	0x1255      	BCF        _ResetEvent, BitPos(_ResetEvent+0)
;Slave.c,307 :: 		ManualMode = 0;
0x04D7	0x12D5      	BCF        _ManualMode, BitPos(_ManualMode+0)
;Slave.c,308 :: 		ManualEvent = 0;
0x04D8	0x11D5      	BCF        _ManualEvent, BitPos(_ManualEvent+0)
;Slave.c,309 :: 		WateringSec = 0;
0x04D9	0x01AE      	CLRF       _WateringSec
0x04DA	0x01AF      	CLRF       _WateringSec+1
;Slave.c,311 :: 		m_bSystemOn = 1;
0x04DB	0x1455      	BSF        _m_bSystemOn, BitPos(_m_bSystemOn+0)
;Slave.c,312 :: 		m_bWatering = 0;
0x04DC	0x13D4      	BCF        _m_bWatering, BitPos(_m_bWatering+0)
;Slave.c,313 :: 		m_bAlarm = 0;
0x04DD	0x1355      	BCF        _m_bAlarm, BitPos(_m_bAlarm+0)
;Slave.c,314 :: 		PinWatering = 0;
0x04DE	0x1185      	BCF        PORTA, 3
;Slave.c,315 :: 		PinSystemOn = 1;
0x04DF	0x1505      	BSF        PORTA, 2
;Slave.c,316 :: 		PinAlarm = 0;
0x04E0	0x1205      	BCF        PORTA, 4
;Slave.c,317 :: 		}
L_main24:
;Slave.c,320 :: 		if (ManualEvent == 1)
0x04E1	0x1DD5      	BTFSS      _ManualEvent, BitPos(_ManualEvent+0)
0x04E2	0x2CF4      	GOTO       L_main25
;Slave.c,322 :: 		ManualEvent = 0;
0x04E3	0x11D5      	BCF        _ManualEvent, BitPos(_ManualEvent+0)
;Slave.c,323 :: 		if (ManualMode == 1)
0x04E4	0x1ED5      	BTFSS      _ManualMode, BitPos(_ManualMode+0)
0x04E5	0x2CEE      	GOTO       L_main26
;Slave.c,326 :: 		WateringSec = 180;
0x04E6	0x30B4      	MOVLW      180
0x04E7	0x00AE      	MOVWF      _WateringSec
0x04E8	0x01AF      	CLRF       _WateringSec+1
;Slave.c,327 :: 		m_bWatering = 1;
0x04E9	0x17D4      	BSF        _m_bWatering, BitPos(_m_bWatering+0)
;Slave.c,328 :: 		PinWatering = 1;
0x04EA	0x1585      	BSF        PORTA, 3
;Slave.c,329 :: 		m_bSystemOn = 1;
0x04EB	0x1455      	BSF        _m_bSystemOn, BitPos(_m_bSystemOn+0)
;Slave.c,330 :: 		PinSystemOn = 1;
0x04EC	0x1505      	BSF        PORTA, 2
;Slave.c,331 :: 		}
0x04ED	0x2CF4      	GOTO       L_main27
L_main26:
;Slave.c,335 :: 		WateringSec = 0;
0x04EE	0x01AE      	CLRF       _WateringSec
0x04EF	0x01AF      	CLRF       _WateringSec+1
;Slave.c,336 :: 		m_bWatering = 0;
0x04F0	0x13D4      	BCF        _m_bWatering, BitPos(_m_bWatering+0)
;Slave.c,337 :: 		PinWatering = 0;
0x04F1	0x1185      	BCF        PORTA, 3
;Slave.c,338 :: 		m_bSystemOn = 1;
0x04F2	0x1455      	BSF        _m_bSystemOn, BitPos(_m_bSystemOn+0)
;Slave.c,339 :: 		PinSystemOn = 1;
0x04F3	0x1505      	BSF        PORTA, 2
;Slave.c,340 :: 		}
L_main27:
;Slave.c,341 :: 		}
L_main25:
;Slave.c,343 :: 		if (UpdateLCDFlag == 1)  // 1 sekunda
0x04F4	0x1C54      	BTFSS      _UpdateLCDFlag, BitPos(_UpdateLCDFlag+0)
0x04F5	0x2D47      	GOTO       L_main28
;Slave.c,345 :: 		UpdateLCDFlag = 0;
0x04F6	0x1054      	BCF        _UpdateLCDFlag, BitPos(_UpdateLCDFlag+0)
;Slave.c,349 :: 		(Seconds == 0x00) &&
0x04F7	0x1BD4      	BTFSC      _m_bWatering, BitPos(_m_bWatering+0)
0x04F8	0x2D15      	GOTO       L_main31
0x04F9	0x083D      	MOVF       _Seconds, 0
0x04FA	0x3A00      	XORLW      0
0x04FB	0x1D03      	BTFSS      STATUS, 2
0x04FC	0x2D15      	GOTO       L_main31
;Slave.c,350 :: 		(Hours == ProgStartHour) &&
0x04FD	0x0843      	MOVF       _Hours, 0
0x04FE	0x0637      	XORWF      _ProgStartHour, 0
0x04FF	0x1D03      	BTFSS      STATUS, 2
0x0500	0x2D15      	GOTO       L_main31
;Slave.c,351 :: 		(Minutes == ProgStartMin))
0x0501	0x0841      	MOVF       _Minutes, 0
0x0502	0x0638      	XORWF      _ProgStartMin, 0
0x0503	0x1D03      	BTFSS      STATUS, 2
0x0504	0x2D15      	GOTO       L_main31
L__main118:
;Slave.c,354 :: 		WateringSec = (unsigned int) ((time_left_high * 100) + time_left_low);
0x0505	0x0844      	MOVF       _time_left_high, 0
0x0506	0x00F0      	MOVWF      R0
0x0507	0x3064      	MOVLW      100
0x0508	0x00F4      	MOVWF      R4
0x0509	0x232E      	CALL       _Mul_8x8_U
0x050A	0x0842      	MOVF       _time_left_low, 0
0x050B	0x0770      	ADDWF      R0, 0
0x050C	0x00AE      	MOVWF      _WateringSec
0x050D	0x0871      	MOVF       R0+1, 0
0x050E	0x1803      	BTFSC      STATUS, 0
0x050F	0x3E01      	ADDLW      1
0x0510	0x00AF      	MOVWF      _WateringSec+1
;Slave.c,356 :: 		m_bWatering = 1;
0x0511	0x17D4      	BSF        _m_bWatering, BitPos(_m_bWatering+0)
;Slave.c,357 :: 		PinWatering = 1;
0x0512	0x1585      	BSF        PORTA, 3
;Slave.c,358 :: 		m_bSystemOn = 1;
0x0513	0x1455      	BSF        _m_bSystemOn, BitPos(_m_bSystemOn+0)
;Slave.c,359 :: 		PinSystemOn = 1;
0x0514	0x1505      	BSF        PORTA, 2
;Slave.c,360 :: 		}
L_main31:
;Slave.c,363 :: 		if (m_bWatering == 1) //(PinWatering == 1)
0x0515	0x1FD4      	BTFSS      _m_bWatering, BitPos(_m_bWatering+0)
0x0516	0x2D30      	GOTO       L_main32
;Slave.c,365 :: 		if (WateringSec > 0)
0x0517	0x082F      	MOVF       _WateringSec+1, 0
0x0518	0x3C00      	SUBLW      0
0x0519	0x1D03      	BTFSS      STATUS, 2
0x051A	0x2D1D      	GOTO       L__main126
0x051B	0x082E      	MOVF       _WateringSec, 0
0x051C	0x3C00      	SUBLW      0
L__main126:
0x051D	0x1803      	BTFSC      STATUS, 0
0x051E	0x2D23      	GOTO       L_main33
;Slave.c,366 :: 		WateringSec--;
0x051F	0x3001      	MOVLW      1
0x0520	0x02AE      	SUBWF      _WateringSec, 1
0x0521	0x1C03      	BTFSS      STATUS, 0
0x0522	0x03AF      	DECF       _WateringSec+1, 1
L_main33:
;Slave.c,368 :: 		if (WateringSec == 0)
0x0523	0x3000      	MOVLW      0
0x0524	0x062F      	XORWF      _WateringSec+1, 0
0x0525	0x1D03      	BTFSS      STATUS, 2
0x0526	0x2D29      	GOTO       L__main127
0x0527	0x3000      	MOVLW      0
0x0528	0x062E      	XORWF      _WateringSec, 0
L__main127:
0x0529	0x1D03      	BTFSS      STATUS, 2
0x052A	0x2D30      	GOTO       L_main34
;Slave.c,370 :: 		m_bWatering = 0;
0x052B	0x13D4      	BCF        _m_bWatering, BitPos(_m_bWatering+0)
;Slave.c,371 :: 		PinWatering = 0;
0x052C	0x1185      	BCF        PORTA, 3
;Slave.c,372 :: 		m_bSystemOn = 1;
0x052D	0x1455      	BSF        _m_bSystemOn, BitPos(_m_bSystemOn+0)
;Slave.c,373 :: 		PinSystemOn = 1;
0x052E	0x1505      	BSF        PORTA, 2
;Slave.c,375 :: 		ManualMode = 0;  // ???
0x052F	0x12D5      	BCF        _ManualMode, BitPos(_ManualMode+0)
;Slave.c,376 :: 		}
L_main34:
;Slave.c,377 :: 		}
L_main32:
;Slave.c,379 :: 		FlowValue = ReadADC();
0x0530	0x2247      	CALL       _ReadADC
0x0531	0x0870      	MOVF       R0, 0
0x0532	0x00C9      	MOVWF      _FlowValue
;Slave.c,381 :: 		if (m_bWatering == 1) //(PinWatering == 1)
0x0533	0x1FD4      	BTFSS      _m_bWatering, BitPos(_m_bWatering+0)
0x0534	0x2D44      	GOTO       L_main35
;Slave.c,383 :: 		if ((FlowValue < FlowMin) || (FlowValue > FlowMax)) {
0x0535	0x0836      	MOVF       _FlowMin, 0
0x0536	0x0249      	SUBWF      _FlowValue, 0
0x0537	0x1C03      	BTFSS      STATUS, 0
0x0538	0x2D3E      	GOTO       L__main117
0x0539	0x0849      	MOVF       _FlowValue, 0
0x053A	0x0239      	SUBWF      _FlowMax, 0
0x053B	0x1C03      	BTFSS      STATUS, 0
0x053C	0x2D3E      	GOTO       L__main117
0x053D	0x2D41      	GOTO       L_main38
L__main117:
;Slave.c,384 :: 		PinAlarm = 1;
0x053E	0x1605      	BSF        PORTA, 4
;Slave.c,385 :: 		m_bAlarm = 1;
0x053F	0x1755      	BSF        _m_bAlarm, BitPos(_m_bAlarm+0)
;Slave.c,386 :: 		}
0x0540	0x2D43      	GOTO       L_main39
L_main38:
;Slave.c,388 :: 		PinAlarm = 0;
0x0541	0x1205      	BCF        PORTA, 4
;Slave.c,389 :: 		m_bAlarm = 0;
0x0542	0x1355      	BCF        _m_bAlarm, BitPos(_m_bAlarm+0)
;Slave.c,390 :: 		}
L_main39:
;Slave.c,391 :: 		}
0x0543	0x2D46      	GOTO       L_main40
L_main35:
;Slave.c,394 :: 		PinAlarm = 0;
0x0544	0x1205      	BCF        PORTA, 4
;Slave.c,395 :: 		m_bAlarm = 0;
0x0545	0x1355      	BCF        _m_bAlarm, BitPos(_m_bAlarm+0)
;Slave.c,396 :: 		}
L_main40:
;Slave.c,398 :: 		UpdateLCD();
0x0546	0x2259      	CALL       _UpdateLCD
;Slave.c,399 :: 		}  // 1 sekunda
L_main28:
;Slave.c,401 :: 		if ((ByteID > 0) && (Counter2 == 0))
0x0547	0x0835      	MOVF       _ByteID, 0
0x0548	0x3C00      	SUBLW      0
0x0549	0x1803      	BTFSC      STATUS, 0
0x054A	0x2D50      	GOTO       L_main43
0x054B	0x0822      	MOVF       _Counter2, 0
0x054C	0x3A00      	XORLW      0
0x054D	0x1D03      	BTFSS      STATUS, 2
0x054E	0x2D50      	GOTO       L_main43
L__main116:
;Slave.c,403 :: 		ByteID = 0;
0x054F	0x01B5      	CLRF       _ByteID
;Slave.c,404 :: 		}
L_main43:
;Slave.c,407 :: 		if (CallFlag == 1)
0x0550	0x1CD4      	BTFSS      _CallFlag, BitPos(_CallFlag+0)
0x0551	0x2D5E      	GOTO       L_main44
;Slave.c,410 :: 		DR = 1;
0x0552	0x1687      	BSF        PORTC, 5
;Slave.c,411 :: 		transmit(STATUS_CODE | GARDEN_ID);
0x0553	0x3020      	MOVLW      32
0x0554	0x0434      	IORWF      _GARDEN_ID, 0
0x0555	0x00DC      	MOVWF      FARG_transmit_DATA8b
0x0556	0x2250      	CALL       _transmit
;Slave.c,412 :: 		transmit(buildStatusByte());
0x0557	0x23CD      	CALL       _buildStatusByte
0x0558	0x0870      	MOVF       R0, 0
0x0559	0x00DC      	MOVWF      FARG_transmit_DATA8b
0x055A	0x2250      	CALL       _transmit
;Slave.c,413 :: 		DR = 0;
0x055B	0x1283      	BCF        STATUS, 5
0x055C	0x1287      	BCF        PORTC, 5
;Slave.c,414 :: 		CallFlag = 0;
0x055D	0x10D4      	BCF        _CallFlag, BitPos(_CallFlag+0)
;Slave.c,415 :: 		}
L_main44:
;Slave.c,417 :: 		if (RTCSetupFlag == 1)
0x055E	0x1D54      	BTFSS      _RTCSetupFlag, BitPos(_RTCSetupFlag+0)
0x055F	0x2D78      	GOTO       L_main45
;Slave.c,419 :: 		Sec_X1 = Tmp_Sec_X1;
0x0560	0x0828      	MOVF       _Tmp_Sec_X1, 0
0x0561	0x00C7      	MOVWF      _Sec_X1
;Slave.c,420 :: 		Sec_X10 = Tmp_Sec_X10;
0x0562	0x0829      	MOVF       _Tmp_Sec_X10, 0
0x0563	0x00C8      	MOVWF      _Sec_X10
;Slave.c,421 :: 		Min_X1 = Tmp_Min_X1;
0x0564	0x083F      	MOVF       _Tmp_Min_X1, 0
0x0565	0x00CD      	MOVWF      _Min_X1
;Slave.c,422 :: 		Min_X10 = Tmp_Min_X10;
0x0566	0x0840      	MOVF       _Tmp_Min_X10, 0
0x0567	0x00D3      	MOVWF      _Min_X10
;Slave.c,423 :: 		Hour_X1 = Tmp_Hour_X1;
0x0568	0x083E      	MOVF       _Tmp_Hour_X1, 0
0x0569	0x00D2      	MOVWF      _Hour_X1
;Slave.c,424 :: 		Hour_X10 = Tmp_Hour_X10;
0x056A	0x083C      	MOVF       _Tmp_Hour_X10, 0
0x056B	0x00CE      	MOVWF      _Hour_X10
;Slave.c,425 :: 		DR = 1;
0x056C	0x1687      	BSF        PORTC, 5
;Slave.c,426 :: 		transmit(STATUS_CODE | GARDEN_ID);
0x056D	0x3020      	MOVLW      32
0x056E	0x0434      	IORWF      _GARDEN_ID, 0
0x056F	0x00DC      	MOVWF      FARG_transmit_DATA8b
0x0570	0x2250      	CALL       _transmit
;Slave.c,427 :: 		transmit(buildStatusByte());
0x0571	0x23CD      	CALL       _buildStatusByte
0x0572	0x0870      	MOVF       R0, 0
0x0573	0x00DC      	MOVWF      FARG_transmit_DATA8b
0x0574	0x2250      	CALL       _transmit
;Slave.c,428 :: 		RTCSetupFlag = 0;
0x0575	0x1283      	BCF        STATUS, 5
0x0576	0x1154      	BCF        _RTCSetupFlag, BitPos(_RTCSetupFlag+0)
;Slave.c,429 :: 		DR = 0;
0x0577	0x1287      	BCF        PORTC, 5
;Slave.c,430 :: 		}
L_main45:
;Slave.c,431 :: 		if (ProgramSetupFlag == 1)
0x0578	0x1D55      	BTFSS      _ProgramSetupFlag, BitPos(_ProgramSetupFlag+0)
0x0579	0x2D94      	GOTO       L_main46
;Slave.c,433 :: 		ProgStartHour = toBcd(Tmp_ProgStartHour);
0x057A	0x0831      	MOVF       _Tmp_ProgStartHour, 0
0x057B	0x00DC      	MOVWF      FARG_toBcd_val
0x057C	0x240F      	CALL       _toBcd
0x057D	0x0870      	MOVF       R0, 0
0x057E	0x00B7      	MOVWF      _ProgStartHour
;Slave.c,434 :: 		ProgStartMin = toBcd(Tmp_ProgStartMin);
0x057F	0x0830      	MOVF       _Tmp_ProgStartMin, 0
0x0580	0x00DC      	MOVWF      FARG_toBcd_val
0x0581	0x240F      	CALL       _toBcd
0x0582	0x0870      	MOVF       R0, 0
0x0583	0x00B8      	MOVWF      _ProgStartMin
;Slave.c,435 :: 		time_left_high = Tmp_time_left_high;
0x0584	0x083A      	MOVF       _Tmp_time_left_high, 0
0x0585	0x00C4      	MOVWF      _time_left_high
;Slave.c,436 :: 		time_left_low = Tmp_time_left_low;
0x0586	0x083B      	MOVF       _Tmp_time_left_low, 0
0x0587	0x00C2      	MOVWF      _time_left_low
;Slave.c,438 :: 		DR = 1;
0x0588	0x1687      	BSF        PORTC, 5
;Slave.c,439 :: 		transmit(STATUS_CODE | GARDEN_ID);
0x0589	0x3020      	MOVLW      32
0x058A	0x0434      	IORWF      _GARDEN_ID, 0
0x058B	0x00DC      	MOVWF      FARG_transmit_DATA8b
0x058C	0x2250      	CALL       _transmit
;Slave.c,440 :: 		transmit(buildStatusByte());
0x058D	0x23CD      	CALL       _buildStatusByte
0x058E	0x0870      	MOVF       R0, 0
0x058F	0x00DC      	MOVWF      FARG_transmit_DATA8b
0x0590	0x2250      	CALL       _transmit
;Slave.c,441 :: 		ProgramSetupFlag = 0;
0x0591	0x1283      	BCF        STATUS, 5
0x0592	0x1155      	BCF        _ProgramSetupFlag, BitPos(_ProgramSetupFlag+0)
;Slave.c,442 :: 		DR = 0;
0x0593	0x1287      	BCF        PORTC, 5
;Slave.c,443 :: 		}
L_main46:
;Slave.c,444 :: 		}
0x0594	0x2CD4      	GOTO       L_main22
;Slave.c,445 :: 		}
0x0595	0x2D95      	GOTO       $+0
; end of _main
0x05CE	0x3022      	MOVLW      34
0x05CF	0x0084      	MOVWF      FSR
0x05D0	0x3032      	MOVLW      50
0x05D1	0x1283      	BCF        STATUS, 5
0x05D2	0x1303      	BCF        STATUS, 6
0x05D3	0x00F0      	MOVWF      R0
0x05D4	0x309B      	MOVLW      155
0x05D5	0x00DA      	MOVWF      ___DoICPAddr
0x05D6	0x3005      	MOVLW      5
0x05D7	0x00DB      	MOVWF      91
0x05D8	0x2427      	CALL       1063
0x05D9	0x0008      	RETURN
;Slave.c,0 :: ?ICS_Counter2
0x059B	0x3400 ;?ICS_Counter2+0
; end of ?ICS_Counter2
;Slave.c,0 :: ?ICS_cntManual
0x059C	0x3400 ;?ICS_cntManual+0
; end of ?ICS_cntManual
;Slave.c,0 :: ?ICS_Counter
0x059D	0x3400 ;?ICS_Counter+0
; end of ?ICS_Counter
;Slave.c,0 :: ?ICS_Command
0x059E	0x3400 ;?ICS_Command+0
; end of ?ICS_Command
;Slave.c,0 :: ?ICS_CommandModified
0x059F	0x3400 ;?ICS_CommandModified+0
; end of ?ICS_CommandModified
;Slave.c,0 :: ?ICS_cntReset
0x05A0	0x3400 ;?ICS_cntReset+0
; end of ?ICS_cntReset
;Slave.c,0 :: ?ICS_Tmp_Sec_X1
0x05A1	0x3400 ;?ICS_Tmp_Sec_X1+0
; end of ?ICS_Tmp_Sec_X1
;Slave.c,0 :: ?ICS_Tmp_Sec_X10
0x05A2	0x3400 ;?ICS_Tmp_Sec_X10+0
; end of ?ICS_Tmp_Sec_X10
;Slave.c,0 :: ?ICS_ch
0x05A3	0x3400 ;?ICS_ch+0
; end of ?ICS_ch
;Slave.c,0 :: ?ICS?lstr5_Slave
0x05A4	0x3420 ;?ICS?lstr5_Slave+0
0x05A5	0x3452 ;?ICS?lstr5_Slave+1
0x05A6	0x3400 ;?ICS?lstr5_Slave+2
; end of ?ICS?lstr5_Slave
;Slave.c,0 :: ?ICS_WateringSec
0x05A7	0x3400 ;?ICS_WateringSec+0
0x05A8	0x3400 ;?ICS_WateringSec+1
; end of ?ICS_WateringSec
;Slave.c,0 :: ?ICS_Tmp_ProgStartMin
0x05A9	0x3400 ;?ICS_Tmp_ProgStartMin+0
; end of ?ICS_Tmp_ProgStartMin
;Slave.c,0 :: ?ICS_Tmp_ProgStartHour
0x05AA	0x3400 ;?ICS_Tmp_ProgStartHour+0
; end of ?ICS_Tmp_ProgStartHour
;Slave.c,0 :: ?ICS?lstr4_Slave
0x05AB	0x343A ;?ICS?lstr4_Slave+0
0x05AC	0x3400 ;?ICS?lstr4_Slave+1
; end of ?ICS?lstr4_Slave
;Slave.c,0 :: ?ICS_GARDEN_ID
0x05AD	0x3400 ;?ICS_GARDEN_ID+0
; end of ?ICS_GARDEN_ID
;Slave.c,0 :: ?ICS_ByteID
0x05AE	0x3400 ;?ICS_ByteID+0
; end of ?ICS_ByteID
;Slave.c,0 :: ?ICS_FlowMin
0x05AF	0x3414 ;?ICS_FlowMin+0
; end of ?ICS_FlowMin
;Slave.c,0 :: ?ICS_ProgStartHour
0x05B0	0x3400 ;?ICS_ProgStartHour+0
; end of ?ICS_ProgStartHour
;Slave.c,0 :: ?ICS_ProgStartMin
0x05B1	0x3400 ;?ICS_ProgStartMin+0
; end of ?ICS_ProgStartMin
;Slave.c,0 :: ?ICS_FlowMax
0x05B2	0x343C ;?ICS_FlowMax+0
; end of ?ICS_FlowMax
;Slave.c,0 :: ?ICS_Tmp_time_left_high
0x05B3	0x3400 ;?ICS_Tmp_time_left_high+0
; end of ?ICS_Tmp_time_left_high
;Slave.c,0 :: ?ICS_Tmp_time_left_low
0x05B4	0x3400 ;?ICS_Tmp_time_left_low+0
; end of ?ICS_Tmp_time_left_low
;Slave.c,0 :: ?ICS_Tmp_Hour_X10
0x05B5	0x3400 ;?ICS_Tmp_Hour_X10+0
; end of ?ICS_Tmp_Hour_X10
;Slave.c,0 :: ?ICS_Seconds
0x05B6	0x3400 ;?ICS_Seconds+0
; end of ?ICS_Seconds
;Slave.c,0 :: ?ICS_Tmp_Hour_X1
0x05B7	0x3400 ;?ICS_Tmp_Hour_X1+0
; end of ?ICS_Tmp_Hour_X1
;Slave.c,0 :: ?ICS_Tmp_Min_X1
0x05B8	0x3400 ;?ICS_Tmp_Min_X1+0
; end of ?ICS_Tmp_Min_X1
;Slave.c,0 :: ?ICS_Tmp_Min_X10
0x05B9	0x3400 ;?ICS_Tmp_Min_X10+0
; end of ?ICS_Tmp_Min_X10
;Slave.c,0 :: ?ICS_Minutes
0x05BA	0x3400 ;?ICS_Minutes+0
; end of ?ICS_Minutes
;Slave.c,0 :: ?ICS_time_left_low
0x05BB	0x3400 ;?ICS_time_left_low+0
; end of ?ICS_time_left_low
;Slave.c,0 :: ?ICS_Hours
0x05BC	0x3400 ;?ICS_Hours+0
; end of ?ICS_Hours
;Slave.c,0 :: ?ICS_time_left_high
0x05BD	0x3400 ;?ICS_time_left_high+0
; end of ?ICS_time_left_high
;Slave.c,0 :: ?ICS?lstr2_Slave
0x05BE	0x3446 ;?ICS?lstr2_Slave+0
0x05BF	0x3400 ;?ICS?lstr2_Slave+1
; end of ?ICS?lstr2_Slave
;Slave.c,0 :: ?ICS_Sec_X1
0x05C0	0x3400 ;?ICS_Sec_X1+0
; end of ?ICS_Sec_X1
;Slave.c,0 :: ?ICS_Sec_X10
0x05C1	0x3400 ;?ICS_Sec_X10+0
; end of ?ICS_Sec_X10
;Slave.c,0 :: ?ICS_FlowValue
0x05C2	0x3400 ;?ICS_FlowValue+0
; end of ?ICS_FlowValue
;Slave.c,0 :: ?ICS?lstr3_Slave
0x05C3	0x3453 ;?ICS?lstr3_Slave+0
0x05C4	0x343A ;?ICS?lstr3_Slave+1
0x05C5	0x3400 ;?ICS?lstr3_Slave+2
; end of ?ICS?lstr3_Slave
;Slave.c,0 :: ?ICS_Min_X1
0x05C6	0x3400 ;?ICS_Min_X1+0
; end of ?ICS_Min_X1
;Slave.c,0 :: ?ICS_Hour_X10
0x05C7	0x3400 ;?ICS_Hour_X10+0
; end of ?ICS_Hour_X10
;Slave.c,0 :: ?ICS?lstr1_Slave
0x05C8	0x3454 ;?ICS?lstr1_Slave+0
0x05C9	0x3420 ;?ICS?lstr1_Slave+1
0x05CA	0x3400 ;?ICS?lstr1_Slave+2
; end of ?ICS?lstr1_Slave
;Slave.c,0 :: ?ICS_Hour_X1
0x05CB	0x3400 ;?ICS_Hour_X1+0
; end of ?ICS_Hour_X1
;Slave.c,0 :: ?ICS_Min_X10
0x05CC	0x3400 ;?ICS_Min_X10+0
; end of ?ICS_Min_X10
Symbol List:
//** Routines locations **
//ADDRESS    SIZE    PROCEDURE
//----------------------------------------------
0x0004     [193]    _interrupt
0x00C5       [6]    _Delay_1us
0x00CB      [13]    _Delay_5500us
0x00D8       [7]    _Delay_50us
0x00DF      [64]    _Lcd_Cmd
0x011F      [53]    _Lcd_Chr
0x0154       [8]    _Lcd_Chr_CP
0x015C      [28]    _LcdOut2
0x0178       [7]    _____DoICP
0x017F      [16]    _UART1_Init
0x018F      [46]    _LcdOut3
0x01BD      [17]    _Div_8x8_U
0x01CE      [64]    _Lcd_Out
0x020E      [57]    _LcdOutDuration
0x0247       [9]    _ReadADC
0x0250       [9]    _transmit
0x0259     [213]    _UpdateLCD
0x032E      [25]    _Mul_8x8_U
0x0347      [78]    _Lcd_Init
0x0395      [56]    _init_variables
0x03CD      [18]    _buildStatusByte
0x03DF      [48]    _init
0x040F      [24]    _toBcd
0x0427      [12]    ___CC2DW
0x0433      [55]    _IncrementTime
0x046A      [39]    _DecodeTime
0x0491      [48]    _ProcessInputs
0x04C1      [14]    _ConvertTime
0x04CF     [198]    _main
//** Variables locations ** 
//ADDRESS    SIZE    VARIABLE
//----------------------------------------------
0x0000       [1]    INDF
0x0001       [1]    TMR0
0x0002       [1]    PCL
0x0003       [0]    RP1_bit
0x0003       [0]    RP0_bit
0x0003       [0]    DC_bit
0x0003       [1]    STATUS
0x0003       [0]    IRP_bit
0x0003       [0]    NOT_TO_bit
0x0003       [0]    NOT_PD_bit
0x0003       [0]    C_bit
0x0003       [0]    Z_bit
0x0004       [1]    FSRPTR
0x0004       [1]    FSR
0x0005       [1]    PORTA
0x0005       [0]    RA0_bit
0x0005       [0]    RA1_bit
0x0005       [0]    RA4_bit
0x0005       [0]    RA5_bit
0x0005       [0]    RA3_bit
0x0005       [0]    RA2_bit
0x0006       [0]    RB2_bit
0x0006       [0]    RB3_bit
0x0006       [0]    RB6_bit
0x0006       [0]    RB5_bit
0x0006       [0]    RB4_bit
0x0006       [1]    PORTB
0x0006       [0]    RB7_bit
0x0006       [0]    RB1_bit
0x0006       [0]    RB0_bit
0x0007       [1]    PORTC
0x0007       [0]    RC1_bit
0x0007       [0]    RC2_bit
0x0007       [0]    RC0_bit
0x0007       [0]    LCD_RS
0x0007       [0]    LCD_EN
0x0007       [0]    RC7_bit
0x0007       [0]    RC6_bit
0x0007       [0]    RC5_bit
0x0007       [0]    RC3_bit
0x0007       [0]    RC4_bit
0x0008       [1]    PORTD
0x0008       [0]    LCD_D7
0x0008       [0]    LCD_D4
0x0008       [0]    LCD_D5
0x0008       [0]    LCD_D6
0x0008       [0]    RD0_bit
0x0008       [0]    RD5_bit
0x0008       [0]    RD6_bit
0x0008       [0]    RD7_bit
0x0008       [0]    RD4_bit
0x0008       [0]    RD1_bit
0x0008       [0]    RD2_bit
0x0008       [0]    RD3_bit
0x0009       [0]    RE1_bit
0x0009       [1]    PORTE
0x0009       [0]    RE2_bit
0x0009       [0]    RE0_bit
0x000A       [1]    PCLATH
0x000B       [0]    RBIF_bit
0x000B       [0]    INTF_bit
0x000B       [0]    PEIE_bit
0x000B       [0]    TMR0IF_bit
0x000B       [0]    RBIE_bit
0x000B       [0]    INTE_bit
0x000B       [1]    INTCON
0x000B       [0]    TMR0IE_bit
0x000B       [0]    GIE_bit
0x000B       [0]    T0IF_bit
0x000B       [0]    T0IE_bit
0x000C       [0]    ADIF_bit
0x000C       [0]    TMR2IF_bit
0x000C       [0]    RCIF_bit
0x000C       [1]    PIR1
0x000C       [0]    PSPIF_bit
0x000C       [0]    CCP1IF_bit
0x000C       [0]    SSPIF_bit
0x000C       [0]    TXIF_bit
0x000C       [0]    TMR1IF_bit
0x000D       [0]    CMIF_bit
0x000D       [0]    EEIF_bit
0x000D       [1]    PIR2
0x000D       [0]    BCLIF_bit
0x000D       [0]    CCP2IF_bit
0x000E       [1]    TMR1L
0x000F       [1]    TMR1H
0x0010       [0]    NOT_T1SYNC_bit
0x0010       [0]    TMR1ON_bit
0x0010       [1]    T1CON
0x0010       [0]    T1CKPS0_bit
0x0010       [0]    T1OSCEN_bit
0x0010       [0]    T1INSYNC_bit
0x0010       [0]    T1CKPS1_bit
0x0010       [0]    TMR1CS_bit
0x0010       [0]    T1SYNC_bit
0x0011       [1]    TMR2
0x0012       [1]    T2CON
0x0012       [0]    TOUTPS0_bit
0x0012       [0]    TOUTPS1_bit
0x0012       [0]    TOUTPS2_bit
0x0012       [0]    T2CKPS1_bit
0x0012       [0]    T2CKPS0_bit
0x0012       [0]    TMR2ON_bit
0x0012       [0]    TOUTPS3_bit
0x0013       [1]    SSPBUF
0x0014       [1]    SSPCON
0x0014       [0]    SSPM1_bit
0x0014       [0]    SSPM3_bit
0x0014       [0]    SSPM2_bit
0x0014       [0]    SSPM0_bit
0x0014       [0]    CKP_bit
0x0014       [0]    SSPOV_bit
0x0014       [0]    WCOL_bit
0x0014       [0]    SSPEN_bit
0x0015       [1]    CCPR1L
0x0015       [2]    CCPR1
0x0016       [1]    CCPR1H
0x0017       [1]    CCP1CON
0x0017       [0]    CCP1Y_bit
0x0017       [0]    CCP1X_bit
0x0017       [0]    CCP1M0_bit
0x0017       [0]    CCP1M1_bit
0x0017       [0]    CCP1M2_bit
0x0017       [0]    CCP1M3_bit
0x0018       [0]    CREN_bit
0x0018       [0]    OERR_bit
0x0018       [0]    FERR_bit
0x0018       [0]    ADDEN_bit
0x0018       [0]    RX9_bit
0x0018       [1]    RCSTA
0x0018       [0]    SPEN_bit
0x0018       [0]    RCD8_bit
0x0018       [0]    RC8_9_bit
0x0018       [0]    NOT_RC8_bit
0x0018       [0]    SREN_bit
0x0018       [0]    RC9_bit
0x0018       [0]    RX9D_bit
0x0019       [1]    TXREG
0x001A       [1]    RCREG
0x001B       [2]    CCPR2
0x001B       [1]    CCPR2L
0x001C       [1]    CCPR2H
0x001D       [0]    CCP2X_bit
0x001D       [0]    CCP2M3_bit
0x001D       [0]    CCP2M2_bit
0x001D       [1]    CCP2CON
0x001D       [0]    CCP2M1_bit
0x001D       [0]    CCP2M0_bit
0x001D       [0]    CCP2Y_bit
0x001E       [1]    ADRESH
0x001F       [0]    ADCS1_bit
0x001F       [0]    GO_DONE_bit
0x001F       [0]    ADCS0_bit
0x001F       [0]    NOT_DONE_bit
0x001F       [0]    CHS2_bit
0x001F       [0]    GO_NOT_DONE_bit
0x001F       [0]    GO_bit
0x001F       [0]    CHS0_bit
0x001F       [0]    CHS1_bit
0x001F       [0]    ADON_bit
0x001F       [1]    ADCON0
0x0022       [1]    _Counter2
0x0023       [1]    _cntManual
0x0024       [1]    _Counter
0x0025       [1]    _Command
0x0026       [1]    _CommandModified
0x0027       [1]    _cntReset
0x0028       [1]    _Tmp_Sec_X1
0x0029       [1]    _Tmp_Sec_X10
0x002A       [1]    _ch
0x002B       [3]    ?lstr5_Slave
0x002E       [2]    _WateringSec
0x0030       [1]    _Tmp_ProgStartMin
0x0031       [1]    _Tmp_ProgStartHour
0x0032       [2]    ?lstr4_Slave
0x0034       [1]    _GARDEN_ID
0x0035       [1]    _ByteID
0x0036       [1]    _FlowMin
0x0037       [1]    _ProgStartHour
0x0038       [1]    _ProgStartMin
0x0039       [1]    _FlowMax
0x003A       [1]    _Tmp_time_left_high
0x003B       [1]    _Tmp_time_left_low
0x003C       [1]    _Tmp_Hour_X10
0x003D       [1]    _Seconds
0x003E       [1]    _Tmp_Hour_X1
0x003F       [1]    _Tmp_Min_X1
0x0040       [1]    _Tmp_Min_X10
0x0041       [1]    _Minutes
0x0042       [1]    _time_left_low
0x0043       [1]    _Hours
0x0044       [1]    _time_left_high
0x0045       [2]    ?lstr2_Slave
0x0047       [1]    _Sec_X1
0x0048       [1]    _Sec_X10
0x0049       [1]    _FlowValue
0x004A       [3]    ?lstr3_Slave
0x004D       [1]    _Min_X1
0x004E       [1]    _Hour_X10
0x004F       [3]    ?lstr1_Slave
0x0052       [1]    _Hour_X1
0x0053       [1]    _Min_X10
0x0054       [0]    _UpdateLCDFlag
0x0054       [0]    _TMP_Taster2
0x0054       [0]    _CallFlag
0x0054       [0]    _RTCSetupFlag
0x0054       [0]    _TMP_Reset2
0x0054       [0]    _m_bWatering
0x0054       [0]    _TMP_Taster1
0x0054       [0]    _TMP_Reset1
0x0055       [0]    _ResetEvent
0x0055       [0]    _ManualMode
0x0055       [0]    _ManualEvent
0x0055       [0]    __Lib_Lcd_cmd_status
0x0055       [0]    _ProgramSetupFlag
0x0055       [0]    _m_bAlarm
0x0055       [0]    _m_bSystemOn
0x0056       [1]    _X1
0x0057       [1]    _X10
0x0058       [1]    ___saveSTATUS
0x0059       [1]    ___savePCLATH
0x005A       [2]    ___DoICPAddr
0x005C       [1]    buildStatusByte_status_L0
0x005C       [1]    FARG_toBcd_val
0x005C       [1]    FARG_transmit_DATA8b
0x005D       [1]    FARG_Lcd_Out_row
0x005D       [1]    FARG_LcdOutDuration_row
0x005D       [1]    FARG_LcdOut3_row
0x005E       [1]    FARG_Lcd_Out_column
0x005E       [1]    FARG_LcdOutDuration_col
0x005E       [1]    FARG_LcdOut3_col
0x005F       [1]    FARG_Lcd_Out_text
0x005F       [1]    FARG_LcdOut3_value
0x005F       [2]    FARG_LcdOutDuration_seconds
0x0060       [1]    LcdOut3_hundreds_L0
0x0060       [1]    Lcd_Out_i_L0
0x0061       [1]    LcdOutDuration_minutes_L0
0x0061       [1]    LcdOut3_tens_L0
0x0062       [1]    FARG_Lcd_Chr_CP_out_char
0x0062       [1]    FARG_LcdOut2_row
0x0063       [1]    FARG_LcdOut2_col
0x0064       [1]    FARG_LcdOut2_value
0x0065       [1]    LcdOut2_tens_L0
0x0066       [1]    FARG_Lcd_Chr_row
0x0067       [1]    FARG_Lcd_Chr_column
0x0068       [1]    FARG_Lcd_Chr_out_char
0x0069       [1]    FARG_Lcd_Cmd_out_char
0x006A       [1]    FARG_ConvertTime_ch
0x0070       [1]    R0
0x0071       [1]    R1
0x0072       [1]    R2
0x0073       [1]    R3
0x0074       [1]    R4
0x0075       [1]    R5
0x0076       [1]    R6
0x0077       [1]    R7
0x0078       [1]    R8
0x0079       [1]    R9
0x007A       [1]    R10
0x007B       [1]    R11
0x007C       [1]    R12
0x007D       [1]    R13
0x007E       [1]    R14
0x007F       [1]    R15
0x0081       [0]    PS1_bit
0x0081       [0]    PSA_bit
0x0081       [0]    T0SE_bit
0x0081       [0]    PS0_bit
0x0081       [0]    NOT_RBPU_bit
0x0081       [1]    OPTION_REG
0x0081       [0]    T0CS_bit
0x0081       [0]    PS2_bit
0x0081       [0]    INTEDG_bit
0x0085       [1]    TRISA
0x0085       [0]    TRISA4_bit
0x0085       [0]    TRISA5_bit
0x0085       [0]    TRISA3_bit
0x0085       [0]    TRISA1_bit
0x0085       [0]    TRISA2_bit
0x0085       [0]    TRISA0_bit
0x0086       [0]    TRISB6_bit
0x0086       [0]    TRISB5_bit
0x0086       [1]    TRISB
0x0086       [0]    TRISB7_bit
0x0086       [0]    TRISB4_bit
0x0086       [0]    TRISB1_bit
0x0086       [0]    TRISB0_bit
0x0086       [0]    TRISB3_bit
0x0086       [0]    TRISB2_bit
0x0087       [0]    TRISC5_bit
0x0087       [0]    TRISC4_bit
0x0087       [0]    TRISC6_bit
0x0087       [1]    TRISC
0x0087       [0]    TRISC7_bit
0x0087       [0]    TRISC3_bit
0x0087       [0]    LCD_RS_Direction
0x0087       [0]    LCD_EN_Direction
0x0087       [0]    TRISC0_bit
0x0087       [0]    TRISC2_bit
0x0087       [0]    TRISC1_bit
0x0088       [1]    TRISD
0x0088       [0]    TRISD7_bit
0x0088       [0]    TRISD6_bit
0x0088       [0]    TRISD5_bit
0x0088       [0]    LCD_D7_Direction
0x0088       [0]    LCD_D4_Direction
0x0088       [0]    LCD_D5_Direction
0x0088       [0]    LCD_D6_Direction
0x0088       [0]    TRISD1_bit
0x0088       [0]    TRISD0_bit
0x0088       [0]    TRISD2_bit
0x0088       [0]    TRISD4_bit
0x0088       [0]    TRISD3_bit
0x0089       [0]    IBOV_TRISE_bit
0x0089       [0]    PSPMODE_TRISE_bit
0x0089       [0]    TRISE2_bit
0x0089       [0]    TRISE0_bit
0x0089       [0]    IBF_TRISE_bit
0x0089       [0]    OBF_TRISE_bit
0x0089       [1]    TRISE
0x0089       [0]    OBF_bit
0x0089       [0]    IBF_bit
0x0089       [0]    IBOV_bit
0x0089       [0]    TRISE1_bit
0x0089       [0]    PSPMODE_bit
0x008C       [0]    SSPIE_bit
0x008C       [0]    TXIE_bit
0x008C       [0]    CCP1IE_bit
0x008C       [0]    TMR1IE_bit
0x008C       [0]    TMR2IE_bit
0x008C       [0]    PSPIE_bit
0x008C       [1]    PIE1
0x008C       [0]    RCIE_bit
0x008C       [0]    ADIE_bit
0x008D       [0]    EEIE_bit
0x008D       [0]    CMIE_bit
0x008D       [1]    PIE2
0x008D       [0]    CCP2IE_bit
0x008D       [0]    BCLIE_bit
0x008E       [0]    NOT_POR_bit
0x008E       [0]    NOT_BOR_bit
0x008E       [0]    NOT_BO_bit
0x008E       [1]    PCON
0x0091       [1]    SSPCON2
0x0091       [0]    RCEN_bit
0x0091       [0]    ACKEN_bit
0x0091       [0]    PEN_bit
0x0091       [0]    SEN_bit
0x0091       [0]    RSEN_bit
0x0091       [0]    GCEN_bit
0x0091       [0]    ACKSTAT_bit
0x0091       [0]    ACKDT_bit
0x0092       [1]    PR2
0x0093       [1]    SSPADD
0x0094       [1]    SSPSTAT
0x0094       [0]    SMP_bit
0x0094       [0]    CKE_bit
0x0094       [0]    R_bit
0x0094       [0]    I2C_READ_bit
0x0094       [0]    D_bit
0x0094       [0]    D_NOT_A_bit
0x0094       [0]    UA_bit
0x0094       [0]    BF_bit
0x0094       [0]    R_NOT_W_bit
0x0094       [0]    P_bit
0x0094       [0]    S_bit
0x0094       [0]    I2C_START__bit
0x0094       [0]    R_W_bit
0x0094       [0]    NOT_ADDRESS_bit
0x0094       [0]    D_A_bit
0x0094       [0]    DATA_ADDRESS_bit
0x0094       [0]    READ_WRITE_bit
0x0094       [0]    NOT_WRITE_bit
0x0094       [0]    I2C_DATA_bit
0x0094       [0]    I2C_STOP__bit
0x0094       [0]    NOT_W_bit
0x0094       [0]    NOT_A_bit
0x0098       [0]    TX8_9_bit
0x0098       [1]    TXSTA
0x0098       [0]    TX9_bit
0x0098       [0]    TXEN_bit
0x0098       [0]    CSRC_bit
0x0098       [0]    TRMT_bit
0x0098       [0]    TX9D_bit
0x0098       [0]    TXD8_bit
0x0098       [0]    NOT_TX8_bit
0x0098       [0]    BRGH_bit
0x0098       [0]    SYNC_bit
0x0099       [1]    SPBRG
0x009C       [0]    C2OUT_bit
0x009C       [0]    CM0_bit
0x009C       [0]    CM2_bit
0x009C       [1]    CMCON
0x009C       [0]    CM1_bit
0x009C       [0]    C1OUT_bit
0x009C       [0]    C2INV_bit
0x009C       [0]    C1INV_bit
0x009C       [0]    CIS_bit
0x009D       [0]    CVROE_bit
0x009D       [0]    CVREN_bit
0x009D       [1]    CVRCON
0x009D       [0]    CVRR_bit
0x009D       [0]    CVR2_bit
0x009D       [0]    CVR3_bit
0x009D       [0]    CVR1_bit
0x009D       [0]    CVR0_bit
0x009E       [1]    ADRESL
0x009F       [0]    PCFG2_bit
0x009F       [0]    PCFG3_bit
0x009F       [0]    PCFG1_bit
0x009F       [0]    ADCS2_bit
0x009F       [1]    ADCON1
0x009F       [0]    PCFG0_bit
0x009F       [0]    ADFM_bit
0x010C       [1]    EEDATA
0x010D       [1]    EEADR
0x010E       [1]    EEDATH
0x010F       [1]    EEADRH
0x018C       [0]    WRERR_bit
0x018C       [0]    EEPGD_bit
0x018C       [0]    RD_bit
0x018C       [1]    EECON1
0x018C       [0]    WREN_bit
0x018C       [0]    WR_bit
0x018D       [1]    EECON2
//** Constants locations ** 
//ADDRESS    SIZE    CONSTANT
//----------------------------------------------
0x059B       [1]    ?ICS_Counter2
0x059C       [1]    ?ICS_cntManual
0x059D       [1]    ?ICS_Counter
0x059E       [1]    ?ICS_Command
0x059F       [1]    ?ICS_CommandModified
0x05A0       [1]    ?ICS_cntReset
0x05A1       [1]    ?ICS_Tmp_Sec_X1
0x05A2       [1]    ?ICS_Tmp_Sec_X10
0x05A3       [1]    ?ICS_ch
0x05A4       [3]    ?ICS?lstr5_Slave
0x05A7       [2]    ?ICS_WateringSec
0x05A9       [1]    ?ICS_Tmp_ProgStartMin
0x05AA       [1]    ?ICS_Tmp_ProgStartHour
0x05AB       [2]    ?ICS?lstr4_Slave
0x05AD       [1]    ?ICS_GARDEN_ID
0x05AE       [1]    ?ICS_ByteID
0x05AF       [1]    ?ICS_FlowMin
0x05B0       [1]    ?ICS_ProgStartHour
0x05B1       [1]    ?ICS_ProgStartMin
0x05B2       [1]    ?ICS_FlowMax
0x05B3       [1]    ?ICS_Tmp_time_left_high
0x05B4       [1]    ?ICS_Tmp_time_left_low
0x05B5       [1]    ?ICS_Tmp_Hour_X10
0x05B6       [1]    ?ICS_Seconds
0x05B7       [1]    ?ICS_Tmp_Hour_X1
0x05B8       [1]    ?ICS_Tmp_Min_X1
0x05B9       [1]    ?ICS_Tmp_Min_X10
0x05BA       [1]    ?ICS_Minutes
0x05BB       [1]    ?ICS_time_left_low
0x05BC       [1]    ?ICS_Hours
0x05BD       [1]    ?ICS_time_left_high
0x05BE       [2]    ?ICS?lstr2_Slave
0x05C0       [1]    ?ICS_Sec_X1
0x05C1       [1]    ?ICS_Sec_X10
0x05C2       [1]    ?ICS_FlowValue
0x05C3       [3]    ?ICS?lstr3_Slave
0x05C6       [1]    ?ICS_Min_X1
0x05C7       [1]    ?ICS_Hour_X10
0x05C8       [3]    ?ICS?lstr1_Slave
0x05CB       [1]    ?ICS_Hour_X1
0x05CC       [1]    ?ICS_Min_X10
//** Label List: ** 
//----------------------------------------------
  L_ReadADC0
  L_ReadADC1
  L_transmit2
  L_transmit3
  L_ProcessInputs4
  L_ProcessInputs5
  L_ProcessInputs6
  L_ProcessInputs7
  L_ProcessInputs8
  L_ProcessInputs9
  L_ProcessInputs10
  L_ProcessInputs11
  L_ProcessInputs12
  L_ProcessInputs13
  L_ProcessInputs14
  L_ProcessInputs15
  L_buildStatusByte16
  L_buildStatusByte17
  L_buildStatusByte18
  L_buildStatusByte19
  L_toBcd20
  L_toBcd21
  L_main22
  L_main23
  L_main24
  L_main25
  L_main26
  L_main27
  L_main28
  L_main29
  L_main30
  L_main31
  L_main32
  L_main33
  L_main34
  L_main35
  L_main36
  L_main37
  L_main38
  L_main39
  L_main40
  L_main41
  L_main42
  L_main43
  L_main44
  L_main45
  L_main46
  L_IncrementTime47
  L_IncrementTime48
  L_IncrementTime49
  L_IncrementTime50
  L_IncrementTime51
  L_IncrementTime52
  L_IncrementTime53
  L_IncrementTime54
  L_IncrementTime55
  L_IncrementTime56
  L_IncrementTime57
  L_IncrementTime58
  L_IncrementTime59
  L_IncrementTime60
  L_IncrementTime61
  L_IncrementTime62
  L_ConvertTime63
  L_ConvertTime64
  L_interrupt65
  L_interrupt66
  L_interrupt67
  L_interrupt68
  L_interrupt69
  L_interrupt70
  L_interrupt71
  L_interrupt72
  L_interrupt73
  L_interrupt74
  L_interrupt75
  L_interrupt76
  L_interrupt77
  L_interrupt78
  L_interrupt79
  L_interrupt80
  L_interrupt81
  L_interrupt82
  L_interrupt83
  L_interrupt84
  L_interrupt85
  L_interrupt86
  L_interrupt87
  L_interrupt88
  L_interrupt89
  L_interrupt90
  L_interrupt91
  L_interrupt92
  L_interrupt93
  L_interrupt94
  L_interrupt95
  L_interrupt96
  L_interrupt97
  L_interrupt98
  L_LcdOut299
  L_LcdOut2100
  L_LcdOutDuration101
  L_LcdOutDuration102
  L_LcdOutDuration103
  L_LcdOutDuration104
  L_LcdOutDuration105
  L_LcdOut3106
  L_LcdOut3107
  L_LcdOut3108
  L_LcdOut3109
  L_UpdateLCD110
  L_UpdateLCD111
  L_UpdateLCD112
  L_UpdateLCD113
  L__ProcessInputs114
  L__ProcessInputs115
  L__main116
  L__main117
  L__main118
  L__IncrementTime119
  L__IncrementTime120
  L__interrupt121
  L__interrupt122
  L__interrupt123
  L__interrupt124
  L__LcdOutDuration125
  _init_variables
  _ReadADC
  _transmit
  _DecodeTime
  _ProcessInputs
  _buildStatusByte
  _toBcd
  _main
  L__main126
  L__main127
  _IncrementTime
  _ConvertTime
  _interrupt
  L__interrupt128
  _LcdOut2
  _LcdOutDuration
  L__LcdOutDuration129
  L__LcdOutDuration130
  _LcdOut3
  _UpdateLCD
  _init
  L_Delay_10us0
  L_Delay_22us1
  L_Delay_50us2
  L_Delay_80us3
  L_Delay_500us4
  L_Delay_5500us5
  L_Delay_1ms6
  L_Delay_5ms7
  L_Delay_8ms8
  L_Delay_10ms9
  L_Delay_100ms10
  L_Delay_1sec11
  L_boot16_Delay_5ms12
  L_Delay_Cyc13
  L_Delay_Cyc14
  L_VDelay_ms15
  L_VDelay_ms16
  L_VDelay_ms17
  L_VDelay_Advanced_ms18
  L_VDelay_Advanced_ms19
  L_VDelay_Advanced_ms20
  _Get_Fosc_kHz
  _Delay_1us
  _Delay_10us
  _Delay_22us
  _Delay_50us
  _Delay_80us
  _Delay_500us
  _Delay_5500us
  _Delay_1ms
  _Delay_5ms
  _Delay_8ms
  _Delay_10ms
  _Delay_100ms
  _Delay_1sec
  _boot16_Delay_5ms
  _Delay_Cyc
  _VDelay_ms
  L__VDelay_ms21
  L__VDelay_ms22
  L__VDelay_ms23
  _VDelay_Advanced_ms
  L__VDelay_Advanced_ms24
  L__VDelay_Advanced_ms25
  L__VDelay_Advanced_ms26
  L_Lcd_Cmd0
  L_Lcd_Cmd1
  L_Lcd_Out_CP2
  L_Lcd_Out_CP3
  L_Lcd_Chr4
  L_Lcd_Chr5
  L_Lcd_Chr6
  L_Lcd_Chr7
  L_Lcd_Chr8
  L_Lcd_Chr9
  L_Lcd_Chr10
  L_Lcd_Out11
  L_Lcd_Out12
  L_Lcd_Out13
  L_Lcd_Out14
  L_Lcd_Out15
  L_Lcd_Out16
  L_Lcd_Out17
  L_Lcd_Out18
  L_Lcd_Out19
  L_end_Lcd_Cmd
  _Lcd_Cmd
  L__Lcd_Cmd21
  L__Lcd_Cmd22
  L__Lcd_Cmd23
  L__Lcd_Cmd24
  L__Lcd_Cmd25
  L__Lcd_Cmd26
  L__Lcd_Cmd27
  L__Lcd_Cmd28
  L__Lcd_Cmd29
  L__Lcd_Cmd30
  L__Lcd_Cmd31
  L__Lcd_Cmd32
  L__Lcd_Cmd33
  L__Lcd_Cmd34
  L__Lcd_Cmd35
  L__Lcd_Cmd36
  L__Lcd_Cmd37
  L__Lcd_Cmd38
  L__Lcd_Cmd39
  L__Lcd_Cmd40
  L_end_Lcd_Chr_CP
  _Lcd_Chr_CP
  L_end_Lcd_Out_CP
  _Lcd_Out_CP
  L_end_Lcd_Chr
  _Lcd_Chr
  L_end_Lcd_Init
  _Lcd_Init
  L_end_Lcd_Out
  _Lcd_Out
  L_Div_16x16_S0
  L_Div_16x16_S1
  LOOPS3232A
  SADD22LA
  SOK22LA
  SADD22L8
  SOK22L8
  LOOPS3232B
  SADD22LB
  SOK22LB
  SADD22L16
  SOK22L16
  LOOPS3232C
  SADD22LC
  SOK22LC
  SADD22L24
  SOK22L24
  LOOPS3232D
  SADD22LD
  SOK22LD
  SOK22L
  L_Div_32x32_S6
  L_Div_32x32_S7
  L_Div_32x32_S8
  L_Div_32x32_S9
  FXD3232S
  END_ALL
  CA3232S
  C3232SX
  C3232SX1
  C3232S
  C3232S2
  C3232SX4
  C3232SOK
  C3232SX3
  C3232SX2
  avoid_comfrem
  LOOPU3232A
  UADD22LA
  UOK22LA
  UADD22L8
  UOK22L8
  LOOPU3232B
  UADD22LB
  UOK22LB
  UADD22L16
  UOK22L16
  LOOPU3232C
  UADD22LC
  UOK22LC
  UADD22L24
  UOK22L24
  LOOPU3232D
  UADD22LD
  UOK22LD
  UOK22L
  _NEXT
  _EXIT2
  _LOOP
  _EXIT1
  _IF_FIRST
  _IF_SECOND
  _INVERCE_FIRST
  _MULT
  _INBERSE_SECOND
  _EXIT
  L_end_Mul_8x8_U
  _Mul_8x8_U
  L_end_Mul_16x16_U
  _Mul_16x16_U
  L_end_Div_8x8_U
  _Div_8x8_U
  L_end_Div_16x16_U
  _Div_16x16_U
  L_end_Mul_8x8_S
  _Mul_8x8_S
  L_end_Mul_16x16_S
  _Mul_16x16_S
  L_end_Div_16x16_S_L
  _Div_16x16_S_L
  L_end_Div_16x16_S
  _Div_16x16_S
  L_end_Div_8x8_S
  _Div_8x8_S
  L_end_SDIV3232L
  _SDIV3232L
  L_end_COMFREM
  _COMFREM
  L_end_Div_32x32_S
  _Div_32x32_S
  L_end_Div_32x32_U
  _Div_32x32_U
  L_end_Mul_32x32_U
  _Mul_32x32_U
  L_end_Mul_32x32_S
  _Mul_32x32_S
  L_loopCA2AWs
  L_CA2AWend
  _CCA2AW_Loop1
  L_loopCS2Ss
  L_CS2Send
  _CCS2S_Loop1
  L_CCS2Send
  L_loopFZinSWs
  L_FZinSend
  _CC2D_Loop1
  L_end_____DoICP
  _____DoICP
  L_end_____DoIFC
  _____DoIFC
  L_end___CA2AW
  ___CA2AW
  L_end___CCA2AW
  ___CCA2AW
  L_end___CS2S
  ___CS2S
  L_end___CCS2S
  ___CCS2S
  L_end___FZinS
  ___FZinS
  L_end___CC2DW
  ___CC2DW
  L_end_Swap
  _Swap
  L_UART1_Init0
  L_UART1_Init1
  L_UART1_Read2
  L_UART1_Write3
  L_UART1_Write4
  L_UART1_Write_Text5
  L_UART1_Write_Text6
  L_UART1_Read_Text7
  L_UART1_Read_Text8
  L_UART1_Read_Text9
  L_UART1_Read_Text10
  L_UART1_Read_Text11
  L_UART1_Read_Text12
  L_UART1_Read_Text13
  L_UART1_Read_Text14
  L_UART1_Read_Text15
  L_end_UART1_Init
  _UART1_Init
  L_end_UART1_Data_Ready
  _UART1_Data_Ready
  L_end_UART1_Read
  _UART1_Read
  L_end_UART1_Tx_Idle
  _UART1_Tx_Idle
  L_end_UART1_Write
  _UART1_Write
  L_end_UART1_Write_Text
  _UART1_Write_Text
  L_end_UART1_Read_Text
  _UART1_Read_Text
  L_ReadADC0
  L_ReadADC1
  L_transmit2
  L_transmit3
  L_ProcessInputs4
  L_ProcessInputs5
  L_ProcessInputs6
  L_ProcessInputs7
  L_ProcessInputs8
  L_ProcessInputs9
  L_ProcessInputs10
  L_ProcessInputs11
  L_ProcessInputs12
  L_ProcessInputs13
  L_ProcessInputs14
  L_ProcessInputs15
  L_buildStatusByte16
  L_buildStatusByte17
  L_buildStatusByte18
  L_buildStatusByte19
  L_toBcd20
  L_toBcd21
  L_main22
  L_main23
  L_main24
  L_main25
  L_main26
  L_main27
  L_main28
  L_main29
  L_main30
  L_main31
  L_main32
  L_main33
  L_main34
  L_main35
  L_main36
  L_main37
  L_main38
  L_main39
  L_main40
  L_main41
  L_main42
  L_main43
  L_main44
  L_main45
  L_main46
  L_IncrementTime47
  L_IncrementTime48
  L_IncrementTime49
  L_IncrementTime50
  L_IncrementTime51
  L_IncrementTime52
  L_IncrementTime53
  L_IncrementTime54
  L_IncrementTime55
  L_IncrementTime56
  L_IncrementTime57
  L_IncrementTime58
  L_IncrementTime59
  L_IncrementTime60
  L_IncrementTime61
  L_IncrementTime62
  L_ConvertTime63
  L_ConvertTime64
  L_interrupt65
  L_interrupt66
  L_interrupt67
  L_interrupt68
  L_interrupt69
  L_interrupt70
  L_interrupt71
  L_interrupt72
  L_interrupt73
  L_interrupt74
  L_interrupt75
  L_interrupt76
  L_interrupt77
  L_interrupt78
  L_interrupt79
  L_interrupt80
  L_interrupt81
  L_interrupt82
  L_interrupt83
  L_interrupt84
  L_interrupt85
  L_interrupt86
  L_interrupt87
  L_interrupt88
  L_interrupt89
  L_interrupt90
  L_interrupt91
  L_interrupt92
  L_interrupt93
  L_interrupt94
  L_interrupt95
  L_interrupt96
  L_interrupt97
  L_interrupt98
  L_LcdOut299
  L_LcdOut2100
  L_LcdOutDuration101
  L_LcdOutDuration102
  L_LcdOutDuration103
  L_LcdOutDuration104
  L_LcdOutDuration105
  L_LcdOut3106
  L_LcdOut3107
  L_LcdOut3108
  L_LcdOut3109
  L_UpdateLCD110
  L_UpdateLCD111
  L_UpdateLCD112
  L_UpdateLCD113
  L__ProcessInputs114
  L__ProcessInputs115
  L__main116
  L__main117
  L__main118
  L__IncrementTime119
  L__IncrementTime120
  L__interrupt121
  L__interrupt122
  L__interrupt123
  L__interrupt124
  L__LcdOutDuration125
  _init_variables
  _ReadADC
  _transmit
  _DecodeTime
  _ProcessInputs
  _buildStatusByte
  _toBcd
  _main
  L__main126
  L__main127
  _IncrementTime
  _ConvertTime
  _interrupt
  L__interrupt128
  _LcdOut2
  _LcdOutDuration
  L__LcdOutDuration129
  L__LcdOutDuration130
  _LcdOut3
  _UpdateLCD
  _init
